ISO-10303-21;
HEADER;
FILE_DESCRIPTION(('FreeCAD Model'),'2;1');
FILE_NAME('Open CASCADE Shape Model','2026-09-21T09:09:56',(''),(''),
  'Open CASCADE STEP processor 7.8','FreeCAD','Unknown');
FILE_SCHEMA(('AUTOMOTIVE_DESIGN { 1 0 10303 214 1 1 1 1 }'));
ENDSEC;
DATA;
#1 = APPLICATION_PROTOCOL_DEFINITION('international standard',
  'automotive_design',2000,#2);
#2 = APPLICATION_CONTEXT(
  'core data for automotive mechanical design processes');
#3 = SHAPE_DEFINITION_REPRESENTATION(#4,#10);
#4 = PRODUCT_DEFINITION_SHAPE('','',#5);
#5 = PRODUCT_DEFINITION('design','',#6,#9);
#6 = PRODUCT_DEFINITION_FORMATION('','',#7);
#7 = PRODUCT('Sign','Sign','',(#8));
#8 = PRODUCT_CONTEXT('',#2,'mechanical');
#9 = PRODUCT_DEFINITION_CONTEXT('part definition',#2,'design');
#10 = ADVANCED_BREP_SHAPE_REPRESENTATION('',(#11,#15),#2381);
#11 = AXIS2_PLACEMENT_3D('',#12,#13,#14);
#12 = CARTESIAN_POINT('',(0.,0.,0.));
#13 = DIRECTION('',(0.,0.,1.));
#14 = DIRECTION('',(1.,0.,-0.));
#15 = MANIFOLD_SOLID_BREP('',#16);
#16 = CLOSED_SHELL('',(#17,#57,#90,#123,#244,#268,#292,#317,#342,#359,
    #391,#415,#440,#464,#489,#513,#538,#555,#641,#672,#697,#721,#746,
    #770,#795,#819,#837,#1223,#1255,#1279,#1303,#1321,#1352,#1376,#1400,
    #1417,#1448,#1472,#1496,#1521,#1546,#1570,#1594,#1611,#1642,#1666,
    #1691,#1715,#1739,#1763,#1787,#1811,#1835,#1860,#1885,#1909,#1933,
    #1957,#1982,#2006,#2030,#2054,#2078,#2102,#2127,#2152,#2176,#2200,
    #2224,#2248,#2272,#2289,#2301,#2313,#2329,#2365));
#17 = ADVANCED_FACE('',(#18),#52,.F.);
#18 = FACE_BOUND('',#19,.F.);
#19 = EDGE_LOOP('',(#20,#30,#38,#46));
#20 = ORIENTED_EDGE('',*,*,#21,.T.);
#21 = EDGE_CURVE('',#22,#24,#26,.T.);
#22 = VERTEX_POINT('',#23);
#23 = CARTESIAN_POINT('',(5.722395573189,-51.39108306896,0.));
#24 = VERTEX_POINT('',#25);
#25 = CARTESIAN_POINT('',(5.722395573189,-51.39108306896,3.));
#26 = LINE('',#27,#28);
#27 = CARTESIAN_POINT('',(5.722395573189,-51.39108306896,0.));
#28 = VECTOR('',#29,1.);
#29 = DIRECTION('',(0.,0.,1.));
#30 = ORIENTED_EDGE('',*,*,#31,.T.);
#31 = EDGE_CURVE('',#24,#32,#34,.T.);
#32 = VERTEX_POINT('',#33);
#33 = CARTESIAN_POINT('',(47.277774965517,-51.39108306896,3.));
#34 = LINE('',#35,#36);
#35 = CARTESIAN_POINT('',(5.722395573189,-51.39108306896,3.));
#36 = VECTOR('',#37,1.);
#37 = DIRECTION('',(1.,0.,0.));
#38 = ORIENTED_EDGE('',*,*,#39,.F.);
#39 = EDGE_CURVE('',#40,#32,#42,.T.);
#40 = VERTEX_POINT('',#41);
#41 = CARTESIAN_POINT('',(47.277774965517,-51.39108306896,0.));
#42 = LINE('',#43,#44);
#43 = CARTESIAN_POINT('',(47.277774965517,-51.39108306896,0.));
#44 = VECTOR('',#45,1.);
#45 = DIRECTION('',(0.,0.,1.));
#46 = ORIENTED_EDGE('',*,*,#47,.F.);
#47 = EDGE_CURVE('',#22,#40,#48,.T.);
#48 = LINE('',#49,#50);
#49 = CARTESIAN_POINT('',(5.722395573189,-51.39108306896,0.));
#50 = VECTOR('',#51,1.);
#51 = DIRECTION('',(1.,0.,0.));
#52 = PLANE('',#53);
#53 = AXIS2_PLACEMENT_3D('',#54,#55,#56);
#54 = CARTESIAN_POINT('',(5.722395573189,-51.39108306896,0.));
#55 = DIRECTION('',(0.,1.,0.));
#56 = DIRECTION('',(1.,0.,0.));
#57 = ADVANCED_FACE('',(#58),#85,.T.);
#58 = FACE_BOUND('',#59,.F.);
#59 = EDGE_LOOP('',(#60,#70,#77,#78));
#60 = ORIENTED_EDGE('',*,*,#61,.T.);
#61 = EDGE_CURVE('',#62,#64,#66,.T.);
#62 = VERTEX_POINT('',#63);
#63 = CARTESIAN_POINT('',(-2.30106,-43.36762749577,0.));
#64 = VERTEX_POINT('',#65);
#65 = CARTESIAN_POINT('',(-2.30106,-43.36762749577,3.));
#66 = LINE('',#67,#68);
#67 = CARTESIAN_POINT('',(-2.30106,-43.36762749577,0.));
#68 = VECTOR('',#69,1.);
#69 = DIRECTION('',(0.,0.,1.));
#70 = ORIENTED_EDGE('',*,*,#71,.T.);
#71 = EDGE_CURVE('',#64,#24,#72,.T.);
#72 = CIRCLE('',#73,8.023455573189);
#73 = AXIS2_PLACEMENT_3D('',#74,#75,#76);
#74 = CARTESIAN_POINT('',(5.722395573189,-43.36762749577,3.));
#75 = DIRECTION('',(0.,0.,1.));
#76 = DIRECTION('',(1.,0.,0.));
#77 = ORIENTED_EDGE('',*,*,#21,.F.);
#78 = ORIENTED_EDGE('',*,*,#79,.F.);
#79 = EDGE_CURVE('',#62,#22,#80,.T.);
#80 = CIRCLE('',#81,8.023455573189);
#81 = AXIS2_PLACEMENT_3D('',#82,#83,#84);
#82 = CARTESIAN_POINT('',(5.722395573189,-43.36762749577,0.));
#83 = DIRECTION('',(0.,0.,1.));
#84 = DIRECTION('',(1.,0.,0.));
#85 = CYLINDRICAL_SURFACE('',#86,8.023455573189);
#86 = AXIS2_PLACEMENT_3D('',#87,#88,#89);
#87 = CARTESIAN_POINT('',(5.722395573189,-43.36762749577,0.));
#88 = DIRECTION('',(-0.,-0.,-1.));
#89 = DIRECTION('',(1.,0.,0.));
#90 = ADVANCED_FACE('',(#91),#118,.T.);
#91 = FACE_BOUND('',#92,.F.);
#92 = EDGE_LOOP('',(#93,#94,#103,#111));
#93 = ORIENTED_EDGE('',*,*,#39,.T.);
#94 = ORIENTED_EDGE('',*,*,#95,.T.);
#95 = EDGE_CURVE('',#32,#96,#98,.T.);
#96 = VERTEX_POINT('',#97);
#97 = CARTESIAN_POINT('',(55.301230538706,-43.36762749577,3.));
#98 = CIRCLE('',#99,8.023455573189);
#99 = AXIS2_PLACEMENT_3D('',#100,#101,#102);
#100 = CARTESIAN_POINT('',(47.277774965517,-43.36762749577,3.));
#101 = DIRECTION('',(0.,0.,1.));
#102 = DIRECTION('',(1.,0.,0.));
#103 = ORIENTED_EDGE('',*,*,#104,.F.);
#104 = EDGE_CURVE('',#105,#96,#107,.T.);
#105 = VERTEX_POINT('',#106);
#106 = CARTESIAN_POINT('',(55.301230538706,-43.36762749577,0.));
#107 = LINE('',#108,#109);
#108 = CARTESIAN_POINT('',(55.301230538706,-43.36762749577,0.));
#109 = VECTOR('',#110,1.);
#110 = DIRECTION('',(0.,0.,1.));
#111 = ORIENTED_EDGE('',*,*,#112,.F.);
#112 = EDGE_CURVE('',#40,#105,#113,.T.);
#113 = CIRCLE('',#114,8.023455573189);
#114 = AXIS2_PLACEMENT_3D('',#115,#116,#117);
#115 = CARTESIAN_POINT('',(47.277774965517,-43.36762749577,0.));
#116 = DIRECTION('',(0.,0.,1.));
#117 = DIRECTION('',(1.,0.,0.));
#118 = CYLINDRICAL_SURFACE('',#119,8.023455573189);
#119 = AXIS2_PLACEMENT_3D('',#120,#121,#122);
#120 = CARTESIAN_POINT('',(47.277774965517,-43.36762749577,0.));
#121 = DIRECTION('',(-0.,-0.,-1.));
#122 = DIRECTION('',(1.,0.,0.));
#123 = ADVANCED_FACE('',(#124,#169),#239,.T.);
#124 = FACE_BOUND('',#125,.T.);
#125 = EDGE_LOOP('',(#126,#127,#128,#136,#145,#153,#162,#168));
#126 = ORIENTED_EDGE('',*,*,#31,.T.);
#127 = ORIENTED_EDGE('',*,*,#95,.T.);
#128 = ORIENTED_EDGE('',*,*,#129,.T.);
#129 = EDGE_CURVE('',#96,#130,#132,.T.);
#130 = VERTEX_POINT('',#131);
#131 = CARTESIAN_POINT('',(55.301230538706,-13.3015,3.));
#132 = LINE('',#133,#134);
#133 = CARTESIAN_POINT('',(55.301230538706,-43.36762749577,3.));
#134 = VECTOR('',#135,1.);
#135 = DIRECTION('',(0.,1.,0.));
#136 = ORIENTED_EDGE('',*,*,#137,.T.);
#137 = EDGE_CURVE('',#130,#138,#140,.T.);
#138 = VERTEX_POINT('',#139);
#139 = CARTESIAN_POINT('',(47.277774965517,-5.278044426811,3.));
#140 = CIRCLE('',#141,8.023455573189);
#141 = AXIS2_PLACEMENT_3D('',#142,#143,#144);
#142 = CARTESIAN_POINT('',(47.277774965517,-13.3015,3.));
#143 = DIRECTION('',(0.,0.,1.));
#144 = DIRECTION('',(1.,0.,0.));
#145 = ORIENTED_EDGE('',*,*,#146,.T.);
#146 = EDGE_CURVE('',#138,#147,#149,.T.);
#147 = VERTEX_POINT('',#148);
#148 = CARTESIAN_POINT('',(5.722395573189,-5.278044426811,3.));
#149 = LINE('',#150,#151);
#150 = CARTESIAN_POINT('',(47.277774965517,-5.278044426811,3.));
#151 = VECTOR('',#152,1.);
#152 = DIRECTION('',(-1.,0.,0.));
#153 = ORIENTED_EDGE('',*,*,#154,.T.);
#154 = EDGE_CURVE('',#147,#155,#157,.T.);
#155 = VERTEX_POINT('',#156);
#156 = CARTESIAN_POINT('',(-2.30106,-13.3015,3.));
#157 = CIRCLE('',#158,8.023455573189);
#158 = AXIS2_PLACEMENT_3D('',#159,#160,#161);
#159 = CARTESIAN_POINT('',(5.722395573189,-13.3015,3.));
#160 = DIRECTION('',(0.,0.,1.));
#161 = DIRECTION('',(1.,0.,0.));
#162 = ORIENTED_EDGE('',*,*,#163,.T.);
#163 = EDGE_CURVE('',#155,#64,#164,.T.);
#164 = LINE('',#165,#166);
#165 = CARTESIAN_POINT('',(-2.30106,-13.3015,3.));
#166 = VECTOR('',#167,1.);
#167 = DIRECTION('',(0.,-1.,0.));
#168 = ORIENTED_EDGE('',*,*,#71,.T.);
#169 = FACE_BOUND('',#170,.T.);
#170 = EDGE_LOOP('',(#171,#182,#190,#199,#207,#216,#224,#233));
#171 = ORIENTED_EDGE('',*,*,#172,.T.);
#172 = EDGE_CURVE('',#173,#175,#177,.T.);
#173 = VERTEX_POINT('',#174);
#174 = CARTESIAN_POINT('',(-0.680477213406,-13.3015,3.));
#175 = VERTEX_POINT('',#176);
#176 = CARTESIAN_POINT('',(5.722395573189,-6.898627213406,3.));
#177 = CIRCLE('',#178,6.402872786594);
#178 = AXIS2_PLACEMENT_3D('',#179,#180,#181);
#179 = CARTESIAN_POINT('',(5.722395573189,-13.3015,3.));
#180 = DIRECTION('',(0.,0.,-1.));
#181 = DIRECTION('',(1.,0.,0.));
#182 = ORIENTED_EDGE('',*,*,#183,.T.);
#183 = EDGE_CURVE('',#175,#184,#186,.T.);
#184 = VERTEX_POINT('',#185);
#185 = CARTESIAN_POINT('',(47.277774965517,-6.898627213406,3.));
#186 = LINE('',#187,#188);
#187 = CARTESIAN_POINT('',(36.888930117435,-6.898627213406,3.));
#188 = VECTOR('',#189,1.);
#189 = DIRECTION('',(1.,0.,0.));
#190 = ORIENTED_EDGE('',*,*,#191,.T.);
#191 = EDGE_CURVE('',#184,#192,#194,.T.);
#192 = VERTEX_POINT('',#193);
#193 = CARTESIAN_POINT('',(53.680647752111,-13.3015,3.));
#194 = CIRCLE('',#195,6.402872786594);
#195 = AXIS2_PLACEMENT_3D('',#196,#197,#198);
#196 = CARTESIAN_POINT('',(47.277774965517,-13.3015,3.));
#197 = DIRECTION('',(0.,0.,-1.));
#198 = DIRECTION('',(1.,0.,0.));
#199 = ORIENTED_EDGE('',*,*,#200,.T.);
#200 = EDGE_CURVE('',#192,#201,#203,.T.);
#201 = VERTEX_POINT('',#202);
#202 = CARTESIAN_POINT('',(53.680647752111,-43.36762749577,3.));
#203 = LINE('',#204,#205);
#204 = CARTESIAN_POINT('',(53.680647752111,-35.85109562183,3.));
#205 = VECTOR('',#206,1.);
#206 = DIRECTION('',(0.,-1.,0.));
#207 = ORIENTED_EDGE('',*,*,#208,.T.);
#208 = EDGE_CURVE('',#201,#209,#211,.T.);
#209 = VERTEX_POINT('',#210);
#210 = CARTESIAN_POINT('',(47.277774965517,-49.77050028237,3.));
#211 = CIRCLE('',#212,6.402872786594);
#212 = AXIS2_PLACEMENT_3D('',#213,#214,#215);
#213 = CARTESIAN_POINT('',(47.277774965517,-43.36762749577,3.));
#214 = DIRECTION('',(0.,0.,-1.));
#215 = DIRECTION('',(1.,0.,0.));
#216 = ORIENTED_EDGE('',*,*,#217,.T.);
#217 = EDGE_CURVE('',#209,#218,#220,.T.);
#218 = VERTEX_POINT('',#219);
#219 = CARTESIAN_POINT('',(5.722395573189,-49.77050028237,3.));
#220 = LINE('',#221,#222);
#221 = CARTESIAN_POINT('',(16.111240421271,-49.77050028237,3.));
#222 = VECTOR('',#223,1.);
#223 = DIRECTION('',(-1.,0.,0.));
#224 = ORIENTED_EDGE('',*,*,#225,.T.);
#225 = EDGE_CURVE('',#218,#226,#228,.T.);
#226 = VERTEX_POINT('',#227);
#227 = CARTESIAN_POINT('',(-0.680477213406,-43.36762749577,3.));
#228 = CIRCLE('',#229,6.402872786594);
#229 = AXIS2_PLACEMENT_3D('',#230,#231,#232);
#230 = CARTESIAN_POINT('',(5.722395573189,-43.36762749577,3.));
#231 = DIRECTION('',(0.,0.,-1.));
#232 = DIRECTION('',(1.,0.,0.));
#233 = ORIENTED_EDGE('',*,*,#234,.T.);
#234 = EDGE_CURVE('',#226,#173,#235,.T.);
#235 = LINE('',#236,#237);
#236 = CARTESIAN_POINT('',(-0.680477213406,-20.81803187394,3.));
#237 = VECTOR('',#238,1.);
#238 = DIRECTION('',(0.,1.,0.));
#239 = PLANE('',#240);
#240 = AXIS2_PLACEMENT_3D('',#241,#242,#243);
#241 = CARTESIAN_POINT('',(26.500085269353,-28.33456374788,3.));
#242 = DIRECTION('',(0.,0.,1.));
#243 = DIRECTION('',(1.,0.,0.));
#244 = ADVANCED_FACE('',(#245),#263,.F.);
#245 = FACE_BOUND('',#246,.F.);
#246 = EDGE_LOOP('',(#247,#255,#256,#257));
#247 = ORIENTED_EDGE('',*,*,#248,.T.);
#248 = EDGE_CURVE('',#249,#155,#251,.T.);
#249 = VERTEX_POINT('',#250);
#250 = CARTESIAN_POINT('',(-2.30106,-13.3015,0.));
#251 = LINE('',#252,#253);
#252 = CARTESIAN_POINT('',(-2.30106,-13.3015,0.));
#253 = VECTOR('',#254,1.);
#254 = DIRECTION('',(0.,0.,1.));
#255 = ORIENTED_EDGE('',*,*,#163,.T.);
#256 = ORIENTED_EDGE('',*,*,#61,.F.);
#257 = ORIENTED_EDGE('',*,*,#258,.F.);
#258 = EDGE_CURVE('',#249,#62,#259,.T.);
#259 = LINE('',#260,#261);
#260 = CARTESIAN_POINT('',(-2.30106,-13.3015,0.));
#261 = VECTOR('',#262,1.);
#262 = DIRECTION('',(0.,-1.,0.));
#263 = PLANE('',#264);
#264 = AXIS2_PLACEMENT_3D('',#265,#266,#267);
#265 = CARTESIAN_POINT('',(-2.30106,-13.3015,0.));
#266 = DIRECTION('',(1.,0.,0.));
#267 = DIRECTION('',(0.,-1.,0.));
#268 = ADVANCED_FACE('',(#269),#287,.F.);
#269 = FACE_BOUND('',#270,.F.);
#270 = EDGE_LOOP('',(#271,#272,#273,#281));
#271 = ORIENTED_EDGE('',*,*,#104,.T.);
#272 = ORIENTED_EDGE('',*,*,#129,.T.);
#273 = ORIENTED_EDGE('',*,*,#274,.F.);
#274 = EDGE_CURVE('',#275,#130,#277,.T.);
#275 = VERTEX_POINT('',#276);
#276 = CARTESIAN_POINT('',(55.301230538706,-13.3015,0.));
#277 = LINE('',#278,#279);
#278 = CARTESIAN_POINT('',(55.301230538706,-13.3015,0.));
#279 = VECTOR('',#280,1.);
#280 = DIRECTION('',(0.,0.,1.));
#281 = ORIENTED_EDGE('',*,*,#282,.F.);
#282 = EDGE_CURVE('',#105,#275,#283,.T.);
#283 = LINE('',#284,#285);
#284 = CARTESIAN_POINT('',(55.301230538706,-43.36762749577,0.));
#285 = VECTOR('',#286,1.);
#286 = DIRECTION('',(0.,1.,0.));
#287 = PLANE('',#288);
#288 = AXIS2_PLACEMENT_3D('',#289,#290,#291);
#289 = CARTESIAN_POINT('',(55.301230538706,-43.36762749577,0.));
#290 = DIRECTION('',(-1.,0.,0.));
#291 = DIRECTION('',(0.,1.,0.));
#292 = ADVANCED_FACE('',(#293),#312,.T.);
#293 = FACE_BOUND('',#294,.F.);
#294 = EDGE_LOOP('',(#295,#303,#304,#305));
#295 = ORIENTED_EDGE('',*,*,#296,.T.);
#296 = EDGE_CURVE('',#297,#147,#299,.T.);
#297 = VERTEX_POINT('',#298);
#298 = CARTESIAN_POINT('',(5.722395573189,-5.278044426811,0.));
#299 = LINE('',#300,#301);
#300 = CARTESIAN_POINT('',(5.722395573189,-5.278044426811,0.));
#301 = VECTOR('',#302,1.);
#302 = DIRECTION('',(0.,0.,1.));
#303 = ORIENTED_EDGE('',*,*,#154,.T.);
#304 = ORIENTED_EDGE('',*,*,#248,.F.);
#305 = ORIENTED_EDGE('',*,*,#306,.F.);
#306 = EDGE_CURVE('',#297,#249,#307,.T.);
#307 = CIRCLE('',#308,8.023455573189);
#308 = AXIS2_PLACEMENT_3D('',#309,#310,#311);
#309 = CARTESIAN_POINT('',(5.722395573189,-13.3015,0.));
#310 = DIRECTION('',(0.,0.,1.));
#311 = DIRECTION('',(1.,0.,0.));
#312 = CYLINDRICAL_SURFACE('',#313,8.023455573189);
#313 = AXIS2_PLACEMENT_3D('',#314,#315,#316);
#314 = CARTESIAN_POINT('',(5.722395573189,-13.3015,0.));
#315 = DIRECTION('',(-0.,-0.,-1.));
#316 = DIRECTION('',(1.,0.,0.));
#317 = ADVANCED_FACE('',(#318),#337,.T.);
#318 = FACE_BOUND('',#319,.F.);
#319 = EDGE_LOOP('',(#320,#321,#322,#330));
#320 = ORIENTED_EDGE('',*,*,#274,.T.);
#321 = ORIENTED_EDGE('',*,*,#137,.T.);
#322 = ORIENTED_EDGE('',*,*,#323,.F.);
#323 = EDGE_CURVE('',#324,#138,#326,.T.);
#324 = VERTEX_POINT('',#325);
#325 = CARTESIAN_POINT('',(47.277774965517,-5.278044426811,0.));
#326 = LINE('',#327,#328);
#327 = CARTESIAN_POINT('',(47.277774965517,-5.278044426811,0.));
#328 = VECTOR('',#329,1.);
#329 = DIRECTION('',(0.,0.,1.));
#330 = ORIENTED_EDGE('',*,*,#331,.F.);
#331 = EDGE_CURVE('',#275,#324,#332,.T.);
#332 = CIRCLE('',#333,8.023455573189);
#333 = AXIS2_PLACEMENT_3D('',#334,#335,#336);
#334 = CARTESIAN_POINT('',(47.277774965517,-13.3015,0.));
#335 = DIRECTION('',(0.,0.,1.));
#336 = DIRECTION('',(1.,0.,0.));
#337 = CYLINDRICAL_SURFACE('',#338,8.023455573189);
#338 = AXIS2_PLACEMENT_3D('',#339,#340,#341);
#339 = CARTESIAN_POINT('',(47.277774965517,-13.3015,0.));
#340 = DIRECTION('',(-0.,-0.,-1.));
#341 = DIRECTION('',(1.,0.,0.));
#342 = ADVANCED_FACE('',(#343),#354,.F.);
#343 = FACE_BOUND('',#344,.F.);
#344 = EDGE_LOOP('',(#345,#346,#347,#348));
#345 = ORIENTED_EDGE('',*,*,#323,.T.);
#346 = ORIENTED_EDGE('',*,*,#146,.T.);
#347 = ORIENTED_EDGE('',*,*,#296,.F.);
#348 = ORIENTED_EDGE('',*,*,#349,.F.);
#349 = EDGE_CURVE('',#324,#297,#350,.T.);
#350 = LINE('',#351,#352);
#351 = CARTESIAN_POINT('',(47.277774965517,-5.278044426811,0.));
#352 = VECTOR('',#353,1.);
#353 = DIRECTION('',(-1.,0.,0.));
#354 = PLANE('',#355);
#355 = AXIS2_PLACEMENT_3D('',#356,#357,#358);
#356 = CARTESIAN_POINT('',(47.277774965517,-5.278044426811,0.));
#357 = DIRECTION('',(0.,-1.,0.));
#358 = DIRECTION('',(-1.,0.,0.));
#359 = ADVANCED_FACE('',(#360),#386,.T.);
#360 = FACE_BOUND('',#361,.F.);
#361 = EDGE_LOOP('',(#362,#363,#371,#380));
#362 = ORIENTED_EDGE('',*,*,#172,.T.);
#363 = ORIENTED_EDGE('',*,*,#364,.T.);
#364 = EDGE_CURVE('',#175,#365,#367,.T.);
#365 = VERTEX_POINT('',#366);
#366 = CARTESIAN_POINT('',(5.722395573189,-6.898627213406,4.5));
#367 = LINE('',#368,#369);
#368 = CARTESIAN_POINT('',(5.722395573189,-6.898627213406,0.));
#369 = VECTOR('',#370,1.);
#370 = DIRECTION('',(0.,0.,1.));
#371 = ORIENTED_EDGE('',*,*,#372,.T.);
#372 = EDGE_CURVE('',#365,#373,#375,.T.);
#373 = VERTEX_POINT('',#374);
#374 = CARTESIAN_POINT('',(-0.680477213406,-13.3015,4.5));
#375 = CIRCLE('',#376,6.402872786594);
#376 = AXIS2_PLACEMENT_3D('',#377,#378,#379);
#377 = CARTESIAN_POINT('',(5.722395573189,-13.3015,4.5));
#378 = DIRECTION('',(0.,0.,1.));
#379 = DIRECTION('',(1.,0.,0.));
#380 = ORIENTED_EDGE('',*,*,#381,.F.);
#381 = EDGE_CURVE('',#173,#373,#382,.T.);
#382 = LINE('',#383,#384);
#383 = CARTESIAN_POINT('',(-0.680477213406,-13.3015,0.));
#384 = VECTOR('',#385,1.);
#385 = DIRECTION('',(0.,0.,1.));
#386 = CYLINDRICAL_SURFACE('',#387,6.402872786594);
#387 = AXIS2_PLACEMENT_3D('',#388,#389,#390);
#388 = CARTESIAN_POINT('',(5.722395573189,-13.3015,0.));
#389 = DIRECTION('',(-0.,-0.,-1.));
#390 = DIRECTION('',(1.,0.,0.));
#391 = ADVANCED_FACE('',(#392),#410,.F.);
#392 = FACE_BOUND('',#393,.F.);
#393 = EDGE_LOOP('',(#394,#395,#396,#404));
#394 = ORIENTED_EDGE('',*,*,#234,.T.);
#395 = ORIENTED_EDGE('',*,*,#381,.T.);
#396 = ORIENTED_EDGE('',*,*,#397,.T.);
#397 = EDGE_CURVE('',#373,#398,#400,.T.);
#398 = VERTEX_POINT('',#399);
#399 = CARTESIAN_POINT('',(-0.680477213406,-43.36762749577,4.5));
#400 = LINE('',#401,#402);
#401 = CARTESIAN_POINT('',(-0.680477213406,-13.3015,4.5));
#402 = VECTOR('',#403,1.);
#403 = DIRECTION('',(0.,-1.,0.));
#404 = ORIENTED_EDGE('',*,*,#405,.F.);
#405 = EDGE_CURVE('',#226,#398,#406,.T.);
#406 = LINE('',#407,#408);
#407 = CARTESIAN_POINT('',(-0.680477213406,-43.36762749577,0.));
#408 = VECTOR('',#409,1.);
#409 = DIRECTION('',(0.,0.,1.));
#410 = PLANE('',#411);
#411 = AXIS2_PLACEMENT_3D('',#412,#413,#414);
#412 = CARTESIAN_POINT('',(-0.680477213406,-13.3015,0.));
#413 = DIRECTION('',(1.,0.,0.));
#414 = DIRECTION('',(0.,-1.,0.));
#415 = ADVANCED_FACE('',(#416),#435,.T.);
#416 = FACE_BOUND('',#417,.F.);
#417 = EDGE_LOOP('',(#418,#419,#420,#429));
#418 = ORIENTED_EDGE('',*,*,#225,.T.);
#419 = ORIENTED_EDGE('',*,*,#405,.T.);
#420 = ORIENTED_EDGE('',*,*,#421,.T.);
#421 = EDGE_CURVE('',#398,#422,#424,.T.);
#422 = VERTEX_POINT('',#423);
#423 = CARTESIAN_POINT('',(5.722395573189,-49.77050028237,4.5));
#424 = CIRCLE('',#425,6.402872786594);
#425 = AXIS2_PLACEMENT_3D('',#426,#427,#428);
#426 = CARTESIAN_POINT('',(5.722395573189,-43.36762749577,4.5));
#427 = DIRECTION('',(0.,0.,1.));
#428 = DIRECTION('',(1.,0.,0.));
#429 = ORIENTED_EDGE('',*,*,#430,.F.);
#430 = EDGE_CURVE('',#218,#422,#431,.T.);
#431 = LINE('',#432,#433);
#432 = CARTESIAN_POINT('',(5.722395573189,-49.77050028237,0.));
#433 = VECTOR('',#434,1.);
#434 = DIRECTION('',(0.,0.,1.));
#435 = CYLINDRICAL_SURFACE('',#436,6.402872786594);
#436 = AXIS2_PLACEMENT_3D('',#437,#438,#439);
#437 = CARTESIAN_POINT('',(5.722395573189,-43.36762749577,0.));
#438 = DIRECTION('',(-0.,-0.,-1.));
#439 = DIRECTION('',(1.,0.,0.));
#440 = ADVANCED_FACE('',(#441),#459,.F.);
#441 = FACE_BOUND('',#442,.F.);
#442 = EDGE_LOOP('',(#443,#444,#445,#453));
#443 = ORIENTED_EDGE('',*,*,#217,.T.);
#444 = ORIENTED_EDGE('',*,*,#430,.T.);
#445 = ORIENTED_EDGE('',*,*,#446,.T.);
#446 = EDGE_CURVE('',#422,#447,#449,.T.);
#447 = VERTEX_POINT('',#448);
#448 = CARTESIAN_POINT('',(47.277774965517,-49.77050028237,4.5));
#449 = LINE('',#450,#451);
#450 = CARTESIAN_POINT('',(5.722395573189,-49.77050028237,4.5));
#451 = VECTOR('',#452,1.);
#452 = DIRECTION('',(1.,0.,0.));
#453 = ORIENTED_EDGE('',*,*,#454,.F.);
#454 = EDGE_CURVE('',#209,#447,#455,.T.);
#455 = LINE('',#456,#457);
#456 = CARTESIAN_POINT('',(47.277774965517,-49.77050028237,0.));
#457 = VECTOR('',#458,1.);
#458 = DIRECTION('',(0.,0.,1.));
#459 = PLANE('',#460);
#460 = AXIS2_PLACEMENT_3D('',#461,#462,#463);
#461 = CARTESIAN_POINT('',(5.722395573189,-49.77050028237,0.));
#462 = DIRECTION('',(0.,1.,0.));
#463 = DIRECTION('',(1.,0.,0.));
#464 = ADVANCED_FACE('',(#465),#484,.T.);
#465 = FACE_BOUND('',#466,.F.);
#466 = EDGE_LOOP('',(#467,#468,#469,#478));
#467 = ORIENTED_EDGE('',*,*,#208,.T.);
#468 = ORIENTED_EDGE('',*,*,#454,.T.);
#469 = ORIENTED_EDGE('',*,*,#470,.T.);
#470 = EDGE_CURVE('',#447,#471,#473,.T.);
#471 = VERTEX_POINT('',#472);
#472 = CARTESIAN_POINT('',(53.680647752111,-43.36762749577,4.5));
#473 = CIRCLE('',#474,6.402872786594);
#474 = AXIS2_PLACEMENT_3D('',#475,#476,#477);
#475 = CARTESIAN_POINT('',(47.277774965517,-43.36762749577,4.5));
#476 = DIRECTION('',(0.,0.,1.));
#477 = DIRECTION('',(1.,0.,0.));
#478 = ORIENTED_EDGE('',*,*,#479,.F.);
#479 = EDGE_CURVE('',#201,#471,#480,.T.);
#480 = LINE('',#481,#482);
#481 = CARTESIAN_POINT('',(53.680647752111,-43.36762749577,0.));
#482 = VECTOR('',#483,1.);
#483 = DIRECTION('',(0.,0.,1.));
#484 = CYLINDRICAL_SURFACE('',#485,6.402872786594);
#485 = AXIS2_PLACEMENT_3D('',#486,#487,#488);
#486 = CARTESIAN_POINT('',(47.277774965517,-43.36762749577,0.));
#487 = DIRECTION('',(-0.,-0.,-1.));
#488 = DIRECTION('',(1.,0.,0.));
#489 = ADVANCED_FACE('',(#490),#508,.F.);
#490 = FACE_BOUND('',#491,.F.);
#491 = EDGE_LOOP('',(#492,#493,#494,#502));
#492 = ORIENTED_EDGE('',*,*,#200,.T.);
#493 = ORIENTED_EDGE('',*,*,#479,.T.);
#494 = ORIENTED_EDGE('',*,*,#495,.T.);
#495 = EDGE_CURVE('',#471,#496,#498,.T.);
#496 = VERTEX_POINT('',#497);
#497 = CARTESIAN_POINT('',(53.680647752111,-13.3015,4.5));
#498 = LINE('',#499,#500);
#499 = CARTESIAN_POINT('',(53.680647752111,-43.36762749577,4.5));
#500 = VECTOR('',#501,1.);
#501 = DIRECTION('',(0.,1.,0.));
#502 = ORIENTED_EDGE('',*,*,#503,.F.);
#503 = EDGE_CURVE('',#192,#496,#504,.T.);
#504 = LINE('',#505,#506);
#505 = CARTESIAN_POINT('',(53.680647752111,-13.3015,0.));
#506 = VECTOR('',#507,1.);
#507 = DIRECTION('',(0.,0.,1.));
#508 = PLANE('',#509);
#509 = AXIS2_PLACEMENT_3D('',#510,#511,#512);
#510 = CARTESIAN_POINT('',(53.680647752111,-43.36762749577,0.));
#511 = DIRECTION('',(-1.,0.,0.));
#512 = DIRECTION('',(0.,1.,0.));
#513 = ADVANCED_FACE('',(#514),#533,.T.);
#514 = FACE_BOUND('',#515,.F.);
#515 = EDGE_LOOP('',(#516,#517,#518,#527));
#516 = ORIENTED_EDGE('',*,*,#191,.T.);
#517 = ORIENTED_EDGE('',*,*,#503,.T.);
#518 = ORIENTED_EDGE('',*,*,#519,.T.);
#519 = EDGE_CURVE('',#496,#520,#522,.T.);
#520 = VERTEX_POINT('',#521);
#521 = CARTESIAN_POINT('',(47.277774965517,-6.898627213406,4.5));
#522 = CIRCLE('',#523,6.402872786594);
#523 = AXIS2_PLACEMENT_3D('',#524,#525,#526);
#524 = CARTESIAN_POINT('',(47.277774965517,-13.3015,4.5));
#525 = DIRECTION('',(0.,0.,1.));
#526 = DIRECTION('',(1.,0.,0.));
#527 = ORIENTED_EDGE('',*,*,#528,.F.);
#528 = EDGE_CURVE('',#184,#520,#529,.T.);
#529 = LINE('',#530,#531);
#530 = CARTESIAN_POINT('',(47.277774965517,-6.898627213406,0.));
#531 = VECTOR('',#532,1.);
#532 = DIRECTION('',(0.,0.,1.));
#533 = CYLINDRICAL_SURFACE('',#534,6.402872786594);
#534 = AXIS2_PLACEMENT_3D('',#535,#536,#537);
#535 = CARTESIAN_POINT('',(47.277774965517,-13.3015,0.));
#536 = DIRECTION('',(-0.,-0.,-1.));
#537 = DIRECTION('',(1.,0.,0.));
#538 = ADVANCED_FACE('',(#539),#550,.F.);
#539 = FACE_BOUND('',#540,.F.);
#540 = EDGE_LOOP('',(#541,#542,#543,#549));
#541 = ORIENTED_EDGE('',*,*,#183,.T.);
#542 = ORIENTED_EDGE('',*,*,#528,.T.);
#543 = ORIENTED_EDGE('',*,*,#544,.T.);
#544 = EDGE_CURVE('',#520,#365,#545,.T.);
#545 = LINE('',#546,#547);
#546 = CARTESIAN_POINT('',(47.277774965517,-6.898627213406,4.5));
#547 = VECTOR('',#548,1.);
#548 = DIRECTION('',(-1.,0.,0.));
#549 = ORIENTED_EDGE('',*,*,#364,.F.);
#550 = PLANE('',#551);
#551 = AXIS2_PLACEMENT_3D('',#552,#553,#554);
#552 = CARTESIAN_POINT('',(47.277774965517,-6.898627213406,0.));
#553 = DIRECTION('',(0.,-1.,0.));
#554 = DIRECTION('',(-1.,0.,0.));
#555 = ADVANCED_FACE('',(#556,#566),#636,.T.);
#556 = FACE_BOUND('',#557,.T.);
#557 = EDGE_LOOP('',(#558,#559,#560,#561,#562,#563,#564,#565));
#558 = ORIENTED_EDGE('',*,*,#544,.T.);
#559 = ORIENTED_EDGE('',*,*,#372,.T.);
#560 = ORIENTED_EDGE('',*,*,#397,.T.);
#561 = ORIENTED_EDGE('',*,*,#421,.T.);
#562 = ORIENTED_EDGE('',*,*,#446,.T.);
#563 = ORIENTED_EDGE('',*,*,#470,.T.);
#564 = ORIENTED_EDGE('',*,*,#495,.T.);
#565 = ORIENTED_EDGE('',*,*,#519,.T.);
#566 = FACE_BOUND('',#567,.F.);
#567 = EDGE_LOOP('',(#568,#578,#587,#595,#604,#612,#621,#629));
#568 = ORIENTED_EDGE('',*,*,#569,.T.);
#569 = EDGE_CURVE('',#570,#572,#574,.T.);
#570 = VERTEX_POINT('',#571);
#571 = CARTESIAN_POINT('',(5.722395573189,-48.14991749577,4.5));
#572 = VERTEX_POINT('',#573);
#573 = CARTESIAN_POINT('',(47.277774965517,-48.14991749577,4.5));
#574 = LINE('',#575,#576);
#575 = CARTESIAN_POINT('',(5.722395573189,-48.14991749577,4.5));
#576 = VECTOR('',#577,1.);
#577 = DIRECTION('',(1.,0.,0.));
#578 = ORIENTED_EDGE('',*,*,#579,.T.);
#579 = EDGE_CURVE('',#572,#580,#582,.T.);
#580 = VERTEX_POINT('',#581);
#581 = CARTESIAN_POINT('',(52.060064965517,-43.36762749577,4.5));
#582 = CIRCLE('',#583,4.78229);
#583 = AXIS2_PLACEMENT_3D('',#584,#585,#586);
#584 = CARTESIAN_POINT('',(47.277774965517,-43.36762749577,4.5));
#585 = DIRECTION('',(0.,0.,1.));
#586 = DIRECTION('',(1.,0.,0.));
#587 = ORIENTED_EDGE('',*,*,#588,.T.);
#588 = EDGE_CURVE('',#580,#589,#591,.T.);
#589 = VERTEX_POINT('',#590);
#590 = CARTESIAN_POINT('',(52.060064965517,-13.3015,4.5));
#591 = LINE('',#592,#593);
#592 = CARTESIAN_POINT('',(52.060064965517,-43.36762749577,4.5));
#593 = VECTOR('',#594,1.);
#594 = DIRECTION('',(0.,1.,0.));
#595 = ORIENTED_EDGE('',*,*,#596,.T.);
#596 = EDGE_CURVE('',#589,#597,#599,.T.);
#597 = VERTEX_POINT('',#598);
#598 = CARTESIAN_POINT('',(47.277774965517,-8.51921,4.5));
#599 = CIRCLE('',#600,4.78229);
#600 = AXIS2_PLACEMENT_3D('',#601,#602,#603);
#601 = CARTESIAN_POINT('',(47.277774965517,-13.3015,4.5));
#602 = DIRECTION('',(0.,0.,1.));
#603 = DIRECTION('',(1.,0.,0.));
#604 = ORIENTED_EDGE('',*,*,#605,.T.);
#605 = EDGE_CURVE('',#597,#606,#608,.T.);
#606 = VERTEX_POINT('',#607);
#607 = CARTESIAN_POINT('',(5.722395573189,-8.51921,4.5));
#608 = LINE('',#609,#610);
#609 = CARTESIAN_POINT('',(47.277774965517,-8.51921,4.5));
#610 = VECTOR('',#611,1.);
#611 = DIRECTION('',(-1.,0.,0.));
#612 = ORIENTED_EDGE('',*,*,#613,.T.);
#613 = EDGE_CURVE('',#606,#614,#616,.T.);
#614 = VERTEX_POINT('',#615);
#615 = CARTESIAN_POINT('',(0.940105573189,-13.3015,4.5));
#616 = CIRCLE('',#617,4.78229);
#617 = AXIS2_PLACEMENT_3D('',#618,#619,#620);
#618 = CARTESIAN_POINT('',(5.722395573189,-13.3015,4.5));
#619 = DIRECTION('',(0.,0.,1.));
#620 = DIRECTION('',(1.,0.,0.));
#621 = ORIENTED_EDGE('',*,*,#622,.T.);
#622 = EDGE_CURVE('',#614,#623,#625,.T.);
#623 = VERTEX_POINT('',#624);
#624 = CARTESIAN_POINT('',(0.940105573189,-43.36762749577,4.5));
#625 = LINE('',#626,#627);
#626 = CARTESIAN_POINT('',(0.940105573189,-13.3015,4.5));
#627 = VECTOR('',#628,1.);
#628 = DIRECTION('',(0.,-1.,0.));
#629 = ORIENTED_EDGE('',*,*,#630,.T.);
#630 = EDGE_CURVE('',#623,#570,#631,.T.);
#631 = CIRCLE('',#632,4.78229);
#632 = AXIS2_PLACEMENT_3D('',#633,#634,#635);
#633 = CARTESIAN_POINT('',(5.722395573189,-43.36762749577,4.5));
#634 = DIRECTION('',(0.,0.,1.));
#635 = DIRECTION('',(1.,0.,0.));
#636 = PLANE('',#637);
#637 = AXIS2_PLACEMENT_3D('',#638,#639,#640);
#638 = CARTESIAN_POINT('',(26.500085269353,-28.33456374788,4.5));
#639 = DIRECTION('',(0.,0.,1.));
#640 = DIRECTION('',(1.,0.,0.));
#641 = ADVANCED_FACE('',(#642),#667,.T.);
#642 = FACE_BOUND('',#643,.T.);
#643 = EDGE_LOOP('',(#644,#654,#660,#661));
#644 = ORIENTED_EDGE('',*,*,#645,.T.);
#645 = EDGE_CURVE('',#646,#648,#650,.T.);
#646 = VERTEX_POINT('',#647);
#647 = CARTESIAN_POINT('',(47.277774965517,-48.14991749577,3.));
#648 = VERTEX_POINT('',#649);
#649 = CARTESIAN_POINT('',(5.722395573189,-48.14991749577,3.));
#650 = LINE('',#651,#652);
#651 = CARTESIAN_POINT('',(16.111240421271,-48.14991749577,3.));
#652 = VECTOR('',#653,1.);
#653 = DIRECTION('',(-1.,0.,0.));
#654 = ORIENTED_EDGE('',*,*,#655,.T.);
#655 = EDGE_CURVE('',#648,#570,#656,.T.);
#656 = LINE('',#657,#658);
#657 = CARTESIAN_POINT('',(5.722395573189,-48.14991749577,0.));
#658 = VECTOR('',#659,1.);
#659 = DIRECTION('',(0.,0.,1.));
#660 = ORIENTED_EDGE('',*,*,#569,.T.);
#661 = ORIENTED_EDGE('',*,*,#662,.F.);
#662 = EDGE_CURVE('',#646,#572,#663,.T.);
#663 = LINE('',#664,#665);
#664 = CARTESIAN_POINT('',(47.277774965517,-48.14991749577,0.));
#665 = VECTOR('',#666,1.);
#666 = DIRECTION('',(0.,0.,1.));
#667 = PLANE('',#668);
#668 = AXIS2_PLACEMENT_3D('',#669,#670,#671);
#669 = CARTESIAN_POINT('',(5.722395573189,-48.14991749577,0.));
#670 = DIRECTION('',(0.,1.,0.));
#671 = DIRECTION('',(1.,0.,0.));
#672 = ADVANCED_FACE('',(#673),#692,.F.);
#673 = FACE_BOUND('',#674,.T.);
#674 = EDGE_LOOP('',(#675,#684,#685,#686));
#675 = ORIENTED_EDGE('',*,*,#676,.T.);
#676 = EDGE_CURVE('',#677,#646,#679,.T.);
#677 = VERTEX_POINT('',#678);
#678 = CARTESIAN_POINT('',(52.060064965517,-43.36762749577,3.));
#679 = CIRCLE('',#680,4.78229);
#680 = AXIS2_PLACEMENT_3D('',#681,#682,#683);
#681 = CARTESIAN_POINT('',(47.277774965517,-43.36762749577,3.));
#682 = DIRECTION('',(0.,0.,-1.));
#683 = DIRECTION('',(1.,0.,0.));
#684 = ORIENTED_EDGE('',*,*,#662,.T.);
#685 = ORIENTED_EDGE('',*,*,#579,.T.);
#686 = ORIENTED_EDGE('',*,*,#687,.F.);
#687 = EDGE_CURVE('',#677,#580,#688,.T.);
#688 = LINE('',#689,#690);
#689 = CARTESIAN_POINT('',(52.060064965517,-43.36762749577,0.));
#690 = VECTOR('',#691,1.);
#691 = DIRECTION('',(0.,0.,1.));
#692 = CYLINDRICAL_SURFACE('',#693,4.78229);
#693 = AXIS2_PLACEMENT_3D('',#694,#695,#696);
#694 = CARTESIAN_POINT('',(47.277774965517,-43.36762749577,0.));
#695 = DIRECTION('',(-0.,-0.,-1.));
#696 = DIRECTION('',(1.,0.,0.));
#697 = ADVANCED_FACE('',(#698),#716,.T.);
#698 = FACE_BOUND('',#699,.T.);
#699 = EDGE_LOOP('',(#700,#708,#709,#710));
#700 = ORIENTED_EDGE('',*,*,#701,.T.);
#701 = EDGE_CURVE('',#702,#677,#704,.T.);
#702 = VERTEX_POINT('',#703);
#703 = CARTESIAN_POINT('',(52.060064965517,-13.3015,3.));
#704 = LINE('',#705,#706);
#705 = CARTESIAN_POINT('',(52.060064965517,-35.85109562183,3.));
#706 = VECTOR('',#707,1.);
#707 = DIRECTION('',(0.,-1.,0.));
#708 = ORIENTED_EDGE('',*,*,#687,.T.);
#709 = ORIENTED_EDGE('',*,*,#588,.T.);
#710 = ORIENTED_EDGE('',*,*,#711,.F.);
#711 = EDGE_CURVE('',#702,#589,#712,.T.);
#712 = LINE('',#713,#714);
#713 = CARTESIAN_POINT('',(52.060064965517,-13.3015,0.));
#714 = VECTOR('',#715,1.);
#715 = DIRECTION('',(0.,0.,1.));
#716 = PLANE('',#717);
#717 = AXIS2_PLACEMENT_3D('',#718,#719,#720);
#718 = CARTESIAN_POINT('',(52.060064965517,-43.36762749577,0.));
#719 = DIRECTION('',(-1.,0.,0.));
#720 = DIRECTION('',(0.,1.,0.));
#721 = ADVANCED_FACE('',(#722),#741,.F.);
#722 = FACE_BOUND('',#723,.T.);
#723 = EDGE_LOOP('',(#724,#733,#734,#735));
#724 = ORIENTED_EDGE('',*,*,#725,.T.);
#725 = EDGE_CURVE('',#726,#702,#728,.T.);
#726 = VERTEX_POINT('',#727);
#727 = CARTESIAN_POINT('',(47.277774965517,-8.51921,3.));
#728 = CIRCLE('',#729,4.78229);
#729 = AXIS2_PLACEMENT_3D('',#730,#731,#732);
#730 = CARTESIAN_POINT('',(47.277774965517,-13.3015,3.));
#731 = DIRECTION('',(0.,0.,-1.));
#732 = DIRECTION('',(1.,0.,0.));
#733 = ORIENTED_EDGE('',*,*,#711,.T.);
#734 = ORIENTED_EDGE('',*,*,#596,.T.);
#735 = ORIENTED_EDGE('',*,*,#736,.F.);
#736 = EDGE_CURVE('',#726,#597,#737,.T.);
#737 = LINE('',#738,#739);
#738 = CARTESIAN_POINT('',(47.277774965517,-8.51921,0.));
#739 = VECTOR('',#740,1.);
#740 = DIRECTION('',(0.,0.,1.));
#741 = CYLINDRICAL_SURFACE('',#742,4.78229);
#742 = AXIS2_PLACEMENT_3D('',#743,#744,#745);
#743 = CARTESIAN_POINT('',(47.277774965517,-13.3015,0.));
#744 = DIRECTION('',(-0.,-0.,-1.));
#745 = DIRECTION('',(1.,0.,0.));
#746 = ADVANCED_FACE('',(#747),#765,.T.);
#747 = FACE_BOUND('',#748,.T.);
#748 = EDGE_LOOP('',(#749,#757,#758,#759));
#749 = ORIENTED_EDGE('',*,*,#750,.T.);
#750 = EDGE_CURVE('',#751,#726,#753,.T.);
#751 = VERTEX_POINT('',#752);
#752 = CARTESIAN_POINT('',(5.722395573189,-8.51921,3.));
#753 = LINE('',#754,#755);
#754 = CARTESIAN_POINT('',(36.888930117435,-8.51921,3.));
#755 = VECTOR('',#756,1.);
#756 = DIRECTION('',(1.,0.,0.));
#757 = ORIENTED_EDGE('',*,*,#736,.T.);
#758 = ORIENTED_EDGE('',*,*,#605,.T.);
#759 = ORIENTED_EDGE('',*,*,#760,.F.);
#760 = EDGE_CURVE('',#751,#606,#761,.T.);
#761 = LINE('',#762,#763);
#762 = CARTESIAN_POINT('',(5.722395573189,-8.51921,0.));
#763 = VECTOR('',#764,1.);
#764 = DIRECTION('',(0.,0.,1.));
#765 = PLANE('',#766);
#766 = AXIS2_PLACEMENT_3D('',#767,#768,#769);
#767 = CARTESIAN_POINT('',(47.277774965517,-8.51921,0.));
#768 = DIRECTION('',(0.,-1.,0.));
#769 = DIRECTION('',(-1.,0.,0.));
#770 = ADVANCED_FACE('',(#771),#790,.F.);
#771 = FACE_BOUND('',#772,.T.);
#772 = EDGE_LOOP('',(#773,#782,#783,#784));
#773 = ORIENTED_EDGE('',*,*,#774,.T.);
#774 = EDGE_CURVE('',#775,#751,#777,.T.);
#775 = VERTEX_POINT('',#776);
#776 = CARTESIAN_POINT('',(0.940105573189,-13.3015,3.));
#777 = CIRCLE('',#778,4.78229);
#778 = AXIS2_PLACEMENT_3D('',#779,#780,#781);
#779 = CARTESIAN_POINT('',(5.722395573189,-13.3015,3.));
#780 = DIRECTION('',(0.,0.,-1.));
#781 = DIRECTION('',(1.,0.,0.));
#782 = ORIENTED_EDGE('',*,*,#760,.T.);
#783 = ORIENTED_EDGE('',*,*,#613,.T.);
#784 = ORIENTED_EDGE('',*,*,#785,.F.);
#785 = EDGE_CURVE('',#775,#614,#786,.T.);
#786 = LINE('',#787,#788);
#787 = CARTESIAN_POINT('',(0.940105573189,-13.3015,0.));
#788 = VECTOR('',#789,1.);
#789 = DIRECTION('',(0.,0.,1.));
#790 = CYLINDRICAL_SURFACE('',#791,4.78229);
#791 = AXIS2_PLACEMENT_3D('',#792,#793,#794);
#792 = CARTESIAN_POINT('',(5.722395573189,-13.3015,0.));
#793 = DIRECTION('',(-0.,-0.,-1.));
#794 = DIRECTION('',(1.,0.,0.));
#795 = ADVANCED_FACE('',(#796),#814,.T.);
#796 = FACE_BOUND('',#797,.T.);
#797 = EDGE_LOOP('',(#798,#806,#807,#808));
#798 = ORIENTED_EDGE('',*,*,#799,.T.);
#799 = EDGE_CURVE('',#800,#775,#802,.T.);
#800 = VERTEX_POINT('',#801);
#801 = CARTESIAN_POINT('',(0.940105573189,-43.36762749577,3.));
#802 = LINE('',#803,#804);
#803 = CARTESIAN_POINT('',(0.940105573189,-20.81803187394,3.));
#804 = VECTOR('',#805,1.);
#805 = DIRECTION('',(0.,1.,0.));
#806 = ORIENTED_EDGE('',*,*,#785,.T.);
#807 = ORIENTED_EDGE('',*,*,#622,.T.);
#808 = ORIENTED_EDGE('',*,*,#809,.F.);
#809 = EDGE_CURVE('',#800,#623,#810,.T.);
#810 = LINE('',#811,#812);
#811 = CARTESIAN_POINT('',(0.940105573189,-43.36762749577,0.));
#812 = VECTOR('',#813,1.);
#813 = DIRECTION('',(0.,0.,1.));
#814 = PLANE('',#815);
#815 = AXIS2_PLACEMENT_3D('',#816,#817,#818);
#816 = CARTESIAN_POINT('',(0.940105573189,-13.3015,0.));
#817 = DIRECTION('',(1.,0.,0.));
#818 = DIRECTION('',(0.,-1.,0.));
#819 = ADVANCED_FACE('',(#820),#832,.F.);
#820 = FACE_BOUND('',#821,.T.);
#821 = EDGE_LOOP('',(#822,#829,#830,#831));
#822 = ORIENTED_EDGE('',*,*,#823,.T.);
#823 = EDGE_CURVE('',#648,#800,#824,.T.);
#824 = CIRCLE('',#825,4.78229);
#825 = AXIS2_PLACEMENT_3D('',#826,#827,#828);
#826 = CARTESIAN_POINT('',(5.722395573189,-43.36762749577,3.));
#827 = DIRECTION('',(0.,0.,-1.));
#828 = DIRECTION('',(1.,0.,0.));
#829 = ORIENTED_EDGE('',*,*,#809,.T.);
#830 = ORIENTED_EDGE('',*,*,#630,.T.);
#831 = ORIENTED_EDGE('',*,*,#655,.F.);
#832 = CYLINDRICAL_SURFACE('',#833,4.78229);
#833 = AXIS2_PLACEMENT_3D('',#834,#835,#836);
#834 = CARTESIAN_POINT('',(5.722395573189,-43.36762749577,0.));
#835 = DIRECTION('',(-0.,-0.,-1.));
#836 = DIRECTION('',(1.,0.,0.));
#837 = ADVANCED_FACE('',(#838,#848,#884,#918,#986),#1218,.T.);
#838 = FACE_BOUND('',#839,.T.);
#839 = EDGE_LOOP('',(#840,#841,#842,#843,#844,#845,#846,#847));
#840 = ORIENTED_EDGE('',*,*,#645,.F.);
#841 = ORIENTED_EDGE('',*,*,#676,.F.);
#842 = ORIENTED_EDGE('',*,*,#701,.F.);
#843 = ORIENTED_EDGE('',*,*,#725,.F.);
#844 = ORIENTED_EDGE('',*,*,#750,.F.);
#845 = ORIENTED_EDGE('',*,*,#774,.F.);
#846 = ORIENTED_EDGE('',*,*,#799,.F.);
#847 = ORIENTED_EDGE('',*,*,#823,.F.);
#848 = FACE_BOUND('',#849,.T.);
#849 = EDGE_LOOP('',(#850,#861,#869,#878));
#850 = ORIENTED_EDGE('',*,*,#851,.T.);
#851 = EDGE_CURVE('',#852,#854,#856,.T.);
#852 = VERTEX_POINT('',#853);
#853 = CARTESIAN_POINT('',(43.15983,-37.492968,3.));
#854 = VERTEX_POINT('',#855);
#855 = CARTESIAN_POINT('',(43.15983,-40.292278,3.));
#856 = CIRCLE('',#857,1.399655);
#857 = AXIS2_PLACEMENT_3D('',#858,#859,#860);
#858 = CARTESIAN_POINT('',(43.15983,-38.892623,3.));
#859 = DIRECTION('',(0.,0.,-1.));
#860 = DIRECTION('',(1.,0.,0.));
#861 = ORIENTED_EDGE('',*,*,#862,.T.);
#862 = EDGE_CURVE('',#854,#863,#865,.T.);
#863 = VERTEX_POINT('',#864);
#864 = CARTESIAN_POINT('',(9.75721,-40.292278,3.));
#865 = LINE('',#866,#867);
#866 = CARTESIAN_POINT('',(18.128647634676,-40.292278,3.));
#867 = VECTOR('',#868,1.);
#868 = DIRECTION('',(-1.,0.,0.));
#869 = ORIENTED_EDGE('',*,*,#870,.T.);
#870 = EDGE_CURVE('',#863,#871,#873,.T.);
#871 = VERTEX_POINT('',#872);
#872 = CARTESIAN_POINT('',(9.75721,-37.492968,3.));
#873 = CIRCLE('',#874,1.399655);
#874 = AXIS2_PLACEMENT_3D('',#875,#876,#877);
#875 = CARTESIAN_POINT('',(9.75721,-38.892623,3.));
#876 = DIRECTION('',(0.,0.,-1.));
#877 = DIRECTION('',(1.,0.,0.));
#878 = ORIENTED_EDGE('',*,*,#879,.T.);
#879 = EDGE_CURVE('',#871,#852,#880,.T.);
#880 = LINE('',#881,#882);
#881 = CARTESIAN_POINT('',(34.829957634676,-37.492968,3.));
#882 = VECTOR('',#883,1.);
#883 = DIRECTION('',(1.,0.,0.));
#884 = FACE_BOUND('',#885,.T.);
#885 = EDGE_LOOP('',(#886,#896,#904,#912));
#886 = ORIENTED_EDGE('',*,*,#887,.F.);
#887 = EDGE_CURVE('',#888,#890,#892,.T.);
#888 = VERTEX_POINT('',#889);
#889 = CARTESIAN_POINT('',(40.247973451487,-30.84298046604,3.));
#890 = VERTEX_POINT('',#891);
#891 = CARTESIAN_POINT('',(29.891556589787,-30.84298046604,3.));
#892 = LINE('',#893,#894);
#893 = CARTESIAN_POINT('',(28.19582092957,-30.84298046604,3.));
#894 = VECTOR('',#895,1.);
#895 = DIRECTION('',(-1.,0.,0.));
#896 = ORIENTED_EDGE('',*,*,#897,.F.);
#897 = EDGE_CURVE('',#898,#888,#900,.T.);
#898 = VERTEX_POINT('',#899);
#899 = CARTESIAN_POINT('',(39.720438561745,-32.43043041173,3.));
#900 = LINE('',#901,#902);
#901 = CARTESIAN_POINT('',(39.939694986361,-31.77064732228,3.));
#902 = VECTOR('',#903,1.);
#903 = DIRECTION('',(0.315358686087,0.948972549186,0.));
#904 = ORIENTED_EDGE('',*,*,#905,.F.);
#905 = EDGE_CURVE('',#906,#898,#908,.T.);
#906 = VERTEX_POINT('',#907);
#907 = CARTESIAN_POINT('',(30.419091479536,-32.43043041173,3.));
#908 = LINE('',#909,#910);
#909 = CARTESIAN_POINT('',(33.110261915549,-32.43043041173,3.));
#910 = VECTOR('',#911,1.);
#911 = DIRECTION('',(1.,0.,0.));
#912 = ORIENTED_EDGE('',*,*,#913,.F.);
#913 = EDGE_CURVE('',#890,#906,#914,.T.);
#914 = LINE('',#915,#916);
#915 = CARTESIAN_POINT('',(29.611338414235,-29.9997522053,3.));
#916 = VECTOR('',#917,1.);
#917 = DIRECTION('',(0.31535868609,-0.948972549185,0.));
#918 = FACE_BOUND('',#919,.T.);
#919 = EDGE_LOOP('',(#920,#930,#938,#947,#955,#963,#971,#980));
#920 = ORIENTED_EDGE('',*,*,#921,.T.);
#921 = EDGE_CURVE('',#922,#924,#926,.T.);
#922 = VERTEX_POINT('',#923);
#923 = CARTESIAN_POINT('',(41.41817980668,-34.78364778895,3.));
#924 = VERTEX_POINT('',#925);
#925 = CARTESIAN_POINT('',(28.721350234612,-34.78364778895,3.));
#926 = LINE('',#927,#928);
#927 = CARTESIAN_POINT('',(27.610717751982,-34.78364778895,3.));
#928 = VECTOR('',#929,1.);
#929 = DIRECTION('',(-1.,0.,0.));
#930 = ORIENTED_EDGE('',*,*,#931,.T.);
#931 = EDGE_CURVE('',#924,#932,#934,.T.);
#932 = VERTEX_POINT('',#933);
#933 = CARTESIAN_POINT('',(26.730039963567,-28.7914272874,3.));
#934 = LINE('',#935,#936);
#935 = CARTESIAN_POINT('',(26.650243309628,-28.55130441321,3.));
#936 = VECTOR('',#937,1.);
#937 = DIRECTION('',(-0.31535868609,0.948972549185,0.));
#938 = ORIENTED_EDGE('',*,*,#939,.T.);
#939 = EDGE_CURVE('',#932,#940,#942,.T.);
#940 = VERTEX_POINT('',#941);
#941 = CARTESIAN_POINT('',(28.09295145239,-28.33851010161,3.));
#942 = CIRCLE('',#943,0.718098479241);
#943 = AXIS2_PLACEMENT_3D('',#944,#945,#946);
#944 = CARTESIAN_POINT('',(27.411495707979,-28.56496869451,3.));
#945 = DIRECTION('',(0.,0.,-1.));
#946 = DIRECTION('',(1.,0.,0.));
#947 = ORIENTED_EDGE('',*,*,#948,.T.);
#948 = EDGE_CURVE('',#940,#949,#951,.T.);
#949 = VERTEX_POINT('',#950);
#950 = CARTESIAN_POINT('',(29.757502200791,-33.34745083047,3.));
#951 = LINE('',#952,#953);
#952 = CARTESIAN_POINT('',(28.845430172652,-30.60285759185,3.));
#953 = VECTOR('',#954,1.);
#954 = DIRECTION('',(0.31535868609,-0.948972549185,0.));
#955 = ORIENTED_EDGE('',*,*,#956,.T.);
#956 = EDGE_CURVE('',#949,#957,#959,.T.);
#957 = VERTEX_POINT('',#958);
#958 = CARTESIAN_POINT('',(40.382027840492,-33.34745083047,3.));
#959 = LINE('',#960,#961);
#960 = CARTESIAN_POINT('',(33.441056554922,-33.34745083047,3.));
#961 = VECTOR('',#962,1.);
#962 = DIRECTION('',(1.,0.,0.));
#963 = ORIENTED_EDGE('',*,*,#964,.T.);
#964 = EDGE_CURVE('',#957,#965,#967,.T.);
#965 = VERTEX_POINT('',#966);
#966 = CARTESIAN_POINT('',(42.04657858891,-28.3385101016,3.));
#967 = LINE('',#968,#969);
#968 = CARTESIAN_POINT('',(41.274111157271,-30.66300731728,3.));
#969 = VECTOR('',#970,1.);
#970 = DIRECTION('',(0.315358686093,0.948972549185,0.));
#971 = ORIENTED_EDGE('',*,*,#972,.T.);
#972 = EDGE_CURVE('',#965,#973,#975,.T.);
#973 = VERTEX_POINT('',#974);
#974 = CARTESIAN_POINT('',(43.409490077705,-28.7914272874,3.));
#975 = CIRCLE('',#976,0.718098479229);
#976 = AXIS2_PLACEMENT_3D('',#977,#978,#979);
#977 = CARTESIAN_POINT('',(42.728034333304,-28.56496869451,3.));
#978 = DIRECTION('',(0.,0.,-1.));
#979 = DIRECTION('',(1.,0.,0.));
#980 = ORIENTED_EDGE('',*,*,#981,.T.);
#981 = EDGE_CURVE('',#973,#922,#982,.T.);
#982 = LINE('',#983,#984);
#983 = CARTESIAN_POINT('',(41.641367510583,-34.11203475381,3.));
#984 = VECTOR('',#985,1.);
#985 = DIRECTION('',(-0.315358686087,-0.948972549186,0.));
#986 = FACE_BOUND('',#987,.T.);
#987 = EDGE_LOOP('',(#988,#998,#1006,#1014,#1022,#1030,#1039,#1047,#1055
    ,#1063,#1071,#1079,#1088,#1096,#1104,#1112,#1120,#1128,#1136,#1145,
    #1153,#1161,#1170,#1178,#1187,#1195,#1203,#1211));
#988 = ORIENTED_EDGE('',*,*,#989,.F.);
#989 = EDGE_CURVE('',#990,#992,#994,.T.);
#990 = VERTEX_POINT('',#991);
#991 = CARTESIAN_POINT('',(20.422247,-30.2409249,3.));
#992 = VERTEX_POINT('',#993);
#993 = CARTESIAN_POINT('',(20.422247,-34.6127549,3.));
#994 = LINE('',#995,#996);
#995 = CARTESIAN_POINT('',(20.422247,-31.47365932394,3.));
#996 = VECTOR('',#997,1.);
#997 = DIRECTION('',(0.,-1.,0.));
#998 = ORIENTED_EDGE('',*,*,#999,.F.);
#999 = EDGE_CURVE('',#1000,#990,#1002,.T.);
#1000 = VERTEX_POINT('',#1001);
#1001 = CARTESIAN_POINT('',(14.076434,-29.1745839,3.));
#1002 = LINE('',#1003,#1004);
#1003 = CARTESIAN_POINT('',(23.221940305116,-30.71138120854,3.));
#1004 = VECTOR('',#1005,1.);
#1005 = DIRECTION('',(0.986173659301,-0.165715158331,0.));
#1006 = ORIENTED_EDGE('',*,*,#1007,.F.);
#1007 = EDGE_CURVE('',#1008,#1000,#1010,.T.);
#1008 = VERTEX_POINT('',#1009);
#1009 = CARTESIAN_POINT('',(13.157072,-30.7829789,3.));
#1010 = LINE('',#1011,#1012);
#1011 = CARTESIAN_POINT('',(15.787154261788,-26.1817324275,3.));
#1012 = VECTOR('',#1013,1.);
#1013 = DIRECTION('',(0.496252520272,0.868178228317,0.));
#1014 = ORIENTED_EDGE('',*,*,#1015,.F.);
#1015 = EDGE_CURVE('',#1016,#1008,#1018,.T.);
#1016 = VERTEX_POINT('',#1017);
#1017 = CARTESIAN_POINT('',(11.385698,-32.6187679,3.));
#1018 = LINE('',#1019,#1020);
#1019 = CARTESIAN_POINT('',(16.9854402302,-26.81539425387,3.));
#1020 = VECTOR('',#1021,1.);
#1021 = DIRECTION('',(0.694368899612,0.719619226572,0.));
#1022 = ORIENTED_EDGE('',*,*,#1023,.F.);
#1023 = EDGE_CURVE('',#1024,#1016,#1026,.T.);
#1024 = VERTEX_POINT('',#1025);
#1025 = CARTESIAN_POINT('',(11.385698,-34.6127549,3.));
#1026 = LINE('',#1027,#1028);
#1027 = CARTESIAN_POINT('',(11.385698,-30.47666582394,3.));
#1028 = VECTOR('',#1029,1.);
#1029 = DIRECTION('',(0.,1.,0.));
#1030 = ORIENTED_EDGE('',*,*,#1031,.T.);
#1031 = EDGE_CURVE('',#1024,#1032,#1034,.T.);
#1032 = VERTEX_POINT('',#1033);
#1033 = CARTESIAN_POINT('',(9.910772,-34.6127549,3.));
#1034 = CIRCLE('',#1035,0.737463);
#1035 = AXIS2_PLACEMENT_3D('',#1036,#1037,#1038);
#1036 = CARTESIAN_POINT('',(10.648235,-34.6127549,3.));
#1037 = DIRECTION('',(0.,0.,-1.));
#1038 = DIRECTION('',(1.,0.,0.));
#1039 = ORIENTED_EDGE('',*,*,#1040,.F.);
#1040 = EDGE_CURVE('',#1041,#1032,#1043,.T.);
#1041 = VERTEX_POINT('',#1042);
#1042 = CARTESIAN_POINT('',(9.910772,-32.2749389,3.));
#1043 = LINE('',#1044,#1045);
#1044 = CARTESIAN_POINT('',(9.910772,-31.47365932394,3.));
#1045 = VECTOR('',#1046,1.);
#1046 = DIRECTION('',(0.,-1.,0.));
#1047 = ORIENTED_EDGE('',*,*,#1048,.F.);
#1048 = EDGE_CURVE('',#1049,#1041,#1051,.T.);
#1049 = VERTEX_POINT('',#1050);
#1050 = CARTESIAN_POINT('',(10.471528,-29.7510309,3.));
#1051 = LINE('',#1052,#1053);
#1052 = CARTESIAN_POINT('',(10.718100066766,-28.64123410444,3.));
#1053 = VECTOR('',#1054,1.);
#1054 = DIRECTION('',(-0.216889013045,-0.97619626921,0.));
#1055 = ORIENTED_EDGE('',*,*,#1056,.F.);
#1056 = EDGE_CURVE('',#1057,#1049,#1059,.T.);
#1057 = VERTEX_POINT('',#1058);
#1058 = CARTESIAN_POINT('',(10.471528,-26.9177069,3.));
#1059 = LINE('',#1060,#1061);
#1060 = CARTESIAN_POINT('',(10.471528,-29.04279732394,3.));
#1061 = VECTOR('',#1062,1.);
#1062 = DIRECTION('',(0.,-1.,0.));
#1063 = ORIENTED_EDGE('',*,*,#1064,.F.);
#1064 = EDGE_CURVE('',#1065,#1057,#1067,.T.);
#1065 = VERTEX_POINT('',#1066);
#1066 = CARTESIAN_POINT('',(9.969805,-25.8324399,3.));
#1067 = LINE('',#1068,#1069);
#1068 = CARTESIAN_POINT('',(12.152600118973,-30.5540004232,3.));
#1069 = VECTOR('',#1070,1.);
#1070 = DIRECTION('',(0.419630752848,-0.907694899878,0.));
#1071 = ORIENTED_EDGE('',*,*,#1072,.F.);
#1072 = EDGE_CURVE('',#1073,#1065,#1075,.T.);
#1073 = VERTEX_POINT('',#1074);
#1074 = CARTESIAN_POINT('',(9.969805,-16.9998579,3.));
#1075 = LINE('',#1076,#1077);
#1076 = CARTESIAN_POINT('',(9.969805,-27.08350182394,3.));
#1077 = VECTOR('',#1078,1.);
#1078 = DIRECTION('',(0.,-1.,0.));
#1079 = ORIENTED_EDGE('',*,*,#1080,.T.);
#1080 = EDGE_CURVE('',#1073,#1081,#1083,.T.);
#1081 = VERTEX_POINT('',#1082);
#1082 = CARTESIAN_POINT('',(11.444731,-16.9998579,3.));
#1083 = CIRCLE('',#1084,0.737463);
#1084 = AXIS2_PLACEMENT_3D('',#1085,#1086,#1087);
#1085 = CARTESIAN_POINT('',(10.707268,-16.9998579,3.));
#1086 = DIRECTION('',(0.,0.,-1.));
#1087 = DIRECTION('',(1.,0.,0.));
#1088 = ORIENTED_EDGE('',*,*,#1089,.F.);
#1089 = EDGE_CURVE('',#1090,#1081,#1092,.T.);
#1090 = VERTEX_POINT('',#1091);
#1091 = CARTESIAN_POINT('',(11.444731,-24.5440939,3.));
#1092 = LINE('',#1093,#1094);
#1093 = CARTESIAN_POINT('',(11.444731,-22.66721082394,3.));
#1094 = VECTOR('',#1095,1.);
#1095 = DIRECTION('',(0.,1.,0.));
#1096 = ORIENTED_EDGE('',*,*,#1097,.F.);
#1097 = EDGE_CURVE('',#1098,#1090,#1100,.T.);
#1098 = VERTEX_POINT('',#1099);
#1099 = CARTESIAN_POINT('',(20.616874,-24.5440939,3.));
#1100 = LINE('',#1101,#1102);
#1101 = CARTESIAN_POINT('',(18.972408134676,-24.5440939,3.));
#1102 = VECTOR('',#1103,1.);
#1103 = DIRECTION('',(-1.,0.,0.));
#1104 = ORIENTED_EDGE('',*,*,#1105,.F.);
#1105 = EDGE_CURVE('',#1106,#1098,#1108,.T.);
#1106 = VERTEX_POINT('',#1107);
#1107 = CARTESIAN_POINT('',(22.788566,-22.2845729,3.));
#1108 = LINE('',#1109,#1110);
#1109 = CARTESIAN_POINT('',(21.082522319426,-24.05961352416,3.));
#1110 = VECTOR('',#1111,1.);
#1111 = DIRECTION('',(-0.692955446834,-0.720980407989,0.));
#1112 = ORIENTED_EDGE('',*,*,#1113,.F.);
#1113 = EDGE_CURVE('',#1114,#1106,#1116,.T.);
#1114 = VERTEX_POINT('',#1115);
#1115 = CARTESIAN_POINT('',(24.99797,-19.7005149,3.));
#1116 = LINE('',#1117,#1118);
#1117 = CARTESIAN_POINT('',(22.078150929256,-23.11545477894,3.));
#1118 = VECTOR('',#1119,1.);
#1119 = DIRECTION('',(-0.649857824106,-0.760055792984,0.));
#1120 = ORIENTED_EDGE('',*,*,#1121,.F.);
#1121 = EDGE_CURVE('',#1122,#1114,#1124,.T.);
#1122 = VERTEX_POINT('',#1123);
#1123 = CARTESIAN_POINT('',(25.148381999792,-21.40752889979,3.));
#1124 = LINE('',#1125,#1126);
#1125 = CARTESIAN_POINT('',(25.381216436354,-24.04994867611,3.));
#1126 = VECTOR('',#1127,1.);
#1127 = DIRECTION('',(-8.777401451194E-02,0.996140412982,0.));
#1128 = ORIENTED_EDGE('',*,*,#1129,.T.);
#1129 = EDGE_CURVE('',#1122,#1130,#1132,.T.);
#1130 = VERTEX_POINT('',#1131);
#1131 = CARTESIAN_POINT('',(26.014907838679,-22.04058409722,3.));
#1132 = LINE('',#1133,#1134);
#1133 = CARTESIAN_POINT('',(27.672095690148,-23.25127088279,3.));
#1134 = VECTOR('',#1135,1.);
#1135 = DIRECTION('',(0.807468898175,-0.589910144412,0.));
#1136 = ORIENTED_EDGE('',*,*,#1137,.T.);
#1137 = EDGE_CURVE('',#1130,#1138,#1140,.T.);
#1138 = VERTEX_POINT('',#1139);
#1139 = CARTESIAN_POINT('',(26.254872836548,-22.57412790041,3.));
#1140 = CIRCLE('',#1141,0.591594999952);
#1141 = AXIS2_PLACEMENT_3D('',#1142,#1143,#1144);
#1142 = CARTESIAN_POINT('',(25.665919946824,-22.51827866,3.));
#1143 = DIRECTION('',(0.,0.,-1.));
#1144 = DIRECTION('',(1.,0.,0.));
#1145 = ORIENTED_EDGE('',*,*,#1146,.F.);
#1146 = EDGE_CURVE('',#1147,#1138,#1149,.T.);
#1147 = VERTEX_POINT('',#1148);
#1148 = CARTESIAN_POINT('',(26.215775999777,-22.98641989988,3.));
#1149 = LINE('',#1150,#1151);
#1150 = CARTESIAN_POINT('',(25.985274298367,-25.41715382117,3.));
#1151 = VECTOR('',#1152,1.);
#1152 = DIRECTION('',(9.440451729615E-02,0.995533920625,0.));
#1153 = ORIENTED_EDGE('',*,*,#1154,.F.);
#1154 = EDGE_CURVE('',#1155,#1147,#1157,.T.);
#1155 = VERTEX_POINT('',#1156);
#1156 = CARTESIAN_POINT('',(27.047199043428,-23.40784240057,3.));
#1157 = LINE('',#1158,#1159);
#1158 = CARTESIAN_POINT('',(27.40723068902,-23.59033125215,3.));
#1159 = VECTOR('',#1160,1.);
#1160 = DIRECTION('',(-0.891963031613,0.452108339047,0.));
#1161 = ORIENTED_EDGE('',*,*,#1162,.T.);
#1162 = EDGE_CURVE('',#1155,#1163,#1165,.T.);
#1163 = VERTEX_POINT('',#1164);
#1164 = CARTESIAN_POINT('',(27.104340753709,-23.8317698998,3.));
#1165 = CIRCLE('',#1166,0.259697871938);
#1166 = AXIS2_PLACEMENT_3D('',#1167,#1168,#1169);
#1167 = CARTESIAN_POINT('',(26.929787469892,-23.63948330173,3.));
#1168 = DIRECTION('',(0.,0.,-1.));
#1169 = DIRECTION('',(1.,0.,0.));
#1170 = ORIENTED_EDGE('',*,*,#1171,.F.);
#1171 = EDGE_CURVE('',#1172,#1163,#1174,.T.);
#1172 = VERTEX_POINT('',#1173);
#1173 = CARTESIAN_POINT('',(26.922348215878,-24.38770366043,3.));
#1174 = LINE('',#1175,#1176);
#1175 = CARTESIAN_POINT('',(26.409410565214,-25.95457755812,3.));
#1176 = VECTOR('',#1177,1.);
#1177 = DIRECTION('',(0.311117160579,0.950371565438,0.));
#1178 = ORIENTED_EDGE('',*,*,#1179,.T.);
#1179 = EDGE_CURVE('',#1172,#1180,#1182,.T.);
#1180 = VERTEX_POINT('',#1181);
#1181 = CARTESIAN_POINT('',(26.580573617696,-24.65295223313,3.));
#1182 = CIRCLE('',#1183,0.386245996954);
#1183 = AXIS2_PLACEMENT_3D('',#1184,#1185,#1186);
#1184 = CARTESIAN_POINT('',(26.555271003108,-24.26753590257,3.));
#1185 = DIRECTION('',(0.,0.,-1.));
#1186 = DIRECTION('',(1.,0.,0.));
#1187 = ORIENTED_EDGE('',*,*,#1188,.F.);
#1188 = EDGE_CURVE('',#1189,#1180,#1191,.T.);
#1189 = VERTEX_POINT('',#1190);
#1190 = CARTESIAN_POINT('',(24.902847,-24.65295223313,3.));
#1191 = LINE('',#1192,#1193);
#1192 = CARTESIAN_POINT('',(26.540329443524,-24.65295223313,3.));
#1193 = VECTOR('',#1194,1.);
#1194 = DIRECTION('',(1.,0.,0.));
#1195 = ORIENTED_EDGE('',*,*,#1196,.F.);
#1196 = EDGE_CURVE('',#1197,#1189,#1199,.T.);
#1197 = VERTEX_POINT('',#1198);
#1198 = CARTESIAN_POINT('',(21.897173,-29.9693069,3.));
#1199 = LINE('',#1200,#1201);
#1200 = CARTESIAN_POINT('',(24.307639554089,-25.70573902332,3.));
#1201 = VECTOR('',#1202,1.);
#1202 = DIRECTION('',(0.492153786245,0.870508271463,0.));
#1203 = ORIENTED_EDGE('',*,*,#1204,.F.);
#1204 = EDGE_CURVE('',#1205,#1197,#1207,.T.);
#1205 = VERTEX_POINT('',#1206);
#1206 = CARTESIAN_POINT('',(21.897173,-34.6127549,3.));
#1207 = LINE('',#1208,#1209);
#1208 = CARTESIAN_POINT('',(21.897173,-29.15193532394,3.));
#1209 = VECTOR('',#1210,1.);
#1210 = DIRECTION('',(0.,1.,0.));
#1211 = ORIENTED_EDGE('',*,*,#1212,.T.);
#1212 = EDGE_CURVE('',#1205,#992,#1213,.T.);
#1213 = CIRCLE('',#1214,0.737463);
#1214 = AXIS2_PLACEMENT_3D('',#1215,#1216,#1217);
#1215 = CARTESIAN_POINT('',(21.15971,-34.6127549,3.));
#1216 = DIRECTION('',(0.,0.,-1.));
#1217 = DIRECTION('',(1.,0.,0.));
#1218 = PLANE('',#1219);
#1219 = AXIS2_PLACEMENT_3D('',#1220,#1221,#1222);
#1220 = CARTESIAN_POINT('',(26.500085269353,-28.33456374788,3.));
#1221 = DIRECTION('',(0.,0.,1.));
#1222 = DIRECTION('',(1.,0.,0.));
#1223 = ADVANCED_FACE('',(#1224),#1250,.T.);
#1224 = FACE_BOUND('',#1225,.F.);
#1225 = EDGE_LOOP('',(#1226,#1227,#1235,#1244));
#1226 = ORIENTED_EDGE('',*,*,#851,.T.);
#1227 = ORIENTED_EDGE('',*,*,#1228,.T.);
#1228 = EDGE_CURVE('',#854,#1229,#1231,.T.);
#1229 = VERTEX_POINT('',#1230);
#1230 = CARTESIAN_POINT('',(43.15983,-40.292278,4.5));
#1231 = LINE('',#1232,#1233);
#1232 = CARTESIAN_POINT('',(43.15983,-40.292278,0.));
#1233 = VECTOR('',#1234,1.);
#1234 = DIRECTION('',(0.,0.,1.));
#1235 = ORIENTED_EDGE('',*,*,#1236,.T.);
#1236 = EDGE_CURVE('',#1229,#1237,#1239,.T.);
#1237 = VERTEX_POINT('',#1238);
#1238 = CARTESIAN_POINT('',(43.15983,-37.492968,4.5));
#1239 = CIRCLE('',#1240,1.399655);
#1240 = AXIS2_PLACEMENT_3D('',#1241,#1242,#1243);
#1241 = CARTESIAN_POINT('',(43.15983,-38.892623,4.5));
#1242 = DIRECTION('',(0.,0.,1.));
#1243 = DIRECTION('',(1.,0.,0.));
#1244 = ORIENTED_EDGE('',*,*,#1245,.F.);
#1245 = EDGE_CURVE('',#852,#1237,#1246,.T.);
#1246 = LINE('',#1247,#1248);
#1247 = CARTESIAN_POINT('',(43.15983,-37.492968,0.));
#1248 = VECTOR('',#1249,1.);
#1249 = DIRECTION('',(0.,0.,1.));
#1250 = CYLINDRICAL_SURFACE('',#1251,1.399655);
#1251 = AXIS2_PLACEMENT_3D('',#1252,#1253,#1254);
#1252 = CARTESIAN_POINT('',(43.15983,-38.892623,0.));
#1253 = DIRECTION('',(-0.,-0.,-1.));
#1254 = DIRECTION('',(1.,0.,0.));
#1255 = ADVANCED_FACE('',(#1256),#1274,.F.);
#1256 = FACE_BOUND('',#1257,.F.);
#1257 = EDGE_LOOP('',(#1258,#1259,#1260,#1268));
#1258 = ORIENTED_EDGE('',*,*,#879,.T.);
#1259 = ORIENTED_EDGE('',*,*,#1245,.T.);
#1260 = ORIENTED_EDGE('',*,*,#1261,.T.);
#1261 = EDGE_CURVE('',#1237,#1262,#1264,.T.);
#1262 = VERTEX_POINT('',#1263);
#1263 = CARTESIAN_POINT('',(9.75721,-37.492968,4.5));
#1264 = LINE('',#1265,#1266);
#1265 = CARTESIAN_POINT('',(43.15983,-37.492968,4.5));
#1266 = VECTOR('',#1267,1.);
#1267 = DIRECTION('',(-1.,0.,0.));
#1268 = ORIENTED_EDGE('',*,*,#1269,.F.);
#1269 = EDGE_CURVE('',#871,#1262,#1270,.T.);
#1270 = LINE('',#1271,#1272);
#1271 = CARTESIAN_POINT('',(9.75721,-37.492968,0.));
#1272 = VECTOR('',#1273,1.);
#1273 = DIRECTION('',(0.,0.,1.));
#1274 = PLANE('',#1275);
#1275 = AXIS2_PLACEMENT_3D('',#1276,#1277,#1278);
#1276 = CARTESIAN_POINT('',(43.15983,-37.492968,0.));
#1277 = DIRECTION('',(0.,-1.,0.));
#1278 = DIRECTION('',(-1.,0.,0.));
#1279 = ADVANCED_FACE('',(#1280),#1298,.F.);
#1280 = FACE_BOUND('',#1281,.F.);
#1281 = EDGE_LOOP('',(#1282,#1283,#1291,#1297));
#1282 = ORIENTED_EDGE('',*,*,#862,.T.);
#1283 = ORIENTED_EDGE('',*,*,#1284,.T.);
#1284 = EDGE_CURVE('',#863,#1285,#1287,.T.);
#1285 = VERTEX_POINT('',#1286);
#1286 = CARTESIAN_POINT('',(9.75721,-40.292278,4.5));
#1287 = LINE('',#1288,#1289);
#1288 = CARTESIAN_POINT('',(9.75721,-40.292278,0.));
#1289 = VECTOR('',#1290,1.);
#1290 = DIRECTION('',(0.,0.,1.));
#1291 = ORIENTED_EDGE('',*,*,#1292,.T.);
#1292 = EDGE_CURVE('',#1285,#1229,#1293,.T.);
#1293 = LINE('',#1294,#1295);
#1294 = CARTESIAN_POINT('',(9.75721,-40.292278,4.5));
#1295 = VECTOR('',#1296,1.);
#1296 = DIRECTION('',(1.,0.,0.));
#1297 = ORIENTED_EDGE('',*,*,#1228,.F.);
#1298 = PLANE('',#1299);
#1299 = AXIS2_PLACEMENT_3D('',#1300,#1301,#1302);
#1300 = CARTESIAN_POINT('',(9.75721,-40.292278,0.));
#1301 = DIRECTION('',(0.,1.,0.));
#1302 = DIRECTION('',(1.,0.,0.));
#1303 = ADVANCED_FACE('',(#1304),#1316,.T.);
#1304 = FACE_BOUND('',#1305,.F.);
#1305 = EDGE_LOOP('',(#1306,#1307,#1308,#1315));
#1306 = ORIENTED_EDGE('',*,*,#870,.T.);
#1307 = ORIENTED_EDGE('',*,*,#1269,.T.);
#1308 = ORIENTED_EDGE('',*,*,#1309,.T.);
#1309 = EDGE_CURVE('',#1262,#1285,#1310,.T.);
#1310 = CIRCLE('',#1311,1.399655);
#1311 = AXIS2_PLACEMENT_3D('',#1312,#1313,#1314);
#1312 = CARTESIAN_POINT('',(9.75721,-38.892623,4.5));
#1313 = DIRECTION('',(0.,0.,1.));
#1314 = DIRECTION('',(1.,0.,0.));
#1315 = ORIENTED_EDGE('',*,*,#1284,.F.);
#1316 = CYLINDRICAL_SURFACE('',#1317,1.399655);
#1317 = AXIS2_PLACEMENT_3D('',#1318,#1319,#1320);
#1318 = CARTESIAN_POINT('',(9.75721,-38.892623,0.));
#1319 = DIRECTION('',(-0.,-0.,-1.));
#1320 = DIRECTION('',(1.,0.,0.));
#1321 = ADVANCED_FACE('',(#1322),#1347,.T.);
#1322 = FACE_BOUND('',#1323,.T.);
#1323 = EDGE_LOOP('',(#1324,#1325,#1333,#1341));
#1324 = ORIENTED_EDGE('',*,*,#887,.T.);
#1325 = ORIENTED_EDGE('',*,*,#1326,.T.);
#1326 = EDGE_CURVE('',#890,#1327,#1329,.T.);
#1327 = VERTEX_POINT('',#1328);
#1328 = CARTESIAN_POINT('',(29.891556589787,-30.84298046604,4.5));
#1329 = LINE('',#1330,#1331);
#1330 = CARTESIAN_POINT('',(29.891556589787,-30.84298046604,0.));
#1331 = VECTOR('',#1332,1.);
#1332 = DIRECTION('',(0.,0.,1.));
#1333 = ORIENTED_EDGE('',*,*,#1334,.T.);
#1334 = EDGE_CURVE('',#1327,#1335,#1337,.T.);
#1335 = VERTEX_POINT('',#1336);
#1336 = CARTESIAN_POINT('',(40.247973451487,-30.84298046604,4.5));
#1337 = LINE('',#1338,#1339);
#1338 = CARTESIAN_POINT('',(29.891556589787,-30.84298046604,4.5));
#1339 = VECTOR('',#1340,1.);
#1340 = DIRECTION('',(1.,0.,0.));
#1341 = ORIENTED_EDGE('',*,*,#1342,.F.);
#1342 = EDGE_CURVE('',#888,#1335,#1343,.T.);
#1343 = LINE('',#1344,#1345);
#1344 = CARTESIAN_POINT('',(40.247973451487,-30.84298046604,0.));
#1345 = VECTOR('',#1346,1.);
#1346 = DIRECTION('',(0.,0.,1.));
#1347 = PLANE('',#1348);
#1348 = AXIS2_PLACEMENT_3D('',#1349,#1350,#1351);
#1349 = CARTESIAN_POINT('',(29.891556589787,-30.84298046604,0.));
#1350 = DIRECTION('',(0.,1.,0.));
#1351 = DIRECTION('',(1.,0.,0.));
#1352 = ADVANCED_FACE('',(#1353),#1371,.T.);
#1353 = FACE_BOUND('',#1354,.T.);
#1354 = EDGE_LOOP('',(#1355,#1356,#1357,#1365));
#1355 = ORIENTED_EDGE('',*,*,#897,.T.);
#1356 = ORIENTED_EDGE('',*,*,#1342,.T.);
#1357 = ORIENTED_EDGE('',*,*,#1358,.T.);
#1358 = EDGE_CURVE('',#1335,#1359,#1361,.T.);
#1359 = VERTEX_POINT('',#1360);
#1360 = CARTESIAN_POINT('',(39.720438561745,-32.43043041173,4.5));
#1361 = LINE('',#1362,#1363);
#1362 = CARTESIAN_POINT('',(40.247973451487,-30.84298046604,4.5));
#1363 = VECTOR('',#1364,1.);
#1364 = DIRECTION('',(-0.315358686087,-0.948972549186,0.));
#1365 = ORIENTED_EDGE('',*,*,#1366,.F.);
#1366 = EDGE_CURVE('',#898,#1359,#1367,.T.);
#1367 = LINE('',#1368,#1369);
#1368 = CARTESIAN_POINT('',(39.720438561745,-32.43043041173,0.));
#1369 = VECTOR('',#1370,1.);
#1370 = DIRECTION('',(0.,0.,1.));
#1371 = PLANE('',#1372);
#1372 = AXIS2_PLACEMENT_3D('',#1373,#1374,#1375);
#1373 = CARTESIAN_POINT('',(40.247973451487,-30.84298046604,0.));
#1374 = DIRECTION('',(0.948972549186,-0.315358686087,0.));
#1375 = DIRECTION('',(-0.315358686087,-0.948972549186,0.));
#1376 = ADVANCED_FACE('',(#1377),#1395,.T.);
#1377 = FACE_BOUND('',#1378,.T.);
#1378 = EDGE_LOOP('',(#1379,#1380,#1388,#1394));
#1379 = ORIENTED_EDGE('',*,*,#913,.T.);
#1380 = ORIENTED_EDGE('',*,*,#1381,.T.);
#1381 = EDGE_CURVE('',#906,#1382,#1384,.T.);
#1382 = VERTEX_POINT('',#1383);
#1383 = CARTESIAN_POINT('',(30.419091479536,-32.43043041173,4.5));
#1384 = LINE('',#1385,#1386);
#1385 = CARTESIAN_POINT('',(30.419091479536,-32.43043041173,0.));
#1386 = VECTOR('',#1387,1.);
#1387 = DIRECTION('',(0.,0.,1.));
#1388 = ORIENTED_EDGE('',*,*,#1389,.T.);
#1389 = EDGE_CURVE('',#1382,#1327,#1390,.T.);
#1390 = LINE('',#1391,#1392);
#1391 = CARTESIAN_POINT('',(30.419091479536,-32.43043041173,4.5));
#1392 = VECTOR('',#1393,1.);
#1393 = DIRECTION('',(-0.31535868609,0.948972549185,0.));
#1394 = ORIENTED_EDGE('',*,*,#1326,.F.);
#1395 = PLANE('',#1396);
#1396 = AXIS2_PLACEMENT_3D('',#1397,#1398,#1399);
#1397 = CARTESIAN_POINT('',(30.419091479536,-32.43043041173,0.));
#1398 = DIRECTION('',(-0.948972549185,-0.31535868609,0.));
#1399 = DIRECTION('',(-0.31535868609,0.948972549185,0.));
#1400 = ADVANCED_FACE('',(#1401),#1412,.T.);
#1401 = FACE_BOUND('',#1402,.T.);
#1402 = EDGE_LOOP('',(#1403,#1404,#1405,#1411));
#1403 = ORIENTED_EDGE('',*,*,#905,.T.);
#1404 = ORIENTED_EDGE('',*,*,#1366,.T.);
#1405 = ORIENTED_EDGE('',*,*,#1406,.T.);
#1406 = EDGE_CURVE('',#1359,#1382,#1407,.T.);
#1407 = LINE('',#1408,#1409);
#1408 = CARTESIAN_POINT('',(39.720438561745,-32.43043041173,4.5));
#1409 = VECTOR('',#1410,1.);
#1410 = DIRECTION('',(-1.,0.,0.));
#1411 = ORIENTED_EDGE('',*,*,#1381,.F.);
#1412 = PLANE('',#1413);
#1413 = AXIS2_PLACEMENT_3D('',#1414,#1415,#1416);
#1414 = CARTESIAN_POINT('',(39.720438561745,-32.43043041173,0.));
#1415 = DIRECTION('',(0.,-1.,0.));
#1416 = DIRECTION('',(-1.,0.,0.));
#1417 = ADVANCED_FACE('',(#1418),#1443,.F.);
#1418 = FACE_BOUND('',#1419,.F.);
#1419 = EDGE_LOOP('',(#1420,#1421,#1429,#1437));
#1420 = ORIENTED_EDGE('',*,*,#921,.T.);
#1421 = ORIENTED_EDGE('',*,*,#1422,.T.);
#1422 = EDGE_CURVE('',#924,#1423,#1425,.T.);
#1423 = VERTEX_POINT('',#1424);
#1424 = CARTESIAN_POINT('',(28.721350234612,-34.78364778895,4.5));
#1425 = LINE('',#1426,#1427);
#1426 = CARTESIAN_POINT('',(28.721350234612,-34.78364778895,0.));
#1427 = VECTOR('',#1428,1.);
#1428 = DIRECTION('',(0.,0.,1.));
#1429 = ORIENTED_EDGE('',*,*,#1430,.T.);
#1430 = EDGE_CURVE('',#1423,#1431,#1433,.T.);
#1431 = VERTEX_POINT('',#1432);
#1432 = CARTESIAN_POINT('',(41.41817980668,-34.78364778895,4.5));
#1433 = LINE('',#1434,#1435);
#1434 = CARTESIAN_POINT('',(28.721350234612,-34.78364778895,4.5));
#1435 = VECTOR('',#1436,1.);
#1436 = DIRECTION('',(1.,0.,0.));
#1437 = ORIENTED_EDGE('',*,*,#1438,.F.);
#1438 = EDGE_CURVE('',#922,#1431,#1439,.T.);
#1439 = LINE('',#1440,#1441);
#1440 = CARTESIAN_POINT('',(41.41817980668,-34.78364778895,0.));
#1441 = VECTOR('',#1442,1.);
#1442 = DIRECTION('',(0.,0.,1.));
#1443 = PLANE('',#1444);
#1444 = AXIS2_PLACEMENT_3D('',#1445,#1446,#1447);
#1445 = CARTESIAN_POINT('',(28.721350234612,-34.78364778895,0.));
#1446 = DIRECTION('',(0.,1.,0.));
#1447 = DIRECTION('',(1.,0.,0.));
#1448 = ADVANCED_FACE('',(#1449),#1467,.F.);
#1449 = FACE_BOUND('',#1450,.F.);
#1450 = EDGE_LOOP('',(#1451,#1452,#1453,#1461));
#1451 = ORIENTED_EDGE('',*,*,#981,.T.);
#1452 = ORIENTED_EDGE('',*,*,#1438,.T.);
#1453 = ORIENTED_EDGE('',*,*,#1454,.T.);
#1454 = EDGE_CURVE('',#1431,#1455,#1457,.T.);
#1455 = VERTEX_POINT('',#1456);
#1456 = CARTESIAN_POINT('',(43.409490077705,-28.7914272874,4.5));
#1457 = LINE('',#1458,#1459);
#1458 = CARTESIAN_POINT('',(41.41817980668,-34.78364778895,4.5));
#1459 = VECTOR('',#1460,1.);
#1460 = DIRECTION('',(0.315358686087,0.948972549186,0.));
#1461 = ORIENTED_EDGE('',*,*,#1462,.F.);
#1462 = EDGE_CURVE('',#973,#1455,#1463,.T.);
#1463 = LINE('',#1464,#1465);
#1464 = CARTESIAN_POINT('',(43.409490077705,-28.7914272874,0.));
#1465 = VECTOR('',#1466,1.);
#1466 = DIRECTION('',(0.,0.,1.));
#1467 = PLANE('',#1468);
#1468 = AXIS2_PLACEMENT_3D('',#1469,#1470,#1471);
#1469 = CARTESIAN_POINT('',(41.41817980668,-34.78364778895,0.));
#1470 = DIRECTION('',(-0.948972549186,0.315358686087,0.));
#1471 = DIRECTION('',(0.315358686087,0.948972549186,0.));
#1472 = ADVANCED_FACE('',(#1473),#1491,.F.);
#1473 = FACE_BOUND('',#1474,.F.);
#1474 = EDGE_LOOP('',(#1475,#1476,#1484,#1490));
#1475 = ORIENTED_EDGE('',*,*,#931,.T.);
#1476 = ORIENTED_EDGE('',*,*,#1477,.T.);
#1477 = EDGE_CURVE('',#932,#1478,#1480,.T.);
#1478 = VERTEX_POINT('',#1479);
#1479 = CARTESIAN_POINT('',(26.730039963567,-28.7914272874,4.5));
#1480 = LINE('',#1481,#1482);
#1481 = CARTESIAN_POINT('',(26.730039963567,-28.7914272874,0.));
#1482 = VECTOR('',#1483,1.);
#1483 = DIRECTION('',(0.,0.,1.));
#1484 = ORIENTED_EDGE('',*,*,#1485,.T.);
#1485 = EDGE_CURVE('',#1478,#1423,#1486,.T.);
#1486 = LINE('',#1487,#1488);
#1487 = CARTESIAN_POINT('',(26.730039963567,-28.7914272874,4.5));
#1488 = VECTOR('',#1489,1.);
#1489 = DIRECTION('',(0.31535868609,-0.948972549185,0.));
#1490 = ORIENTED_EDGE('',*,*,#1422,.F.);
#1491 = PLANE('',#1492);
#1492 = AXIS2_PLACEMENT_3D('',#1493,#1494,#1495);
#1493 = CARTESIAN_POINT('',(26.730039963567,-28.7914272874,0.));
#1494 = DIRECTION('',(0.948972549185,0.31535868609,0.));
#1495 = DIRECTION('',(0.31535868609,-0.948972549185,0.));
#1496 = ADVANCED_FACE('',(#1497),#1516,.T.);
#1497 = FACE_BOUND('',#1498,.F.);
#1498 = EDGE_LOOP('',(#1499,#1500,#1501,#1510));
#1499 = ORIENTED_EDGE('',*,*,#972,.T.);
#1500 = ORIENTED_EDGE('',*,*,#1462,.T.);
#1501 = ORIENTED_EDGE('',*,*,#1502,.T.);
#1502 = EDGE_CURVE('',#1455,#1503,#1505,.T.);
#1503 = VERTEX_POINT('',#1504);
#1504 = CARTESIAN_POINT('',(42.04657858891,-28.3385101016,4.5));
#1505 = CIRCLE('',#1506,0.718098479229);
#1506 = AXIS2_PLACEMENT_3D('',#1507,#1508,#1509);
#1507 = CARTESIAN_POINT('',(42.728034333304,-28.56496869451,4.5));
#1508 = DIRECTION('',(0.,0.,1.));
#1509 = DIRECTION('',(1.,0.,0.));
#1510 = ORIENTED_EDGE('',*,*,#1511,.F.);
#1511 = EDGE_CURVE('',#965,#1503,#1512,.T.);
#1512 = LINE('',#1513,#1514);
#1513 = CARTESIAN_POINT('',(42.04657858891,-28.3385101016,0.));
#1514 = VECTOR('',#1515,1.);
#1515 = DIRECTION('',(0.,0.,1.));
#1516 = CYLINDRICAL_SURFACE('',#1517,0.718098479229);
#1517 = AXIS2_PLACEMENT_3D('',#1518,#1519,#1520);
#1518 = CARTESIAN_POINT('',(42.728034333304,-28.56496869451,0.));
#1519 = DIRECTION('',(-0.,-0.,-1.));
#1520 = DIRECTION('',(1.,0.,0.));
#1521 = ADVANCED_FACE('',(#1522),#1541,.T.);
#1522 = FACE_BOUND('',#1523,.F.);
#1523 = EDGE_LOOP('',(#1524,#1525,#1533,#1540));
#1524 = ORIENTED_EDGE('',*,*,#939,.T.);
#1525 = ORIENTED_EDGE('',*,*,#1526,.T.);
#1526 = EDGE_CURVE('',#940,#1527,#1529,.T.);
#1527 = VERTEX_POINT('',#1528);
#1528 = CARTESIAN_POINT('',(28.09295145239,-28.33851010161,4.5));
#1529 = LINE('',#1530,#1531);
#1530 = CARTESIAN_POINT('',(28.09295145239,-28.33851010161,0.));
#1531 = VECTOR('',#1532,1.);
#1532 = DIRECTION('',(0.,0.,1.));
#1533 = ORIENTED_EDGE('',*,*,#1534,.T.);
#1534 = EDGE_CURVE('',#1527,#1478,#1535,.T.);
#1535 = CIRCLE('',#1536,0.718098479241);
#1536 = AXIS2_PLACEMENT_3D('',#1537,#1538,#1539);
#1537 = CARTESIAN_POINT('',(27.411495707979,-28.56496869451,4.5));
#1538 = DIRECTION('',(0.,0.,1.));
#1539 = DIRECTION('',(1.,0.,0.));
#1540 = ORIENTED_EDGE('',*,*,#1477,.F.);
#1541 = CYLINDRICAL_SURFACE('',#1542,0.718098479241);
#1542 = AXIS2_PLACEMENT_3D('',#1543,#1544,#1545);
#1543 = CARTESIAN_POINT('',(27.411495707979,-28.56496869451,0.));
#1544 = DIRECTION('',(-0.,-0.,-1.));
#1545 = DIRECTION('',(1.,0.,0.));
#1546 = ADVANCED_FACE('',(#1547),#1565,.F.);
#1547 = FACE_BOUND('',#1548,.F.);
#1548 = EDGE_LOOP('',(#1549,#1550,#1551,#1559));
#1549 = ORIENTED_EDGE('',*,*,#964,.T.);
#1550 = ORIENTED_EDGE('',*,*,#1511,.T.);
#1551 = ORIENTED_EDGE('',*,*,#1552,.T.);
#1552 = EDGE_CURVE('',#1503,#1553,#1555,.T.);
#1553 = VERTEX_POINT('',#1554);
#1554 = CARTESIAN_POINT('',(40.382027840492,-33.34745083047,4.5));
#1555 = LINE('',#1556,#1557);
#1556 = CARTESIAN_POINT('',(42.04657858891,-28.3385101016,4.5));
#1557 = VECTOR('',#1558,1.);
#1558 = DIRECTION('',(-0.315358686093,-0.948972549185,0.));
#1559 = ORIENTED_EDGE('',*,*,#1560,.F.);
#1560 = EDGE_CURVE('',#957,#1553,#1561,.T.);
#1561 = LINE('',#1562,#1563);
#1562 = CARTESIAN_POINT('',(40.382027840492,-33.34745083047,0.));
#1563 = VECTOR('',#1564,1.);
#1564 = DIRECTION('',(0.,0.,1.));
#1565 = PLANE('',#1566);
#1566 = AXIS2_PLACEMENT_3D('',#1567,#1568,#1569);
#1567 = CARTESIAN_POINT('',(42.04657858891,-28.3385101016,0.));
#1568 = DIRECTION('',(0.948972549185,-0.315358686093,0.));
#1569 = DIRECTION('',(-0.315358686093,-0.948972549185,0.));
#1570 = ADVANCED_FACE('',(#1571),#1589,.F.);
#1571 = FACE_BOUND('',#1572,.F.);
#1572 = EDGE_LOOP('',(#1573,#1574,#1582,#1588));
#1573 = ORIENTED_EDGE('',*,*,#948,.T.);
#1574 = ORIENTED_EDGE('',*,*,#1575,.T.);
#1575 = EDGE_CURVE('',#949,#1576,#1578,.T.);
#1576 = VERTEX_POINT('',#1577);
#1577 = CARTESIAN_POINT('',(29.757502200791,-33.34745083047,4.5));
#1578 = LINE('',#1579,#1580);
#1579 = CARTESIAN_POINT('',(29.757502200791,-33.34745083047,0.));
#1580 = VECTOR('',#1581,1.);
#1581 = DIRECTION('',(0.,0.,1.));
#1582 = ORIENTED_EDGE('',*,*,#1583,.T.);
#1583 = EDGE_CURVE('',#1576,#1527,#1584,.T.);
#1584 = LINE('',#1585,#1586);
#1585 = CARTESIAN_POINT('',(29.757502200791,-33.34745083047,4.5));
#1586 = VECTOR('',#1587,1.);
#1587 = DIRECTION('',(-0.31535868609,0.948972549185,0.));
#1588 = ORIENTED_EDGE('',*,*,#1526,.F.);
#1589 = PLANE('',#1590);
#1590 = AXIS2_PLACEMENT_3D('',#1591,#1592,#1593);
#1591 = CARTESIAN_POINT('',(29.757502200791,-33.34745083047,0.));
#1592 = DIRECTION('',(-0.948972549185,-0.31535868609,0.));
#1593 = DIRECTION('',(-0.31535868609,0.948972549185,0.));
#1594 = ADVANCED_FACE('',(#1595),#1606,.F.);
#1595 = FACE_BOUND('',#1596,.F.);
#1596 = EDGE_LOOP('',(#1597,#1598,#1599,#1605));
#1597 = ORIENTED_EDGE('',*,*,#956,.T.);
#1598 = ORIENTED_EDGE('',*,*,#1560,.T.);
#1599 = ORIENTED_EDGE('',*,*,#1600,.T.);
#1600 = EDGE_CURVE('',#1553,#1576,#1601,.T.);
#1601 = LINE('',#1602,#1603);
#1602 = CARTESIAN_POINT('',(40.382027840492,-33.34745083047,4.5));
#1603 = VECTOR('',#1604,1.);
#1604 = DIRECTION('',(-1.,0.,0.));
#1605 = ORIENTED_EDGE('',*,*,#1575,.F.);
#1606 = PLANE('',#1607);
#1607 = AXIS2_PLACEMENT_3D('',#1608,#1609,#1610);
#1608 = CARTESIAN_POINT('',(40.382027840492,-33.34745083047,0.));
#1609 = DIRECTION('',(0.,-1.,0.));
#1610 = DIRECTION('',(-1.,0.,0.));
#1611 = ADVANCED_FACE('',(#1612),#1637,.T.);
#1612 = FACE_BOUND('',#1613,.T.);
#1613 = EDGE_LOOP('',(#1614,#1615,#1623,#1631));
#1614 = ORIENTED_EDGE('',*,*,#989,.T.);
#1615 = ORIENTED_EDGE('',*,*,#1616,.T.);
#1616 = EDGE_CURVE('',#992,#1617,#1619,.T.);
#1617 = VERTEX_POINT('',#1618);
#1618 = CARTESIAN_POINT('',(20.422247,-34.6127549,4.5));
#1619 = LINE('',#1620,#1621);
#1620 = CARTESIAN_POINT('',(20.422247,-34.6127549,0.));
#1621 = VECTOR('',#1622,1.);
#1622 = DIRECTION('',(0.,0.,1.));
#1623 = ORIENTED_EDGE('',*,*,#1624,.T.);
#1624 = EDGE_CURVE('',#1617,#1625,#1627,.T.);
#1625 = VERTEX_POINT('',#1626);
#1626 = CARTESIAN_POINT('',(20.422247,-30.2409249,4.5));
#1627 = LINE('',#1628,#1629);
#1628 = CARTESIAN_POINT('',(20.422247,-34.6127549,4.5));
#1629 = VECTOR('',#1630,1.);
#1630 = DIRECTION('',(0.,1.,0.));
#1631 = ORIENTED_EDGE('',*,*,#1632,.F.);
#1632 = EDGE_CURVE('',#990,#1625,#1633,.T.);
#1633 = LINE('',#1634,#1635);
#1634 = CARTESIAN_POINT('',(20.422247,-30.2409249,0.));
#1635 = VECTOR('',#1636,1.);
#1636 = DIRECTION('',(0.,0.,1.));
#1637 = PLANE('',#1638);
#1638 = AXIS2_PLACEMENT_3D('',#1639,#1640,#1641);
#1639 = CARTESIAN_POINT('',(20.422247,-34.6127549,0.));
#1640 = DIRECTION('',(-1.,0.,0.));
#1641 = DIRECTION('',(0.,1.,0.));
#1642 = ADVANCED_FACE('',(#1643),#1661,.T.);
#1643 = FACE_BOUND('',#1644,.T.);
#1644 = EDGE_LOOP('',(#1645,#1646,#1647,#1655));
#1645 = ORIENTED_EDGE('',*,*,#999,.T.);
#1646 = ORIENTED_EDGE('',*,*,#1632,.T.);
#1647 = ORIENTED_EDGE('',*,*,#1648,.T.);
#1648 = EDGE_CURVE('',#1625,#1649,#1651,.T.);
#1649 = VERTEX_POINT('',#1650);
#1650 = CARTESIAN_POINT('',(14.076434,-29.1745839,4.5));
#1651 = LINE('',#1652,#1653);
#1652 = CARTESIAN_POINT('',(20.422247,-30.2409249,4.5));
#1653 = VECTOR('',#1654,1.);
#1654 = DIRECTION('',(-0.986173659301,0.165715158331,0.));
#1655 = ORIENTED_EDGE('',*,*,#1656,.F.);
#1656 = EDGE_CURVE('',#1000,#1649,#1657,.T.);
#1657 = LINE('',#1658,#1659);
#1658 = CARTESIAN_POINT('',(14.076434,-29.1745839,0.));
#1659 = VECTOR('',#1660,1.);
#1660 = DIRECTION('',(0.,0.,1.));
#1661 = PLANE('',#1662);
#1662 = AXIS2_PLACEMENT_3D('',#1663,#1664,#1665);
#1663 = CARTESIAN_POINT('',(20.422247,-30.2409249,0.));
#1664 = DIRECTION('',(-0.165715158331,-0.986173659301,0.));
#1665 = DIRECTION('',(-0.986173659301,0.165715158331,0.));
#1666 = ADVANCED_FACE('',(#1667),#1686,.T.);
#1667 = FACE_BOUND('',#1668,.F.);
#1668 = EDGE_LOOP('',(#1669,#1670,#1671,#1680));
#1669 = ORIENTED_EDGE('',*,*,#1212,.T.);
#1670 = ORIENTED_EDGE('',*,*,#1616,.T.);
#1671 = ORIENTED_EDGE('',*,*,#1672,.T.);
#1672 = EDGE_CURVE('',#1617,#1673,#1675,.T.);
#1673 = VERTEX_POINT('',#1674);
#1674 = CARTESIAN_POINT('',(21.897173,-34.6127549,4.5));
#1675 = CIRCLE('',#1676,0.737463);
#1676 = AXIS2_PLACEMENT_3D('',#1677,#1678,#1679);
#1677 = CARTESIAN_POINT('',(21.15971,-34.6127549,4.5));
#1678 = DIRECTION('',(0.,0.,1.));
#1679 = DIRECTION('',(1.,0.,0.));
#1680 = ORIENTED_EDGE('',*,*,#1681,.F.);
#1681 = EDGE_CURVE('',#1205,#1673,#1682,.T.);
#1682 = LINE('',#1683,#1684);
#1683 = CARTESIAN_POINT('',(21.897173,-34.6127549,0.));
#1684 = VECTOR('',#1685,1.);
#1685 = DIRECTION('',(0.,0.,1.));
#1686 = CYLINDRICAL_SURFACE('',#1687,0.737463);
#1687 = AXIS2_PLACEMENT_3D('',#1688,#1689,#1690);
#1688 = CARTESIAN_POINT('',(21.15971,-34.6127549,0.));
#1689 = DIRECTION('',(-0.,-0.,-1.));
#1690 = DIRECTION('',(1.,0.,0.));
#1691 = ADVANCED_FACE('',(#1692),#1710,.T.);
#1692 = FACE_BOUND('',#1693,.T.);
#1693 = EDGE_LOOP('',(#1694,#1695,#1696,#1704));
#1694 = ORIENTED_EDGE('',*,*,#1007,.T.);
#1695 = ORIENTED_EDGE('',*,*,#1656,.T.);
#1696 = ORIENTED_EDGE('',*,*,#1697,.T.);
#1697 = EDGE_CURVE('',#1649,#1698,#1700,.T.);
#1698 = VERTEX_POINT('',#1699);
#1699 = CARTESIAN_POINT('',(13.157072,-30.7829789,4.5));
#1700 = LINE('',#1701,#1702);
#1701 = CARTESIAN_POINT('',(14.076434,-29.1745839,4.5));
#1702 = VECTOR('',#1703,1.);
#1703 = DIRECTION('',(-0.496252520272,-0.868178228317,0.));
#1704 = ORIENTED_EDGE('',*,*,#1705,.F.);
#1705 = EDGE_CURVE('',#1008,#1698,#1706,.T.);
#1706 = LINE('',#1707,#1708);
#1707 = CARTESIAN_POINT('',(13.157072,-30.7829789,0.));
#1708 = VECTOR('',#1709,1.);
#1709 = DIRECTION('',(0.,0.,1.));
#1710 = PLANE('',#1711);
#1711 = AXIS2_PLACEMENT_3D('',#1712,#1713,#1714);
#1712 = CARTESIAN_POINT('',(14.076434,-29.1745839,0.));
#1713 = DIRECTION('',(0.868178228317,-0.496252520272,0.));
#1714 = DIRECTION('',(-0.496252520272,-0.868178228317,0.));
#1715 = ADVANCED_FACE('',(#1716),#1734,.T.);
#1716 = FACE_BOUND('',#1717,.T.);
#1717 = EDGE_LOOP('',(#1718,#1719,#1727,#1733));
#1718 = ORIENTED_EDGE('',*,*,#1204,.T.);
#1719 = ORIENTED_EDGE('',*,*,#1720,.T.);
#1720 = EDGE_CURVE('',#1197,#1721,#1723,.T.);
#1721 = VERTEX_POINT('',#1722);
#1722 = CARTESIAN_POINT('',(21.897173,-29.9693069,4.5));
#1723 = LINE('',#1724,#1725);
#1724 = CARTESIAN_POINT('',(21.897173,-29.9693069,0.));
#1725 = VECTOR('',#1726,1.);
#1726 = DIRECTION('',(0.,0.,1.));
#1727 = ORIENTED_EDGE('',*,*,#1728,.T.);
#1728 = EDGE_CURVE('',#1721,#1673,#1729,.T.);
#1729 = LINE('',#1730,#1731);
#1730 = CARTESIAN_POINT('',(21.897173,-29.9693069,4.5));
#1731 = VECTOR('',#1732,1.);
#1732 = DIRECTION('',(0.,-1.,0.));
#1733 = ORIENTED_EDGE('',*,*,#1681,.F.);
#1734 = PLANE('',#1735);
#1735 = AXIS2_PLACEMENT_3D('',#1736,#1737,#1738);
#1736 = CARTESIAN_POINT('',(21.897173,-29.9693069,0.));
#1737 = DIRECTION('',(1.,0.,0.));
#1738 = DIRECTION('',(0.,-1.,0.));
#1739 = ADVANCED_FACE('',(#1740),#1758,.T.);
#1740 = FACE_BOUND('',#1741,.T.);
#1741 = EDGE_LOOP('',(#1742,#1743,#1744,#1752));
#1742 = ORIENTED_EDGE('',*,*,#1015,.T.);
#1743 = ORIENTED_EDGE('',*,*,#1705,.T.);
#1744 = ORIENTED_EDGE('',*,*,#1745,.T.);
#1745 = EDGE_CURVE('',#1698,#1746,#1748,.T.);
#1746 = VERTEX_POINT('',#1747);
#1747 = CARTESIAN_POINT('',(11.385698,-32.6187679,4.5));
#1748 = LINE('',#1749,#1750);
#1749 = CARTESIAN_POINT('',(13.157072,-30.7829789,4.5));
#1750 = VECTOR('',#1751,1.);
#1751 = DIRECTION('',(-0.694368899612,-0.719619226572,0.));
#1752 = ORIENTED_EDGE('',*,*,#1753,.F.);
#1753 = EDGE_CURVE('',#1016,#1746,#1754,.T.);
#1754 = LINE('',#1755,#1756);
#1755 = CARTESIAN_POINT('',(11.385698,-32.6187679,0.));
#1756 = VECTOR('',#1757,1.);
#1757 = DIRECTION('',(0.,0.,1.));
#1758 = PLANE('',#1759);
#1759 = AXIS2_PLACEMENT_3D('',#1760,#1761,#1762);
#1760 = CARTESIAN_POINT('',(13.157072,-30.7829789,0.));
#1761 = DIRECTION('',(0.719619226572,-0.694368899612,0.));
#1762 = DIRECTION('',(-0.694368899612,-0.719619226572,0.));
#1763 = ADVANCED_FACE('',(#1764),#1782,.T.);
#1764 = FACE_BOUND('',#1765,.T.);
#1765 = EDGE_LOOP('',(#1766,#1767,#1775,#1781));
#1766 = ORIENTED_EDGE('',*,*,#1196,.T.);
#1767 = ORIENTED_EDGE('',*,*,#1768,.T.);
#1768 = EDGE_CURVE('',#1189,#1769,#1771,.T.);
#1769 = VERTEX_POINT('',#1770);
#1770 = CARTESIAN_POINT('',(24.902847,-24.65295223313,4.5));
#1771 = LINE('',#1772,#1773);
#1772 = CARTESIAN_POINT('',(24.902847,-24.65295223313,0.));
#1773 = VECTOR('',#1774,1.);
#1774 = DIRECTION('',(0.,0.,1.));
#1775 = ORIENTED_EDGE('',*,*,#1776,.T.);
#1776 = EDGE_CURVE('',#1769,#1721,#1777,.T.);
#1777 = LINE('',#1778,#1779);
#1778 = CARTESIAN_POINT('',(24.902847,-24.65295223313,4.5));
#1779 = VECTOR('',#1780,1.);
#1780 = DIRECTION('',(-0.492153786245,-0.870508271463,0.));
#1781 = ORIENTED_EDGE('',*,*,#1720,.F.);
#1782 = PLANE('',#1783);
#1783 = AXIS2_PLACEMENT_3D('',#1784,#1785,#1786);
#1784 = CARTESIAN_POINT('',(24.902847,-24.65295223313,0.));
#1785 = DIRECTION('',(0.870508271463,-0.492153786245,0.));
#1786 = DIRECTION('',(-0.492153786245,-0.870508271463,0.));
#1787 = ADVANCED_FACE('',(#1788),#1806,.T.);
#1788 = FACE_BOUND('',#1789,.T.);
#1789 = EDGE_LOOP('',(#1790,#1791,#1792,#1800));
#1790 = ORIENTED_EDGE('',*,*,#1023,.T.);
#1791 = ORIENTED_EDGE('',*,*,#1753,.T.);
#1792 = ORIENTED_EDGE('',*,*,#1793,.T.);
#1793 = EDGE_CURVE('',#1746,#1794,#1796,.T.);
#1794 = VERTEX_POINT('',#1795);
#1795 = CARTESIAN_POINT('',(11.385698,-34.6127549,4.5));
#1796 = LINE('',#1797,#1798);
#1797 = CARTESIAN_POINT('',(11.385698,-32.6187679,4.5));
#1798 = VECTOR('',#1799,1.);
#1799 = DIRECTION('',(0.,-1.,0.));
#1800 = ORIENTED_EDGE('',*,*,#1801,.F.);
#1801 = EDGE_CURVE('',#1024,#1794,#1802,.T.);
#1802 = LINE('',#1803,#1804);
#1803 = CARTESIAN_POINT('',(11.385698,-34.6127549,0.));
#1804 = VECTOR('',#1805,1.);
#1805 = DIRECTION('',(0.,0.,1.));
#1806 = PLANE('',#1807);
#1807 = AXIS2_PLACEMENT_3D('',#1808,#1809,#1810);
#1808 = CARTESIAN_POINT('',(11.385698,-32.6187679,0.));
#1809 = DIRECTION('',(1.,0.,0.));
#1810 = DIRECTION('',(0.,-1.,0.));
#1811 = ADVANCED_FACE('',(#1812),#1830,.T.);
#1812 = FACE_BOUND('',#1813,.T.);
#1813 = EDGE_LOOP('',(#1814,#1815,#1823,#1829));
#1814 = ORIENTED_EDGE('',*,*,#1188,.T.);
#1815 = ORIENTED_EDGE('',*,*,#1816,.T.);
#1816 = EDGE_CURVE('',#1180,#1817,#1819,.T.);
#1817 = VERTEX_POINT('',#1818);
#1818 = CARTESIAN_POINT('',(26.580573617696,-24.65295223313,4.5));
#1819 = LINE('',#1820,#1821);
#1820 = CARTESIAN_POINT('',(26.580573617696,-24.65295223313,0.));
#1821 = VECTOR('',#1822,1.);
#1822 = DIRECTION('',(0.,0.,1.));
#1823 = ORIENTED_EDGE('',*,*,#1824,.T.);
#1824 = EDGE_CURVE('',#1817,#1769,#1825,.T.);
#1825 = LINE('',#1826,#1827);
#1826 = CARTESIAN_POINT('',(26.580573617696,-24.65295223313,4.5));
#1827 = VECTOR('',#1828,1.);
#1828 = DIRECTION('',(-1.,0.,0.));
#1829 = ORIENTED_EDGE('',*,*,#1768,.F.);
#1830 = PLANE('',#1831);
#1831 = AXIS2_PLACEMENT_3D('',#1832,#1833,#1834);
#1832 = CARTESIAN_POINT('',(26.580573617696,-24.65295223313,0.));
#1833 = DIRECTION('',(0.,-1.,0.));
#1834 = DIRECTION('',(-1.,0.,0.));
#1835 = ADVANCED_FACE('',(#1836),#1855,.T.);
#1836 = FACE_BOUND('',#1837,.F.);
#1837 = EDGE_LOOP('',(#1838,#1839,#1847,#1854));
#1838 = ORIENTED_EDGE('',*,*,#1031,.T.);
#1839 = ORIENTED_EDGE('',*,*,#1840,.T.);
#1840 = EDGE_CURVE('',#1032,#1841,#1843,.T.);
#1841 = VERTEX_POINT('',#1842);
#1842 = CARTESIAN_POINT('',(9.910772,-34.6127549,4.5));
#1843 = LINE('',#1844,#1845);
#1844 = CARTESIAN_POINT('',(9.910772,-34.6127549,0.));
#1845 = VECTOR('',#1846,1.);
#1846 = DIRECTION('',(0.,0.,1.));
#1847 = ORIENTED_EDGE('',*,*,#1848,.T.);
#1848 = EDGE_CURVE('',#1841,#1794,#1849,.T.);
#1849 = CIRCLE('',#1850,0.737463);
#1850 = AXIS2_PLACEMENT_3D('',#1851,#1852,#1853);
#1851 = CARTESIAN_POINT('',(10.648235,-34.6127549,4.5));
#1852 = DIRECTION('',(0.,0.,1.));
#1853 = DIRECTION('',(1.,0.,0.));
#1854 = ORIENTED_EDGE('',*,*,#1801,.F.);
#1855 = CYLINDRICAL_SURFACE('',#1856,0.737463);
#1856 = AXIS2_PLACEMENT_3D('',#1857,#1858,#1859);
#1857 = CARTESIAN_POINT('',(10.648235,-34.6127549,0.));
#1858 = DIRECTION('',(-0.,-0.,-1.));
#1859 = DIRECTION('',(1.,0.,0.));
#1860 = ADVANCED_FACE('',(#1861),#1880,.T.);
#1861 = FACE_BOUND('',#1862,.F.);
#1862 = EDGE_LOOP('',(#1863,#1864,#1865,#1874));
#1863 = ORIENTED_EDGE('',*,*,#1179,.T.);
#1864 = ORIENTED_EDGE('',*,*,#1816,.T.);
#1865 = ORIENTED_EDGE('',*,*,#1866,.T.);
#1866 = EDGE_CURVE('',#1817,#1867,#1869,.T.);
#1867 = VERTEX_POINT('',#1868);
#1868 = CARTESIAN_POINT('',(26.922348215878,-24.38770366043,4.5));
#1869 = CIRCLE('',#1870,0.386245996954);
#1870 = AXIS2_PLACEMENT_3D('',#1871,#1872,#1873);
#1871 = CARTESIAN_POINT('',(26.555271003108,-24.26753590257,4.5));
#1872 = DIRECTION('',(0.,0.,1.));
#1873 = DIRECTION('',(1.,0.,0.));
#1874 = ORIENTED_EDGE('',*,*,#1875,.F.);
#1875 = EDGE_CURVE('',#1172,#1867,#1876,.T.);
#1876 = LINE('',#1877,#1878);
#1877 = CARTESIAN_POINT('',(26.922348215878,-24.38770366043,0.));
#1878 = VECTOR('',#1879,1.);
#1879 = DIRECTION('',(0.,0.,1.));
#1880 = CYLINDRICAL_SURFACE('',#1881,0.386245996954);
#1881 = AXIS2_PLACEMENT_3D('',#1882,#1883,#1884);
#1882 = CARTESIAN_POINT('',(26.555271003108,-24.26753590257,0.));
#1883 = DIRECTION('',(-0.,-0.,-1.));
#1884 = DIRECTION('',(1.,0.,0.));
#1885 = ADVANCED_FACE('',(#1886),#1904,.T.);
#1886 = FACE_BOUND('',#1887,.T.);
#1887 = EDGE_LOOP('',(#1888,#1889,#1890,#1898));
#1888 = ORIENTED_EDGE('',*,*,#1040,.T.);
#1889 = ORIENTED_EDGE('',*,*,#1840,.T.);
#1890 = ORIENTED_EDGE('',*,*,#1891,.T.);
#1891 = EDGE_CURVE('',#1841,#1892,#1894,.T.);
#1892 = VERTEX_POINT('',#1893);
#1893 = CARTESIAN_POINT('',(9.910772,-32.2749389,4.5));
#1894 = LINE('',#1895,#1896);
#1895 = CARTESIAN_POINT('',(9.910772,-34.6127549,4.5));
#1896 = VECTOR('',#1897,1.);
#1897 = DIRECTION('',(0.,1.,0.));
#1898 = ORIENTED_EDGE('',*,*,#1899,.F.);
#1899 = EDGE_CURVE('',#1041,#1892,#1900,.T.);
#1900 = LINE('',#1901,#1902);
#1901 = CARTESIAN_POINT('',(9.910772,-32.2749389,0.));
#1902 = VECTOR('',#1903,1.);
#1903 = DIRECTION('',(0.,0.,1.));
#1904 = PLANE('',#1905);
#1905 = AXIS2_PLACEMENT_3D('',#1906,#1907,#1908);
#1906 = CARTESIAN_POINT('',(9.910772,-34.6127549,0.));
#1907 = DIRECTION('',(-1.,0.,0.));
#1908 = DIRECTION('',(0.,1.,0.));
#1909 = ADVANCED_FACE('',(#1910),#1928,.T.);
#1910 = FACE_BOUND('',#1911,.T.);
#1911 = EDGE_LOOP('',(#1912,#1913,#1921,#1927));
#1912 = ORIENTED_EDGE('',*,*,#1171,.T.);
#1913 = ORIENTED_EDGE('',*,*,#1914,.T.);
#1914 = EDGE_CURVE('',#1163,#1915,#1917,.T.);
#1915 = VERTEX_POINT('',#1916);
#1916 = CARTESIAN_POINT('',(27.104340753709,-23.8317698998,4.5));
#1917 = LINE('',#1918,#1919);
#1918 = CARTESIAN_POINT('',(27.104340753709,-23.8317698998,0.));
#1919 = VECTOR('',#1920,1.);
#1920 = DIRECTION('',(0.,0.,1.));
#1921 = ORIENTED_EDGE('',*,*,#1922,.T.);
#1922 = EDGE_CURVE('',#1915,#1867,#1923,.T.);
#1923 = LINE('',#1924,#1925);
#1924 = CARTESIAN_POINT('',(27.104340753709,-23.8317698998,4.5));
#1925 = VECTOR('',#1926,1.);
#1926 = DIRECTION('',(-0.311117160579,-0.950371565438,0.));
#1927 = ORIENTED_EDGE('',*,*,#1875,.F.);
#1928 = PLANE('',#1929);
#1929 = AXIS2_PLACEMENT_3D('',#1930,#1931,#1932);
#1930 = CARTESIAN_POINT('',(27.104340753709,-23.8317698998,0.));
#1931 = DIRECTION('',(0.950371565438,-0.311117160579,0.));
#1932 = DIRECTION('',(-0.311117160579,-0.950371565438,0.));
#1933 = ADVANCED_FACE('',(#1934),#1952,.T.);
#1934 = FACE_BOUND('',#1935,.T.);
#1935 = EDGE_LOOP('',(#1936,#1937,#1938,#1946));
#1936 = ORIENTED_EDGE('',*,*,#1048,.T.);
#1937 = ORIENTED_EDGE('',*,*,#1899,.T.);
#1938 = ORIENTED_EDGE('',*,*,#1939,.T.);
#1939 = EDGE_CURVE('',#1892,#1940,#1942,.T.);
#1940 = VERTEX_POINT('',#1941);
#1941 = CARTESIAN_POINT('',(10.471528,-29.7510309,4.5));
#1942 = LINE('',#1943,#1944);
#1943 = CARTESIAN_POINT('',(9.910772,-32.2749389,4.5));
#1944 = VECTOR('',#1945,1.);
#1945 = DIRECTION('',(0.216889013045,0.97619626921,0.));
#1946 = ORIENTED_EDGE('',*,*,#1947,.F.);
#1947 = EDGE_CURVE('',#1049,#1940,#1948,.T.);
#1948 = LINE('',#1949,#1950);
#1949 = CARTESIAN_POINT('',(10.471528,-29.7510309,0.));
#1950 = VECTOR('',#1951,1.);
#1951 = DIRECTION('',(0.,0.,1.));
#1952 = PLANE('',#1953);
#1953 = AXIS2_PLACEMENT_3D('',#1954,#1955,#1956);
#1954 = CARTESIAN_POINT('',(9.910772,-32.2749389,0.));
#1955 = DIRECTION('',(-0.97619626921,0.216889013045,0.));
#1956 = DIRECTION('',(0.216889013045,0.97619626921,0.));
#1957 = ADVANCED_FACE('',(#1958),#1977,.T.);
#1958 = FACE_BOUND('',#1959,.F.);
#1959 = EDGE_LOOP('',(#1960,#1961,#1962,#1971));
#1960 = ORIENTED_EDGE('',*,*,#1162,.T.);
#1961 = ORIENTED_EDGE('',*,*,#1914,.T.);
#1962 = ORIENTED_EDGE('',*,*,#1963,.T.);
#1963 = EDGE_CURVE('',#1915,#1964,#1966,.T.);
#1964 = VERTEX_POINT('',#1965);
#1965 = CARTESIAN_POINT('',(27.047199043428,-23.40784240057,4.5));
#1966 = CIRCLE('',#1967,0.259697871938);
#1967 = AXIS2_PLACEMENT_3D('',#1968,#1969,#1970);
#1968 = CARTESIAN_POINT('',(26.929787469892,-23.63948330173,4.5));
#1969 = DIRECTION('',(0.,0.,1.));
#1970 = DIRECTION('',(1.,0.,0.));
#1971 = ORIENTED_EDGE('',*,*,#1972,.F.);
#1972 = EDGE_CURVE('',#1155,#1964,#1973,.T.);
#1973 = LINE('',#1974,#1975);
#1974 = CARTESIAN_POINT('',(27.047199043428,-23.40784240057,0.));
#1975 = VECTOR('',#1976,1.);
#1976 = DIRECTION('',(0.,0.,1.));
#1977 = CYLINDRICAL_SURFACE('',#1978,0.259697871938);
#1978 = AXIS2_PLACEMENT_3D('',#1979,#1980,#1981);
#1979 = CARTESIAN_POINT('',(26.929787469892,-23.63948330173,0.));
#1980 = DIRECTION('',(-0.,-0.,-1.));
#1981 = DIRECTION('',(1.,0.,0.));
#1982 = ADVANCED_FACE('',(#1983),#2001,.T.);
#1983 = FACE_BOUND('',#1984,.T.);
#1984 = EDGE_LOOP('',(#1985,#1986,#1987,#1995));
#1985 = ORIENTED_EDGE('',*,*,#1056,.T.);
#1986 = ORIENTED_EDGE('',*,*,#1947,.T.);
#1987 = ORIENTED_EDGE('',*,*,#1988,.T.);
#1988 = EDGE_CURVE('',#1940,#1989,#1991,.T.);
#1989 = VERTEX_POINT('',#1990);
#1990 = CARTESIAN_POINT('',(10.471528,-26.9177069,4.5));
#1991 = LINE('',#1992,#1993);
#1992 = CARTESIAN_POINT('',(10.471528,-29.7510309,4.5));
#1993 = VECTOR('',#1994,1.);
#1994 = DIRECTION('',(0.,1.,0.));
#1995 = ORIENTED_EDGE('',*,*,#1996,.F.);
#1996 = EDGE_CURVE('',#1057,#1989,#1997,.T.);
#1997 = LINE('',#1998,#1999);
#1998 = CARTESIAN_POINT('',(10.471528,-26.9177069,0.));
#1999 = VECTOR('',#2000,1.);
#2000 = DIRECTION('',(0.,0.,1.));
#2001 = PLANE('',#2002);
#2002 = AXIS2_PLACEMENT_3D('',#2003,#2004,#2005);
#2003 = CARTESIAN_POINT('',(10.471528,-29.7510309,0.));
#2004 = DIRECTION('',(-1.,0.,0.));
#2005 = DIRECTION('',(0.,1.,0.));
#2006 = ADVANCED_FACE('',(#2007),#2025,.T.);
#2007 = FACE_BOUND('',#2008,.T.);
#2008 = EDGE_LOOP('',(#2009,#2010,#2018,#2024));
#2009 = ORIENTED_EDGE('',*,*,#1154,.T.);
#2010 = ORIENTED_EDGE('',*,*,#2011,.T.);
#2011 = EDGE_CURVE('',#1147,#2012,#2014,.T.);
#2012 = VERTEX_POINT('',#2013);
#2013 = CARTESIAN_POINT('',(26.215775999777,-22.98641989988,4.5));
#2014 = LINE('',#2015,#2016);
#2015 = CARTESIAN_POINT('',(26.215775999777,-22.98641989988,0.));
#2016 = VECTOR('',#2017,1.);
#2017 = DIRECTION('',(0.,0.,1.));
#2018 = ORIENTED_EDGE('',*,*,#2019,.T.);
#2019 = EDGE_CURVE('',#2012,#1964,#2020,.T.);
#2020 = LINE('',#2021,#2022);
#2021 = CARTESIAN_POINT('',(26.215775999777,-22.98641989988,4.5));
#2022 = VECTOR('',#2023,1.);
#2023 = DIRECTION('',(0.891963031613,-0.452108339047,0.));
#2024 = ORIENTED_EDGE('',*,*,#1972,.F.);
#2025 = PLANE('',#2026);
#2026 = AXIS2_PLACEMENT_3D('',#2027,#2028,#2029);
#2027 = CARTESIAN_POINT('',(26.215775999777,-22.98641989988,0.));
#2028 = DIRECTION('',(0.452108339047,0.891963031613,0.));
#2029 = DIRECTION('',(0.891963031613,-0.452108339047,0.));
#2030 = ADVANCED_FACE('',(#2031),#2049,.T.);
#2031 = FACE_BOUND('',#2032,.T.);
#2032 = EDGE_LOOP('',(#2033,#2034,#2035,#2043));
#2033 = ORIENTED_EDGE('',*,*,#1064,.T.);
#2034 = ORIENTED_EDGE('',*,*,#1996,.T.);
#2035 = ORIENTED_EDGE('',*,*,#2036,.T.);
#2036 = EDGE_CURVE('',#1989,#2037,#2039,.T.);
#2037 = VERTEX_POINT('',#2038);
#2038 = CARTESIAN_POINT('',(9.969805,-25.8324399,4.5));
#2039 = LINE('',#2040,#2041);
#2040 = CARTESIAN_POINT('',(10.471528,-26.9177069,4.5));
#2041 = VECTOR('',#2042,1.);
#2042 = DIRECTION('',(-0.419630752848,0.907694899878,0.));
#2043 = ORIENTED_EDGE('',*,*,#2044,.F.);
#2044 = EDGE_CURVE('',#1065,#2037,#2045,.T.);
#2045 = LINE('',#2046,#2047);
#2046 = CARTESIAN_POINT('',(9.969805,-25.8324399,0.));
#2047 = VECTOR('',#2048,1.);
#2048 = DIRECTION('',(0.,0.,1.));
#2049 = PLANE('',#2050);
#2050 = AXIS2_PLACEMENT_3D('',#2051,#2052,#2053);
#2051 = CARTESIAN_POINT('',(10.471528,-26.9177069,0.));
#2052 = DIRECTION('',(-0.907694899878,-0.419630752848,0.));
#2053 = DIRECTION('',(-0.419630752848,0.907694899878,0.));
#2054 = ADVANCED_FACE('',(#2055),#2073,.T.);
#2055 = FACE_BOUND('',#2056,.T.);
#2056 = EDGE_LOOP('',(#2057,#2058,#2066,#2072));
#2057 = ORIENTED_EDGE('',*,*,#1146,.T.);
#2058 = ORIENTED_EDGE('',*,*,#2059,.T.);
#2059 = EDGE_CURVE('',#1138,#2060,#2062,.T.);
#2060 = VERTEX_POINT('',#2061);
#2061 = CARTESIAN_POINT('',(26.254872836548,-22.57412790041,4.5));
#2062 = LINE('',#2063,#2064);
#2063 = CARTESIAN_POINT('',(26.254872836548,-22.57412790041,0.));
#2064 = VECTOR('',#2065,1.);
#2065 = DIRECTION('',(0.,0.,1.));
#2066 = ORIENTED_EDGE('',*,*,#2067,.T.);
#2067 = EDGE_CURVE('',#2060,#2012,#2068,.T.);
#2068 = LINE('',#2069,#2070);
#2069 = CARTESIAN_POINT('',(26.254872836548,-22.57412790041,4.5));
#2070 = VECTOR('',#2071,1.);
#2071 = DIRECTION('',(-9.440451729615E-02,-0.995533920625,0.));
#2072 = ORIENTED_EDGE('',*,*,#2011,.F.);
#2073 = PLANE('',#2074);
#2074 = AXIS2_PLACEMENT_3D('',#2075,#2076,#2077);
#2075 = CARTESIAN_POINT('',(26.254872836548,-22.57412790041,0.));
#2076 = DIRECTION('',(0.995533920625,-9.440451729615E-02,0.));
#2077 = DIRECTION('',(-9.440451729615E-02,-0.995533920625,0.));
#2078 = ADVANCED_FACE('',(#2079),#2097,.T.);
#2079 = FACE_BOUND('',#2080,.T.);
#2080 = EDGE_LOOP('',(#2081,#2082,#2083,#2091));
#2081 = ORIENTED_EDGE('',*,*,#1072,.T.);
#2082 = ORIENTED_EDGE('',*,*,#2044,.T.);
#2083 = ORIENTED_EDGE('',*,*,#2084,.T.);
#2084 = EDGE_CURVE('',#2037,#2085,#2087,.T.);
#2085 = VERTEX_POINT('',#2086);
#2086 = CARTESIAN_POINT('',(9.969805,-16.9998579,4.5));
#2087 = LINE('',#2088,#2089);
#2088 = CARTESIAN_POINT('',(9.969805,-25.8324399,4.5));
#2089 = VECTOR('',#2090,1.);
#2090 = DIRECTION('',(0.,1.,0.));
#2091 = ORIENTED_EDGE('',*,*,#2092,.F.);
#2092 = EDGE_CURVE('',#1073,#2085,#2093,.T.);
#2093 = LINE('',#2094,#2095);
#2094 = CARTESIAN_POINT('',(9.969805,-16.9998579,0.));
#2095 = VECTOR('',#2096,1.);
#2096 = DIRECTION('',(0.,0.,1.));
#2097 = PLANE('',#2098);
#2098 = AXIS2_PLACEMENT_3D('',#2099,#2100,#2101);
#2099 = CARTESIAN_POINT('',(9.969805,-25.8324399,0.));
#2100 = DIRECTION('',(-1.,0.,0.));
#2101 = DIRECTION('',(0.,1.,0.));
#2102 = ADVANCED_FACE('',(#2103),#2122,.T.);
#2103 = FACE_BOUND('',#2104,.F.);
#2104 = EDGE_LOOP('',(#2105,#2106,#2107,#2116));
#2105 = ORIENTED_EDGE('',*,*,#1137,.T.);
#2106 = ORIENTED_EDGE('',*,*,#2059,.T.);
#2107 = ORIENTED_EDGE('',*,*,#2108,.T.);
#2108 = EDGE_CURVE('',#2060,#2109,#2111,.T.);
#2109 = VERTEX_POINT('',#2110);
#2110 = CARTESIAN_POINT('',(26.014907838679,-22.04058409722,4.5));
#2111 = CIRCLE('',#2112,0.591594999952);
#2112 = AXIS2_PLACEMENT_3D('',#2113,#2114,#2115);
#2113 = CARTESIAN_POINT('',(25.665919946824,-22.51827866,4.5));
#2114 = DIRECTION('',(0.,0.,1.));
#2115 = DIRECTION('',(1.,0.,0.));
#2116 = ORIENTED_EDGE('',*,*,#2117,.F.);
#2117 = EDGE_CURVE('',#1130,#2109,#2118,.T.);
#2118 = LINE('',#2119,#2120);
#2119 = CARTESIAN_POINT('',(26.014907838679,-22.04058409722,0.));
#2120 = VECTOR('',#2121,1.);
#2121 = DIRECTION('',(0.,0.,1.));
#2122 = CYLINDRICAL_SURFACE('',#2123,0.591594999952);
#2123 = AXIS2_PLACEMENT_3D('',#2124,#2125,#2126);
#2124 = CARTESIAN_POINT('',(25.665919946824,-22.51827866,0.));
#2125 = DIRECTION('',(-0.,-0.,-1.));
#2126 = DIRECTION('',(1.,0.,0.));
#2127 = ADVANCED_FACE('',(#2128),#2147,.T.);
#2128 = FACE_BOUND('',#2129,.F.);
#2129 = EDGE_LOOP('',(#2130,#2131,#2139,#2146));
#2130 = ORIENTED_EDGE('',*,*,#1080,.T.);
#2131 = ORIENTED_EDGE('',*,*,#2132,.T.);
#2132 = EDGE_CURVE('',#1081,#2133,#2135,.T.);
#2133 = VERTEX_POINT('',#2134);
#2134 = CARTESIAN_POINT('',(11.444731,-16.9998579,4.5));
#2135 = LINE('',#2136,#2137);
#2136 = CARTESIAN_POINT('',(11.444731,-16.9998579,0.));
#2137 = VECTOR('',#2138,1.);
#2138 = DIRECTION('',(0.,0.,1.));
#2139 = ORIENTED_EDGE('',*,*,#2140,.T.);
#2140 = EDGE_CURVE('',#2133,#2085,#2141,.T.);
#2141 = CIRCLE('',#2142,0.737463);
#2142 = AXIS2_PLACEMENT_3D('',#2143,#2144,#2145);
#2143 = CARTESIAN_POINT('',(10.707268,-16.9998579,4.5));
#2144 = DIRECTION('',(0.,0.,1.));
#2145 = DIRECTION('',(1.,0.,0.));
#2146 = ORIENTED_EDGE('',*,*,#2092,.F.);
#2147 = CYLINDRICAL_SURFACE('',#2148,0.737463);
#2148 = AXIS2_PLACEMENT_3D('',#2149,#2150,#2151);
#2149 = CARTESIAN_POINT('',(10.707268,-16.9998579,0.));
#2150 = DIRECTION('',(-0.,-0.,-1.));
#2151 = DIRECTION('',(1.,0.,0.));
#2152 = ADVANCED_FACE('',(#2153),#2171,.F.);
#2153 = FACE_BOUND('',#2154,.F.);
#2154 = EDGE_LOOP('',(#2155,#2156,#2157,#2165));
#2155 = ORIENTED_EDGE('',*,*,#1129,.T.);
#2156 = ORIENTED_EDGE('',*,*,#2117,.T.);
#2157 = ORIENTED_EDGE('',*,*,#2158,.T.);
#2158 = EDGE_CURVE('',#2109,#2159,#2161,.T.);
#2159 = VERTEX_POINT('',#2160);
#2160 = CARTESIAN_POINT('',(25.148381999792,-21.40752889979,4.5));
#2161 = LINE('',#2162,#2163);
#2162 = CARTESIAN_POINT('',(26.014907838679,-22.04058409722,4.5));
#2163 = VECTOR('',#2164,1.);
#2164 = DIRECTION('',(-0.807468898175,0.589910144412,0.));
#2165 = ORIENTED_EDGE('',*,*,#2166,.F.);
#2166 = EDGE_CURVE('',#1122,#2159,#2167,.T.);
#2167 = LINE('',#2168,#2169);
#2168 = CARTESIAN_POINT('',(25.148381999792,-21.40752889979,0.));
#2169 = VECTOR('',#2170,1.);
#2170 = DIRECTION('',(0.,0.,1.));
#2171 = PLANE('',#2172);
#2172 = AXIS2_PLACEMENT_3D('',#2173,#2174,#2175);
#2173 = CARTESIAN_POINT('',(26.014907838679,-22.04058409722,0.));
#2174 = DIRECTION('',(-0.589910144412,-0.807468898175,0.));
#2175 = DIRECTION('',(-0.807468898175,0.589910144412,0.));
#2176 = ADVANCED_FACE('',(#2177),#2195,.T.);
#2177 = FACE_BOUND('',#2178,.T.);
#2178 = EDGE_LOOP('',(#2179,#2180,#2181,#2189));
#2179 = ORIENTED_EDGE('',*,*,#1089,.T.);
#2180 = ORIENTED_EDGE('',*,*,#2132,.T.);
#2181 = ORIENTED_EDGE('',*,*,#2182,.T.);
#2182 = EDGE_CURVE('',#2133,#2183,#2185,.T.);
#2183 = VERTEX_POINT('',#2184);
#2184 = CARTESIAN_POINT('',(11.444731,-24.5440939,4.5));
#2185 = LINE('',#2186,#2187);
#2186 = CARTESIAN_POINT('',(11.444731,-16.9998579,4.5));
#2187 = VECTOR('',#2188,1.);
#2188 = DIRECTION('',(0.,-1.,0.));
#2189 = ORIENTED_EDGE('',*,*,#2190,.F.);
#2190 = EDGE_CURVE('',#1090,#2183,#2191,.T.);
#2191 = LINE('',#2192,#2193);
#2192 = CARTESIAN_POINT('',(11.444731,-24.5440939,0.));
#2193 = VECTOR('',#2194,1.);
#2194 = DIRECTION('',(0.,0.,1.));
#2195 = PLANE('',#2196);
#2196 = AXIS2_PLACEMENT_3D('',#2197,#2198,#2199);
#2197 = CARTESIAN_POINT('',(11.444731,-16.9998579,0.));
#2198 = DIRECTION('',(1.,0.,0.));
#2199 = DIRECTION('',(0.,-1.,0.));
#2200 = ADVANCED_FACE('',(#2201),#2219,.T.);
#2201 = FACE_BOUND('',#2202,.T.);
#2202 = EDGE_LOOP('',(#2203,#2204,#2212,#2218));
#2203 = ORIENTED_EDGE('',*,*,#1121,.T.);
#2204 = ORIENTED_EDGE('',*,*,#2205,.T.);
#2205 = EDGE_CURVE('',#1114,#2206,#2208,.T.);
#2206 = VERTEX_POINT('',#2207);
#2207 = CARTESIAN_POINT('',(24.99797,-19.7005149,4.5));
#2208 = LINE('',#2209,#2210);
#2209 = CARTESIAN_POINT('',(24.99797,-19.7005149,0.));
#2210 = VECTOR('',#2211,1.);
#2211 = DIRECTION('',(0.,0.,1.));
#2212 = ORIENTED_EDGE('',*,*,#2213,.T.);
#2213 = EDGE_CURVE('',#2206,#2159,#2214,.T.);
#2214 = LINE('',#2215,#2216);
#2215 = CARTESIAN_POINT('',(24.99797,-19.7005149,4.5));
#2216 = VECTOR('',#2217,1.);
#2217 = DIRECTION('',(8.777401451194E-02,-0.996140412982,0.));
#2218 = ORIENTED_EDGE('',*,*,#2166,.F.);
#2219 = PLANE('',#2220);
#2220 = AXIS2_PLACEMENT_3D('',#2221,#2222,#2223);
#2221 = CARTESIAN_POINT('',(24.99797,-19.7005149,0.));
#2222 = DIRECTION('',(0.996140412982,8.777401451194E-02,0.));
#2223 = DIRECTION('',(8.777401451194E-02,-0.996140412982,0.));
#2224 = ADVANCED_FACE('',(#2225),#2243,.T.);
#2225 = FACE_BOUND('',#2226,.T.);
#2226 = EDGE_LOOP('',(#2227,#2228,#2229,#2237));
#2227 = ORIENTED_EDGE('',*,*,#1097,.T.);
#2228 = ORIENTED_EDGE('',*,*,#2190,.T.);
#2229 = ORIENTED_EDGE('',*,*,#2230,.T.);
#2230 = EDGE_CURVE('',#2183,#2231,#2233,.T.);
#2231 = VERTEX_POINT('',#2232);
#2232 = CARTESIAN_POINT('',(20.616874,-24.5440939,4.5));
#2233 = LINE('',#2234,#2235);
#2234 = CARTESIAN_POINT('',(11.444731,-24.5440939,4.5));
#2235 = VECTOR('',#2236,1.);
#2236 = DIRECTION('',(1.,0.,0.));
#2237 = ORIENTED_EDGE('',*,*,#2238,.F.);
#2238 = EDGE_CURVE('',#1098,#2231,#2239,.T.);
#2239 = LINE('',#2240,#2241);
#2240 = CARTESIAN_POINT('',(20.616874,-24.5440939,0.));
#2241 = VECTOR('',#2242,1.);
#2242 = DIRECTION('',(0.,0.,1.));
#2243 = PLANE('',#2244);
#2244 = AXIS2_PLACEMENT_3D('',#2245,#2246,#2247);
#2245 = CARTESIAN_POINT('',(11.444731,-24.5440939,0.));
#2246 = DIRECTION('',(0.,1.,0.));
#2247 = DIRECTION('',(1.,0.,0.));
#2248 = ADVANCED_FACE('',(#2249),#2267,.T.);
#2249 = FACE_BOUND('',#2250,.T.);
#2250 = EDGE_LOOP('',(#2251,#2252,#2260,#2266));
#2251 = ORIENTED_EDGE('',*,*,#1113,.T.);
#2252 = ORIENTED_EDGE('',*,*,#2253,.T.);
#2253 = EDGE_CURVE('',#1106,#2254,#2256,.T.);
#2254 = VERTEX_POINT('',#2255);
#2255 = CARTESIAN_POINT('',(22.788566,-22.2845729,4.5));
#2256 = LINE('',#2257,#2258);
#2257 = CARTESIAN_POINT('',(22.788566,-22.2845729,0.));
#2258 = VECTOR('',#2259,1.);
#2259 = DIRECTION('',(0.,0.,1.));
#2260 = ORIENTED_EDGE('',*,*,#2261,.T.);
#2261 = EDGE_CURVE('',#2254,#2206,#2262,.T.);
#2262 = LINE('',#2263,#2264);
#2263 = CARTESIAN_POINT('',(22.788566,-22.2845729,4.5));
#2264 = VECTOR('',#2265,1.);
#2265 = DIRECTION('',(0.649857824106,0.760055792984,0.));
#2266 = ORIENTED_EDGE('',*,*,#2205,.F.);
#2267 = PLANE('',#2268);
#2268 = AXIS2_PLACEMENT_3D('',#2269,#2270,#2271);
#2269 = CARTESIAN_POINT('',(22.788566,-22.2845729,0.));
#2270 = DIRECTION('',(-0.760055792984,0.649857824106,0.));
#2271 = DIRECTION('',(0.649857824106,0.760055792984,0.));
#2272 = ADVANCED_FACE('',(#2273),#2284,.T.);
#2273 = FACE_BOUND('',#2274,.T.);
#2274 = EDGE_LOOP('',(#2275,#2276,#2277,#2283));
#2275 = ORIENTED_EDGE('',*,*,#1105,.T.);
#2276 = ORIENTED_EDGE('',*,*,#2238,.T.);
#2277 = ORIENTED_EDGE('',*,*,#2278,.T.);
#2278 = EDGE_CURVE('',#2231,#2254,#2279,.T.);
#2279 = LINE('',#2280,#2281);
#2280 = CARTESIAN_POINT('',(20.616874,-24.5440939,4.5));
#2281 = VECTOR('',#2282,1.);
#2282 = DIRECTION('',(0.692955446834,0.720980407989,0.));
#2283 = ORIENTED_EDGE('',*,*,#2253,.F.);
#2284 = PLANE('',#2285);
#2285 = AXIS2_PLACEMENT_3D('',#2286,#2287,#2288);
#2286 = CARTESIAN_POINT('',(20.616874,-24.5440939,0.));
#2287 = DIRECTION('',(-0.720980407989,0.692955446834,0.));
#2288 = DIRECTION('',(0.692955446834,0.720980407989,0.));
#2289 = ADVANCED_FACE('',(#2290),#2296,.T.);
#2290 = FACE_BOUND('',#2291,.T.);
#2291 = EDGE_LOOP('',(#2292,#2293,#2294,#2295));
#2292 = ORIENTED_EDGE('',*,*,#1292,.T.);
#2293 = ORIENTED_EDGE('',*,*,#1236,.T.);
#2294 = ORIENTED_EDGE('',*,*,#1261,.T.);
#2295 = ORIENTED_EDGE('',*,*,#1309,.T.);
#2296 = PLANE('',#2297);
#2297 = AXIS2_PLACEMENT_3D('',#2298,#2299,#2300);
#2298 = CARTESIAN_POINT('',(26.45852,-38.892623,4.5));
#2299 = DIRECTION('',(0.,0.,1.));
#2300 = DIRECTION('',(1.,0.,0.));
#2301 = ADVANCED_FACE('',(#2302),#2308,.T.);
#2302 = FACE_BOUND('',#2303,.F.);
#2303 = EDGE_LOOP('',(#2304,#2305,#2306,#2307));
#2304 = ORIENTED_EDGE('',*,*,#1334,.T.);
#2305 = ORIENTED_EDGE('',*,*,#1358,.T.);
#2306 = ORIENTED_EDGE('',*,*,#1406,.T.);
#2307 = ORIENTED_EDGE('',*,*,#1389,.T.);
#2308 = PLANE('',#2309);
#2309 = AXIS2_PLACEMENT_3D('',#2310,#2311,#2312);
#2310 = CARTESIAN_POINT('',(35.069765020638,-31.60030056483,4.5));
#2311 = DIRECTION('',(0.,0.,1.));
#2312 = DIRECTION('',(1.,0.,0.));
#2313 = ADVANCED_FACE('',(#2314),#2324,.T.);
#2314 = FACE_BOUND('',#2315,.T.);
#2315 = EDGE_LOOP('',(#2316,#2317,#2318,#2319,#2320,#2321,#2322,#2323));
#2316 = ORIENTED_EDGE('',*,*,#1485,.T.);
#2317 = ORIENTED_EDGE('',*,*,#1430,.T.);
#2318 = ORIENTED_EDGE('',*,*,#1454,.T.);
#2319 = ORIENTED_EDGE('',*,*,#1502,.T.);
#2320 = ORIENTED_EDGE('',*,*,#1552,.T.);
#2321 = ORIENTED_EDGE('',*,*,#1600,.T.);
#2322 = ORIENTED_EDGE('',*,*,#1583,.T.);
#2323 = ORIENTED_EDGE('',*,*,#1534,.T.);
#2324 = PLANE('',#2325);
#2325 = AXIS2_PLACEMENT_3D('',#2326,#2327,#2328);
#2326 = CARTESIAN_POINT('',(35.069765020637,-32.35947628222,4.5));
#2327 = DIRECTION('',(0.,0.,1.));
#2328 = DIRECTION('',(1.,0.,0.));
#2329 = ADVANCED_FACE('',(#2330),#2360,.T.);
#2330 = FACE_BOUND('',#2331,.F.);
#2331 = EDGE_LOOP('',(#2332,#2333,#2334,#2335,#2336,#2337,#2338,#2339,
    #2340,#2341,#2342,#2343,#2344,#2345,#2346,#2347,#2348,#2349,#2350,
    #2351,#2352,#2353,#2354,#2355,#2356,#2357,#2358,#2359));
#2332 = ORIENTED_EDGE('',*,*,#1624,.T.);
#2333 = ORIENTED_EDGE('',*,*,#1648,.T.);
#2334 = ORIENTED_EDGE('',*,*,#1697,.T.);
#2335 = ORIENTED_EDGE('',*,*,#1745,.T.);
#2336 = ORIENTED_EDGE('',*,*,#1793,.T.);
#2337 = ORIENTED_EDGE('',*,*,#1848,.F.);
#2338 = ORIENTED_EDGE('',*,*,#1891,.T.);
#2339 = ORIENTED_EDGE('',*,*,#1939,.T.);
#2340 = ORIENTED_EDGE('',*,*,#1988,.T.);
#2341 = ORIENTED_EDGE('',*,*,#2036,.T.);
#2342 = ORIENTED_EDGE('',*,*,#2084,.T.);
#2343 = ORIENTED_EDGE('',*,*,#2140,.F.);
#2344 = ORIENTED_EDGE('',*,*,#2182,.T.);
#2345 = ORIENTED_EDGE('',*,*,#2230,.T.);
#2346 = ORIENTED_EDGE('',*,*,#2278,.T.);
#2347 = ORIENTED_EDGE('',*,*,#2261,.T.);
#2348 = ORIENTED_EDGE('',*,*,#2213,.T.);
#2349 = ORIENTED_EDGE('',*,*,#2158,.F.);
#2350 = ORIENTED_EDGE('',*,*,#2108,.F.);
#2351 = ORIENTED_EDGE('',*,*,#2067,.T.);
#2352 = ORIENTED_EDGE('',*,*,#2019,.T.);
#2353 = ORIENTED_EDGE('',*,*,#1963,.F.);
#2354 = ORIENTED_EDGE('',*,*,#1922,.T.);
#2355 = ORIENTED_EDGE('',*,*,#1866,.F.);
#2356 = ORIENTED_EDGE('',*,*,#1824,.T.);
#2357 = ORIENTED_EDGE('',*,*,#1776,.T.);
#2358 = ORIENTED_EDGE('',*,*,#1728,.T.);
#2359 = ORIENTED_EDGE('',*,*,#1672,.F.);
#2360 = PLANE('',#2361);
#2361 = AXIS2_PLACEMENT_3D('',#2362,#2363,#2364);
#2362 = CARTESIAN_POINT('',(16.593452897502,-26.4677626028,4.5));
#2363 = DIRECTION('',(0.,0.,1.));
#2364 = DIRECTION('',(1.,0.,0.));
#2365 = ADVANCED_FACE('',(#2366),#2376,.T.);
#2366 = FACE_BOUND('',#2367,.T.);
#2367 = EDGE_LOOP('',(#2368,#2369,#2370,#2371,#2372,#2373,#2374,#2375));
#2368 = ORIENTED_EDGE('',*,*,#47,.F.);
#2369 = ORIENTED_EDGE('',*,*,#79,.F.);
#2370 = ORIENTED_EDGE('',*,*,#258,.F.);
#2371 = ORIENTED_EDGE('',*,*,#306,.F.);
#2372 = ORIENTED_EDGE('',*,*,#349,.F.);
#2373 = ORIENTED_EDGE('',*,*,#331,.F.);
#2374 = ORIENTED_EDGE('',*,*,#282,.F.);
#2375 = ORIENTED_EDGE('',*,*,#112,.F.);
#2376 = PLANE('',#2377);
#2377 = AXIS2_PLACEMENT_3D('',#2378,#2379,#2380);
#2378 = CARTESIAN_POINT('',(26.500085269353,-28.33456374788,0.));
#2379 = DIRECTION('',(-0.,-0.,-1.));
#2380 = DIRECTION('',(-1.,0.,0.));
#2381 = ( GEOMETRIC_REPRESENTATION_CONTEXT(3) 
GLOBAL_UNCERTAINTY_ASSIGNED_CONTEXT((#2385)) 
GLOBAL_UNIT_ASSIGNED_CONTEXT((#2382,#2383,#2384)) REPRESENTATION_CONTEXT
('Context #1','3D Context with UNIT and UNCERTAINTY') );
#2382 = ( LENGTH_UNIT() NAMED_UNIT(*) SI_UNIT(.MILLI.,.METRE.) );
#2383 = ( NAMED_UNIT(*) PLANE_ANGLE_UNIT() SI_UNIT($,.RADIAN.) );
#2384 = ( NAMED_UNIT(*) SI_UNIT($,.STERADIAN.) SOLID_ANGLE_UNIT() );
#2385 = UNCERTAINTY_MEASURE_WITH_UNIT(LENGTH_MEASURE(1.E-05),#2382,
  'distance_accuracy_value','confusion accuracy');
#2386 = PRODUCT_RELATED_PRODUCT_CATEGORY('part',$,(#7));
#2387 = MECHANICAL_DESIGN_GEOMETRIC_PRESENTATION_REPRESENTATION('',(
    #2388),#2381);
#2388 = STYLED_ITEM('color',(#2389),#15);
#2389 = PRESENTATION_STYLE_ASSIGNMENT((#2390,#2398));
#2390 = SURFACE_STYLE_USAGE(.BOTH.,#2391);
#2391 = SURFACE_SIDE_STYLE('',(#2392,#2396));
#2392 = SURFACE_STYLE_FILL_AREA(#2393);
#2393 = FILL_AREA_STYLE('',(#2394));
#2394 = FILL_AREA_STYLE_COLOUR('',#2395);
#2395 = COLOUR_RGB('',0.800000010877,0.800000010877,0.901960800373);
#2396 = SURFACE_STYLE_RENDERING_WITH_PROPERTIES(.NORMAL_SHADING.,#2395,(
    #2397));
#2397 = SURFACE_STYLE_TRANSPARENT(0.699999988079);
#2398 = CURVE_STYLE('',#2399,POSITIVE_LENGTH_MEASURE(0.1),#2400);
#2399 = DRAUGHTING_PRE_DEFINED_CURVE_FONT('continuous');
#2400 = COLOUR_RGB('',9.803921802644E-02,9.803921802644E-02,
  9.803921802644E-02);
ENDSEC;
END-ISO-10303-21;
