ISO-10303-21;
HEADER;
FILE_DESCRIPTION(('FreeCAD Model'),'2;1');
FILE_NAME('Open CASCADE Shape Model','2026-08-23T10:50:07',(''),(''),
  'Open CASCADE STEP processor 7.8','FreeCAD','Unknown');
FILE_SCHEMA(('AUTOMOTIVE_DESIGN { 1 0 10303 214 1 1 1 1 }'));
ENDSEC;
DATA;
#1 = APPLICATION_PROTOCOL_DEFINITION('international standard',
  'automotive_design',2000,#2);
#2 = APPLICATION_CONTEXT(
  'core data for automotive mechanical design processes');
#3 = SHAPE_DEFINITION_REPRESENTATION(#4,#10);
#4 = PRODUCT_DEFINITION_SHAPE('','',#5);
#5 = PRODUCT_DEFINITION('design','',#6,#9);
#6 = PRODUCT_DEFINITION_FORMATION('','',#7);
#7 = PRODUCT('Body','Body','',(#8));
#8 = PRODUCT_CONTEXT('',#2,'mechanical');
#9 = PRODUCT_DEFINITION_CONTEXT('part definition',#2,'design');
#10 = ADVANCED_BREP_SHAPE_REPRESENTATION('',(#11,#15),#5963);
#11 = AXIS2_PLACEMENT_3D('',#12,#13,#14);
#12 = CARTESIAN_POINT('',(0.,0.,0.));
#13 = DIRECTION('',(0.,0.,1.));
#14 = DIRECTION('',(1.,0.,-0.));
#15 = MANIFOLD_SOLID_BREP('',#16);
#16 = CLOSED_SHELL('',(#17,#125,#172,#197,#869,#925,#949,#974,#999,#1039
    ,#1063,#1735,#1760,#1777,#1802,#1834,#1851,#1875,#1899,#1923,#1947,
    #1971,#1995,#2019,#2043,#2067,#2091,#2115,#2139,#2163,#2187,#2211,
    #2235,#2259,#2283,#2307,#2331,#2355,#2379,#2403,#2427,#2451,#2475,
    #2499,#2523,#2547,#2571,#2595,#2619,#2643,#2667,#2691,#2715,#2739,
    #2763,#2787,#2811,#2835,#2859,#2883,#2907,#2931,#2955,#2979,#3003,
    #3027,#3051,#3075,#3099,#3123,#3147,#3171,#3195,#3219,#3243,#3267,
    #3291,#3315,#3339,#3363,#3387,#3411,#3435,#3459,#3483,#3507,#3531,
    #3555,#3579,#3603,#3627,#3651,#3675,#3699,#3723,#3747,#3763,#3862,
    #3887,#4558,#4574,#4597,#4609,#4625,#4642,#4659,#4676,#4693,#4710,
    #4727,#4744,#4761,#4778,#4795,#4812,#4829,#4846,#4863,#4880,#4897,
    #4914,#4931,#4948,#4965,#4982,#4999,#5016,#5033,#5050,#5067,#5084,
    #5101,#5118,#5135,#5152,#5169,#5186,#5203,#5220,#5237,#5254,#5271,
    #5288,#5305,#5322,#5339,#5356,#5373,#5390,#5407,#5424,#5441,#5458,
    #5475,#5492,#5509,#5526,#5543,#5560,#5577,#5594,#5611,#5628,#5645,
    #5662,#5679,#5696,#5713,#5730,#5747,#5764,#5781,#5798,#5815,#5832,
    #5849,#5866,#5883,#5900,#5917,#5934,#5951));
#17 = ADVANCED_FACE('',(#18),#120,.F.);
#18 = FACE_BOUND('',#19,.F.);
#19 = EDGE_LOOP('',(#20,#30,#39,#47,#56,#64,#72,#80,#89,#97,#106,#114));
#20 = ORIENTED_EDGE('',*,*,#21,.T.);
#21 = EDGE_CURVE('',#22,#24,#26,.T.);
#22 = VERTEX_POINT('',#23);
#23 = CARTESIAN_POINT('',(-19.05,1.E-15,0.));
#24 = VERTEX_POINT('',#25);
#25 = CARTESIAN_POINT('',(-19.05,-5.,0.));
#26 = LINE('',#27,#28);
#27 = CARTESIAN_POINT('',(-19.05,0.,0.));
#28 = VECTOR('',#29,1.);
#29 = DIRECTION('',(0.,-1.,0.));
#30 = ORIENTED_EDGE('',*,*,#31,.T.);
#31 = EDGE_CURVE('',#24,#32,#34,.T.);
#32 = VERTEX_POINT('',#33);
#33 = CARTESIAN_POINT('',(-16.05,-8.,0.));
#34 = CIRCLE('',#35,3.);
#35 = AXIS2_PLACEMENT_3D('',#36,#37,#38);
#36 = CARTESIAN_POINT('',(-16.05,-5.,0.));
#37 = DIRECTION('',(-0.,0.,1.));
#38 = DIRECTION('',(0.,-1.,0.));
#39 = ORIENTED_EDGE('',*,*,#40,.T.);
#40 = EDGE_CURVE('',#32,#41,#43,.T.);
#41 = VERTEX_POINT('',#42);
#42 = CARTESIAN_POINT('',(16.05,-8.,0.));
#43 = LINE('',#44,#45);
#44 = CARTESIAN_POINT('',(-19.05,-8.,0.));
#45 = VECTOR('',#46,1.);
#46 = DIRECTION('',(1.,0.,0.));
#47 = ORIENTED_EDGE('',*,*,#48,.T.);
#48 = EDGE_CURVE('',#41,#49,#51,.T.);
#49 = VERTEX_POINT('',#50);
#50 = CARTESIAN_POINT('',(19.05,-5.,0.));
#51 = CIRCLE('',#52,3.);
#52 = AXIS2_PLACEMENT_3D('',#53,#54,#55);
#53 = CARTESIAN_POINT('',(16.05,-5.,0.));
#54 = DIRECTION('',(-0.,0.,1.));
#55 = DIRECTION('',(0.,-1.,0.));
#56 = ORIENTED_EDGE('',*,*,#57,.T.);
#57 = EDGE_CURVE('',#49,#58,#60,.T.);
#58 = VERTEX_POINT('',#59);
#59 = CARTESIAN_POINT('',(19.05,0.,0.));
#60 = LINE('',#61,#62);
#61 = CARTESIAN_POINT('',(19.05,-8.,0.));
#62 = VECTOR('',#63,1.);
#63 = DIRECTION('',(0.,1.,0.));
#64 = ORIENTED_EDGE('',*,*,#65,.T.);
#65 = EDGE_CURVE('',#58,#66,#68,.T.);
#66 = VERTEX_POINT('',#67);
#67 = CARTESIAN_POINT('',(6.35,100.,0.));
#68 = LINE('',#69,#70);
#69 = CARTESIAN_POINT('',(19.05,0.,0.));
#70 = VECTOR('',#71,1.);
#71 = DIRECTION('',(-0.125988033681,0.99203176127,0.));
#72 = ORIENTED_EDGE('',*,*,#73,.T.);
#73 = EDGE_CURVE('',#66,#74,#76,.T.);
#74 = VERTEX_POINT('',#75);
#75 = CARTESIAN_POINT('',(6.35,105.,0.));
#76 = LINE('',#77,#78);
#77 = CARTESIAN_POINT('',(6.35,100.,0.));
#78 = VECTOR('',#79,1.);
#79 = DIRECTION('',(0.,1.,0.));
#80 = ORIENTED_EDGE('',*,*,#81,.T.);
#81 = EDGE_CURVE('',#74,#82,#84,.T.);
#82 = VERTEX_POINT('',#83);
#83 = CARTESIAN_POINT('',(3.35,108.,0.));
#84 = CIRCLE('',#85,3.);
#85 = AXIS2_PLACEMENT_3D('',#86,#87,#88);
#86 = CARTESIAN_POINT('',(3.35,105.,0.));
#87 = DIRECTION('',(-0.,0.,1.));
#88 = DIRECTION('',(0.,-1.,0.));
#89 = ORIENTED_EDGE('',*,*,#90,.T.);
#90 = EDGE_CURVE('',#82,#91,#93,.T.);
#91 = VERTEX_POINT('',#92);
#92 = CARTESIAN_POINT('',(-3.35,108.,0.));
#93 = LINE('',#94,#95);
#94 = CARTESIAN_POINT('',(6.35,108.,0.));
#95 = VECTOR('',#96,1.);
#96 = DIRECTION('',(-1.,0.,0.));
#97 = ORIENTED_EDGE('',*,*,#98,.F.);
#98 = EDGE_CURVE('',#99,#91,#101,.T.);
#99 = VERTEX_POINT('',#100);
#100 = CARTESIAN_POINT('',(-6.35,105.,0.));
#101 = CIRCLE('',#102,3.);
#102 = AXIS2_PLACEMENT_3D('',#103,#104,#105);
#103 = CARTESIAN_POINT('',(-3.35,105.,0.));
#104 = DIRECTION('',(-0.,-0.,-1.));
#105 = DIRECTION('',(0.,-1.,0.));
#106 = ORIENTED_EDGE('',*,*,#107,.T.);
#107 = EDGE_CURVE('',#99,#108,#110,.T.);
#108 = VERTEX_POINT('',#109);
#109 = CARTESIAN_POINT('',(-6.35,100.,0.));
#110 = LINE('',#111,#112);
#111 = CARTESIAN_POINT('',(-6.35,108.,0.));
#112 = VECTOR('',#113,1.);
#113 = DIRECTION('',(0.,-1.,0.));
#114 = ORIENTED_EDGE('',*,*,#115,.T.);
#115 = EDGE_CURVE('',#108,#22,#116,.T.);
#116 = LINE('',#117,#118);
#117 = CARTESIAN_POINT('',(-6.35,100.,0.));
#118 = VECTOR('',#119,1.);
#119 = DIRECTION('',(-0.125988033681,-0.99203176127,0.));
#120 = PLANE('',#121);
#121 = AXIS2_PLACEMENT_3D('',#122,#123,#124);
#122 = CARTESIAN_POINT('',(2.2E-16,44.820089316694,0.));
#123 = DIRECTION('',(0.,0.,1.));
#124 = DIRECTION('',(1.,0.,0.));
#125 = ADVANCED_FACE('',(#126),#167,.F.);
#126 = FACE_BOUND('',#127,.F.);
#127 = EDGE_LOOP('',(#128,#129,#137,#145,#153,#161));
#128 = ORIENTED_EDGE('',*,*,#21,.F.);
#129 = ORIENTED_EDGE('',*,*,#130,.T.);
#130 = EDGE_CURVE('',#22,#131,#133,.T.);
#131 = VERTEX_POINT('',#132);
#132 = CARTESIAN_POINT('',(-19.05,1.E-15,3.));
#133 = LINE('',#134,#135);
#134 = CARTESIAN_POINT('',(-19.05,6.1E-16,0.));
#135 = VECTOR('',#136,1.);
#136 = DIRECTION('',(0.,0.,1.));
#137 = ORIENTED_EDGE('',*,*,#138,.T.);
#138 = EDGE_CURVE('',#131,#139,#141,.T.);
#139 = VERTEX_POINT('',#140);
#140 = CARTESIAN_POINT('',(-19.05,-0.5,3.));
#141 = LINE('',#142,#143);
#142 = CARTESIAN_POINT('',(-19.05,0.5,3.));
#143 = VECTOR('',#144,1.);
#144 = DIRECTION('',(0.,-1.,0.));
#145 = ORIENTED_EDGE('',*,*,#146,.F.);
#146 = EDGE_CURVE('',#147,#139,#149,.T.);
#147 = VERTEX_POINT('',#148);
#148 = CARTESIAN_POINT('',(-19.05,-0.5,5.));
#149 = LINE('',#150,#151);
#150 = CARTESIAN_POINT('',(-19.05,-0.5,5.));
#151 = VECTOR('',#152,1.);
#152 = DIRECTION('',(-0.,-0.,-1.));
#153 = ORIENTED_EDGE('',*,*,#154,.T.);
#154 = EDGE_CURVE('',#147,#155,#157,.T.);
#155 = VERTEX_POINT('',#156);
#156 = CARTESIAN_POINT('',(-19.05,-5.,5.));
#157 = LINE('',#158,#159);
#158 = CARTESIAN_POINT('',(-19.05,0.,5.));
#159 = VECTOR('',#160,1.);
#160 = DIRECTION('',(0.,-1.,0.));
#161 = ORIENTED_EDGE('',*,*,#162,.F.);
#162 = EDGE_CURVE('',#24,#155,#163,.T.);
#163 = LINE('',#164,#165);
#164 = CARTESIAN_POINT('',(-19.05,-5.,0.));
#165 = VECTOR('',#166,1.);
#166 = DIRECTION('',(0.,0.,1.));
#167 = PLANE('',#168);
#168 = AXIS2_PLACEMENT_3D('',#169,#170,#171);
#169 = CARTESIAN_POINT('',(-19.05,0.,0.));
#170 = DIRECTION('',(1.,0.,0.));
#171 = DIRECTION('',(0.,-1.,0.));
#172 = ADVANCED_FACE('',(#173),#192,.T.);
#173 = FACE_BOUND('',#174,.T.);
#174 = EDGE_LOOP('',(#175,#176,#184,#191));
#175 = ORIENTED_EDGE('',*,*,#31,.T.);
#176 = ORIENTED_EDGE('',*,*,#177,.T.);
#177 = EDGE_CURVE('',#32,#178,#180,.T.);
#178 = VERTEX_POINT('',#179);
#179 = CARTESIAN_POINT('',(-16.05,-8.,5.));
#180 = LINE('',#181,#182);
#181 = CARTESIAN_POINT('',(-16.05,-8.,0.));
#182 = VECTOR('',#183,1.);
#183 = DIRECTION('',(0.,0.,1.));
#184 = ORIENTED_EDGE('',*,*,#185,.F.);
#185 = EDGE_CURVE('',#155,#178,#186,.T.);
#186 = CIRCLE('',#187,3.);
#187 = AXIS2_PLACEMENT_3D('',#188,#189,#190);
#188 = CARTESIAN_POINT('',(-16.05,-5.,5.));
#189 = DIRECTION('',(-0.,0.,1.));
#190 = DIRECTION('',(0.,-1.,0.));
#191 = ORIENTED_EDGE('',*,*,#162,.F.);
#192 = CYLINDRICAL_SURFACE('',#193,3.);
#193 = AXIS2_PLACEMENT_3D('',#194,#195,#196);
#194 = CARTESIAN_POINT('',(-16.05,-5.,0.));
#195 = DIRECTION('',(0.,0.,1.));
#196 = DIRECTION('',(-1.,0.,0.));
#197 = ADVANCED_FACE('',(#198),#864,.F.);
#198 = FACE_BOUND('',#199,.F.);
#199 = EDGE_LOOP('',(#200,#201,#209,#217,#225,#233,#241,#249,#257,#265,
    #273,#281,#289,#297,#305,#313,#321,#329,#337,#345,#353,#361,#369,
    #377,#385,#393,#401,#409,#417,#425,#433,#441,#449,#457,#465,#473,
    #481,#489,#497,#505,#513,#521,#529,#537,#545,#553,#561,#569,#577,
    #585,#593,#601,#609,#617,#625,#633,#641,#649,#657,#665,#673,#681,
    #689,#697,#705,#713,#721,#729,#737,#745,#753,#761,#769,#777,#785,
    #793,#801,#809,#817,#825,#833,#841,#849,#857,#863));
#200 = ORIENTED_EDGE('',*,*,#115,.F.);
#201 = ORIENTED_EDGE('',*,*,#202,.T.);
#202 = EDGE_CURVE('',#108,#203,#205,.T.);
#203 = VERTEX_POINT('',#204);
#204 = CARTESIAN_POINT('',(-6.35,100.,2.));
#205 = LINE('',#206,#207);
#206 = CARTESIAN_POINT('',(-6.35,100.,0.));
#207 = VECTOR('',#208,1.);
#208 = DIRECTION('',(0.,0.,1.));
#209 = ORIENTED_EDGE('',*,*,#210,.T.);
#210 = EDGE_CURVE('',#203,#211,#213,.T.);
#211 = VERTEX_POINT('',#212);
#212 = CARTESIAN_POINT('',(-6.35,100.,3.));
#213 = LINE('',#214,#215);
#214 = CARTESIAN_POINT('',(-6.35,100.,0.));
#215 = VECTOR('',#216,1.);
#216 = DIRECTION('',(0.,0.,1.));
#217 = ORIENTED_EDGE('',*,*,#218,.T.);
#218 = EDGE_CURVE('',#211,#219,#221,.T.);
#219 = VERTEX_POINT('',#220);
#220 = CARTESIAN_POINT('',(-6.4135,99.5,3.));
#221 = LINE('',#222,#223);
#222 = CARTESIAN_POINT('',(-6.299603273797,100.39682461577,3.));
#223 = VECTOR('',#224,1.);
#224 = DIRECTION('',(-0.125988033681,-0.99203176127,0.));
#225 = ORIENTED_EDGE('',*,*,#226,.F.);
#226 = EDGE_CURVE('',#227,#219,#229,.T.);
#227 = VERTEX_POINT('',#228);
#228 = CARTESIAN_POINT('',(-6.4135,99.5,5.));
#229 = LINE('',#230,#231);
#230 = CARTESIAN_POINT('',(-6.4135,99.5,2.5));
#231 = VECTOR('',#232,1.);
#232 = DIRECTION('',(0.,0.,-1.));
#233 = ORIENTED_EDGE('',*,*,#234,.T.);
#234 = EDGE_CURVE('',#227,#235,#237,.T.);
#235 = VERTEX_POINT('',#236);
#236 = CARTESIAN_POINT('',(-6.9215,95.5,5.));
#237 = LINE('',#238,#239);
#238 = CARTESIAN_POINT('',(-6.35,100.,5.));
#239 = VECTOR('',#240,1.);
#240 = DIRECTION('',(-0.125988033681,-0.99203176127,0.));
#241 = ORIENTED_EDGE('',*,*,#242,.F.);
#242 = EDGE_CURVE('',#243,#235,#245,.T.);
#243 = VERTEX_POINT('',#244);
#244 = CARTESIAN_POINT('',(-6.9215,95.5,3.));
#245 = LINE('',#246,#247);
#246 = CARTESIAN_POINT('',(-6.9215,95.5,2.5));
#247 = VECTOR('',#248,1.);
#248 = DIRECTION('',(0.,0.,1.));
#249 = ORIENTED_EDGE('',*,*,#250,.T.);
#250 = EDGE_CURVE('',#243,#251,#253,.T.);
#251 = VERTEX_POINT('',#252);
#252 = CARTESIAN_POINT('',(-7.0485,94.5,3.));
#253 = LINE('',#254,#255);
#254 = CARTESIAN_POINT('',(-6.612063601177,97.936507077349,3.));
#255 = VECTOR('',#256,1.);
#256 = DIRECTION('',(-0.125988033681,-0.99203176127,0.));
#257 = ORIENTED_EDGE('',*,*,#258,.F.);
#258 = EDGE_CURVE('',#259,#251,#261,.T.);
#259 = VERTEX_POINT('',#260);
#260 = CARTESIAN_POINT('',(-7.0485,94.5,5.));
#261 = LINE('',#262,#263);
#262 = CARTESIAN_POINT('',(-7.0485,94.5,2.5));
#263 = VECTOR('',#264,1.);
#264 = DIRECTION('',(0.,0.,-1.));
#265 = ORIENTED_EDGE('',*,*,#266,.T.);
#266 = EDGE_CURVE('',#259,#267,#269,.T.);
#267 = VERTEX_POINT('',#268);
#268 = CARTESIAN_POINT('',(-7.5565,90.5,5.));
#269 = LINE('',#270,#271);
#270 = CARTESIAN_POINT('',(-6.35,100.,5.));
#271 = VECTOR('',#272,1.);
#272 = DIRECTION('',(-0.125988033681,-0.99203176127,0.));
#273 = ORIENTED_EDGE('',*,*,#274,.F.);
#274 = EDGE_CURVE('',#275,#267,#277,.T.);
#275 = VERTEX_POINT('',#276);
#276 = CARTESIAN_POINT('',(-7.5565,90.5,3.));
#277 = LINE('',#278,#279);
#278 = CARTESIAN_POINT('',(-7.5565,90.5,2.5));
#279 = VECTOR('',#280,1.);
#280 = DIRECTION('',(0.,0.,1.));
#281 = ORIENTED_EDGE('',*,*,#282,.T.);
#282 = EDGE_CURVE('',#275,#283,#285,.T.);
#283 = VERTEX_POINT('',#284);
#284 = CARTESIAN_POINT('',(-7.6835,89.5,3.));
#285 = LINE('',#286,#287);
#286 = CARTESIAN_POINT('',(-6.924523928556,95.476189538927,3.));
#287 = VECTOR('',#288,1.);
#288 = DIRECTION('',(-0.125988033681,-0.99203176127,0.));
#289 = ORIENTED_EDGE('',*,*,#290,.F.);
#290 = EDGE_CURVE('',#291,#283,#293,.T.);
#291 = VERTEX_POINT('',#292);
#292 = CARTESIAN_POINT('',(-7.6835,89.5,5.));
#293 = LINE('',#294,#295);
#294 = CARTESIAN_POINT('',(-7.6835,89.5,2.5));
#295 = VECTOR('',#296,1.);
#296 = DIRECTION('',(0.,0.,-1.));
#297 = ORIENTED_EDGE('',*,*,#298,.T.);
#298 = EDGE_CURVE('',#291,#299,#301,.T.);
#299 = VERTEX_POINT('',#300);
#300 = CARTESIAN_POINT('',(-8.1915,85.5,5.));
#301 = LINE('',#302,#303);
#302 = CARTESIAN_POINT('',(-6.35,100.,5.));
#303 = VECTOR('',#304,1.);
#304 = DIRECTION('',(-0.125988033681,-0.99203176127,0.));
#305 = ORIENTED_EDGE('',*,*,#306,.F.);
#306 = EDGE_CURVE('',#307,#299,#309,.T.);
#307 = VERTEX_POINT('',#308);
#308 = CARTESIAN_POINT('',(-8.1915,85.5,3.));
#309 = LINE('',#310,#311);
#310 = CARTESIAN_POINT('',(-8.1915,85.5,2.5));
#311 = VECTOR('',#312,1.);
#312 = DIRECTION('',(0.,0.,1.));
#313 = ORIENTED_EDGE('',*,*,#314,.T.);
#314 = EDGE_CURVE('',#307,#315,#317,.T.);
#315 = VERTEX_POINT('',#316);
#316 = CARTESIAN_POINT('',(-8.3185,84.5,3.));
#317 = LINE('',#318,#319);
#318 = CARTESIAN_POINT('',(-7.236984255936,93.015872000504,3.));
#319 = VECTOR('',#320,1.);
#320 = DIRECTION('',(-0.125988033681,-0.99203176127,0.));
#321 = ORIENTED_EDGE('',*,*,#322,.F.);
#322 = EDGE_CURVE('',#323,#315,#325,.T.);
#323 = VERTEX_POINT('',#324);
#324 = CARTESIAN_POINT('',(-8.3185,84.5,5.));
#325 = LINE('',#326,#327);
#326 = CARTESIAN_POINT('',(-8.3185,84.5,2.5));
#327 = VECTOR('',#328,1.);
#328 = DIRECTION('',(0.,0.,-1.));
#329 = ORIENTED_EDGE('',*,*,#330,.T.);
#330 = EDGE_CURVE('',#323,#331,#333,.T.);
#331 = VERTEX_POINT('',#332);
#332 = CARTESIAN_POINT('',(-8.8265,80.5,5.));
#333 = LINE('',#334,#335);
#334 = CARTESIAN_POINT('',(-6.35,100.,5.));
#335 = VECTOR('',#336,1.);
#336 = DIRECTION('',(-0.125988033681,-0.99203176127,0.));
#337 = ORIENTED_EDGE('',*,*,#338,.F.);
#338 = EDGE_CURVE('',#339,#331,#341,.T.);
#339 = VERTEX_POINT('',#340);
#340 = CARTESIAN_POINT('',(-8.8265,80.5,3.));
#341 = LINE('',#342,#343);
#342 = CARTESIAN_POINT('',(-8.8265,80.5,2.5));
#343 = VECTOR('',#344,1.);
#344 = DIRECTION('',(0.,0.,1.));
#345 = ORIENTED_EDGE('',*,*,#346,.T.);
#346 = EDGE_CURVE('',#339,#347,#349,.T.);
#347 = VERTEX_POINT('',#348);
#348 = CARTESIAN_POINT('',(-8.9535,79.5,3.));
#349 = LINE('',#350,#351);
#350 = CARTESIAN_POINT('',(-7.549444583316,90.555554462081,3.));
#351 = VECTOR('',#352,1.);
#352 = DIRECTION('',(-0.125988033681,-0.99203176127,0.));
#353 = ORIENTED_EDGE('',*,*,#354,.F.);
#354 = EDGE_CURVE('',#355,#347,#357,.T.);
#355 = VERTEX_POINT('',#356);
#356 = CARTESIAN_POINT('',(-8.9535,79.5,5.));
#357 = LINE('',#358,#359);
#358 = CARTESIAN_POINT('',(-8.9535,79.5,2.5));
#359 = VECTOR('',#360,1.);
#360 = DIRECTION('',(0.,0.,-1.));
#361 = ORIENTED_EDGE('',*,*,#362,.T.);
#362 = EDGE_CURVE('',#355,#363,#365,.T.);
#363 = VERTEX_POINT('',#364);
#364 = CARTESIAN_POINT('',(-9.4615,75.5,5.));
#365 = LINE('',#366,#367);
#366 = CARTESIAN_POINT('',(-6.35,100.,5.));
#367 = VECTOR('',#368,1.);
#368 = DIRECTION('',(-0.125988033681,-0.99203176127,0.));
#369 = ORIENTED_EDGE('',*,*,#370,.F.);
#370 = EDGE_CURVE('',#371,#363,#373,.T.);
#371 = VERTEX_POINT('',#372);
#372 = CARTESIAN_POINT('',(-9.4615,75.5,3.));
#373 = LINE('',#374,#375);
#374 = CARTESIAN_POINT('',(-9.4615,75.5,2.5));
#375 = VECTOR('',#376,1.);
#376 = DIRECTION('',(0.,0.,1.));
#377 = ORIENTED_EDGE('',*,*,#378,.T.);
#378 = EDGE_CURVE('',#371,#379,#381,.T.);
#379 = VERTEX_POINT('',#380);
#380 = CARTESIAN_POINT('',(-9.5885,74.5,3.));
#381 = LINE('',#382,#383);
#382 = CARTESIAN_POINT('',(-7.861904910695,88.095236923658,3.));
#383 = VECTOR('',#384,1.);
#384 = DIRECTION('',(-0.125988033681,-0.99203176127,0.));
#385 = ORIENTED_EDGE('',*,*,#386,.F.);
#386 = EDGE_CURVE('',#387,#379,#389,.T.);
#387 = VERTEX_POINT('',#388);
#388 = CARTESIAN_POINT('',(-9.5885,74.5,5.));
#389 = LINE('',#390,#391);
#390 = CARTESIAN_POINT('',(-9.5885,74.5,2.5));
#391 = VECTOR('',#392,1.);
#392 = DIRECTION('',(0.,0.,-1.));
#393 = ORIENTED_EDGE('',*,*,#394,.T.);
#394 = EDGE_CURVE('',#387,#395,#397,.T.);
#395 = VERTEX_POINT('',#396);
#396 = CARTESIAN_POINT('',(-10.0965,70.5,5.));
#397 = LINE('',#398,#399);
#398 = CARTESIAN_POINT('',(-6.35,100.,5.));
#399 = VECTOR('',#400,1.);
#400 = DIRECTION('',(-0.125988033681,-0.99203176127,0.));
#401 = ORIENTED_EDGE('',*,*,#402,.F.);
#402 = EDGE_CURVE('',#403,#395,#405,.T.);
#403 = VERTEX_POINT('',#404);
#404 = CARTESIAN_POINT('',(-10.0965,70.5,3.));
#405 = LINE('',#406,#407);
#406 = CARTESIAN_POINT('',(-10.0965,70.5,2.5));
#407 = VECTOR('',#408,1.);
#408 = DIRECTION('',(0.,0.,1.));
#409 = ORIENTED_EDGE('',*,*,#410,.T.);
#410 = EDGE_CURVE('',#403,#411,#413,.T.);
#411 = VERTEX_POINT('',#412);
#412 = CARTESIAN_POINT('',(-10.2235,69.5,3.));
#413 = LINE('',#414,#415);
#414 = CARTESIAN_POINT('',(-8.174365238075,85.634919385236,3.));
#415 = VECTOR('',#416,1.);
#416 = DIRECTION('',(-0.125988033681,-0.99203176127,0.));
#417 = ORIENTED_EDGE('',*,*,#418,.F.);
#418 = EDGE_CURVE('',#419,#411,#421,.T.);
#419 = VERTEX_POINT('',#420);
#420 = CARTESIAN_POINT('',(-10.2235,69.5,5.));
#421 = LINE('',#422,#423);
#422 = CARTESIAN_POINT('',(-10.2235,69.5,2.5));
#423 = VECTOR('',#424,1.);
#424 = DIRECTION('',(0.,0.,-1.));
#425 = ORIENTED_EDGE('',*,*,#426,.T.);
#426 = EDGE_CURVE('',#419,#427,#429,.T.);
#427 = VERTEX_POINT('',#428);
#428 = CARTESIAN_POINT('',(-10.7315,65.5,5.));
#429 = LINE('',#430,#431);
#430 = CARTESIAN_POINT('',(-6.35,100.,5.));
#431 = VECTOR('',#432,1.);
#432 = DIRECTION('',(-0.125988033681,-0.99203176127,0.));
#433 = ORIENTED_EDGE('',*,*,#434,.F.);
#434 = EDGE_CURVE('',#435,#427,#437,.T.);
#435 = VERTEX_POINT('',#436);
#436 = CARTESIAN_POINT('',(-10.7315,65.5,3.));
#437 = LINE('',#438,#439);
#438 = CARTESIAN_POINT('',(-10.7315,65.5,2.5));
#439 = VECTOR('',#440,1.);
#440 = DIRECTION('',(0.,0.,1.));
#441 = ORIENTED_EDGE('',*,*,#442,.T.);
#442 = EDGE_CURVE('',#435,#443,#445,.T.);
#443 = VERTEX_POINT('',#444);
#444 = CARTESIAN_POINT('',(-10.8585,64.5,3.));
#445 = LINE('',#446,#447);
#446 = CARTESIAN_POINT('',(-8.486825565455,83.174601846813,3.));
#447 = VECTOR('',#448,1.);
#448 = DIRECTION('',(-0.125988033681,-0.99203176127,0.));
#449 = ORIENTED_EDGE('',*,*,#450,.F.);
#450 = EDGE_CURVE('',#451,#443,#453,.T.);
#451 = VERTEX_POINT('',#452);
#452 = CARTESIAN_POINT('',(-10.8585,64.5,5.));
#453 = LINE('',#454,#455);
#454 = CARTESIAN_POINT('',(-10.8585,64.5,2.5));
#455 = VECTOR('',#456,1.);
#456 = DIRECTION('',(0.,0.,-1.));
#457 = ORIENTED_EDGE('',*,*,#458,.T.);
#458 = EDGE_CURVE('',#451,#459,#461,.T.);
#459 = VERTEX_POINT('',#460);
#460 = CARTESIAN_POINT('',(-11.3665,60.5,5.));
#461 = LINE('',#462,#463);
#462 = CARTESIAN_POINT('',(-6.35,100.,5.));
#463 = VECTOR('',#464,1.);
#464 = DIRECTION('',(-0.125988033681,-0.99203176127,0.));
#465 = ORIENTED_EDGE('',*,*,#466,.F.);
#466 = EDGE_CURVE('',#467,#459,#469,.T.);
#467 = VERTEX_POINT('',#468);
#468 = CARTESIAN_POINT('',(-11.3665,60.5,3.));
#469 = LINE('',#470,#471);
#470 = CARTESIAN_POINT('',(-11.3665,60.5,2.5));
#471 = VECTOR('',#472,1.);
#472 = DIRECTION('',(0.,0.,1.));
#473 = ORIENTED_EDGE('',*,*,#474,.T.);
#474 = EDGE_CURVE('',#467,#475,#477,.T.);
#475 = VERTEX_POINT('',#476);
#476 = CARTESIAN_POINT('',(-11.4935,59.5,3.));
#477 = LINE('',#478,#479);
#478 = CARTESIAN_POINT('',(-8.799285892834,80.71428430839,3.));
#479 = VECTOR('',#480,1.);
#480 = DIRECTION('',(-0.125988033681,-0.99203176127,0.));
#481 = ORIENTED_EDGE('',*,*,#482,.F.);
#482 = EDGE_CURVE('',#483,#475,#485,.T.);
#483 = VERTEX_POINT('',#484);
#484 = CARTESIAN_POINT('',(-11.4935,59.5,5.));
#485 = LINE('',#486,#487);
#486 = CARTESIAN_POINT('',(-11.4935,59.5,2.5));
#487 = VECTOR('',#488,1.);
#488 = DIRECTION('',(0.,0.,-1.));
#489 = ORIENTED_EDGE('',*,*,#490,.T.);
#490 = EDGE_CURVE('',#483,#491,#493,.T.);
#491 = VERTEX_POINT('',#492);
#492 = CARTESIAN_POINT('',(-12.0015,55.5,5.));
#493 = LINE('',#494,#495);
#494 = CARTESIAN_POINT('',(-6.35,100.,5.));
#495 = VECTOR('',#496,1.);
#496 = DIRECTION('',(-0.125988033681,-0.99203176127,0.));
#497 = ORIENTED_EDGE('',*,*,#498,.F.);
#498 = EDGE_CURVE('',#499,#491,#501,.T.);
#499 = VERTEX_POINT('',#500);
#500 = CARTESIAN_POINT('',(-12.0015,55.5,3.));
#501 = LINE('',#502,#503);
#502 = CARTESIAN_POINT('',(-12.0015,55.5,2.5));
#503 = VECTOR('',#504,1.);
#504 = DIRECTION('',(0.,0.,1.));
#505 = ORIENTED_EDGE('',*,*,#506,.T.);
#506 = EDGE_CURVE('',#499,#507,#509,.T.);
#507 = VERTEX_POINT('',#508);
#508 = CARTESIAN_POINT('',(-12.1285,54.5,3.));
#509 = LINE('',#510,#511);
#510 = CARTESIAN_POINT('',(-9.111746220214,78.253966769967,3.));
#511 = VECTOR('',#512,1.);
#512 = DIRECTION('',(-0.125988033681,-0.99203176127,0.));
#513 = ORIENTED_EDGE('',*,*,#514,.F.);
#514 = EDGE_CURVE('',#515,#507,#517,.T.);
#515 = VERTEX_POINT('',#516);
#516 = CARTESIAN_POINT('',(-12.1285,54.5,5.));
#517 = LINE('',#518,#519);
#518 = CARTESIAN_POINT('',(-12.1285,54.5,2.5));
#519 = VECTOR('',#520,1.);
#520 = DIRECTION('',(0.,0.,-1.));
#521 = ORIENTED_EDGE('',*,*,#522,.T.);
#522 = EDGE_CURVE('',#515,#523,#525,.T.);
#523 = VERTEX_POINT('',#524);
#524 = CARTESIAN_POINT('',(-12.6365,50.5,5.));
#525 = LINE('',#526,#527);
#526 = CARTESIAN_POINT('',(-6.35,100.,5.));
#527 = VECTOR('',#528,1.);
#528 = DIRECTION('',(-0.125988033681,-0.99203176127,0.));
#529 = ORIENTED_EDGE('',*,*,#530,.F.);
#530 = EDGE_CURVE('',#531,#523,#533,.T.);
#531 = VERTEX_POINT('',#532);
#532 = CARTESIAN_POINT('',(-12.6365,50.5,3.));
#533 = LINE('',#534,#535);
#534 = CARTESIAN_POINT('',(-12.6365,50.5,2.5));
#535 = VECTOR('',#536,1.);
#536 = DIRECTION('',(0.,0.,1.));
#537 = ORIENTED_EDGE('',*,*,#538,.T.);
#538 = EDGE_CURVE('',#531,#539,#541,.T.);
#539 = VERTEX_POINT('',#540);
#540 = CARTESIAN_POINT('',(-12.7635,49.5,3.));
#541 = LINE('',#542,#543);
#542 = CARTESIAN_POINT('',(-9.424206547594,75.793649231544,3.));
#543 = VECTOR('',#544,1.);
#544 = DIRECTION('',(-0.125988033681,-0.99203176127,0.));
#545 = ORIENTED_EDGE('',*,*,#546,.F.);
#546 = EDGE_CURVE('',#547,#539,#549,.T.);
#547 = VERTEX_POINT('',#548);
#548 = CARTESIAN_POINT('',(-12.7635,49.5,5.));
#549 = LINE('',#550,#551);
#550 = CARTESIAN_POINT('',(-12.7635,49.5,2.5));
#551 = VECTOR('',#552,1.);
#552 = DIRECTION('',(0.,0.,-1.));
#553 = ORIENTED_EDGE('',*,*,#554,.T.);
#554 = EDGE_CURVE('',#547,#555,#557,.T.);
#555 = VERTEX_POINT('',#556);
#556 = CARTESIAN_POINT('',(-13.2715,45.5,5.));
#557 = LINE('',#558,#559);
#558 = CARTESIAN_POINT('',(-6.35,100.,5.));
#559 = VECTOR('',#560,1.);
#560 = DIRECTION('',(-0.125988033681,-0.99203176127,0.));
#561 = ORIENTED_EDGE('',*,*,#562,.F.);
#562 = EDGE_CURVE('',#563,#555,#565,.T.);
#563 = VERTEX_POINT('',#564);
#564 = CARTESIAN_POINT('',(-13.2715,45.5,3.));
#565 = LINE('',#566,#567);
#566 = CARTESIAN_POINT('',(-13.2715,45.5,2.5));
#567 = VECTOR('',#568,1.);
#568 = DIRECTION('',(0.,0.,1.));
#569 = ORIENTED_EDGE('',*,*,#570,.T.);
#570 = EDGE_CURVE('',#563,#571,#573,.T.);
#571 = VERTEX_POINT('',#572);
#572 = CARTESIAN_POINT('',(-13.3985,44.5,3.));
#573 = LINE('',#574,#575);
#574 = CARTESIAN_POINT('',(-9.736666874974,73.333331693122,3.));
#575 = VECTOR('',#576,1.);
#576 = DIRECTION('',(-0.125988033681,-0.99203176127,0.));
#577 = ORIENTED_EDGE('',*,*,#578,.F.);
#578 = EDGE_CURVE('',#579,#571,#581,.T.);
#579 = VERTEX_POINT('',#580);
#580 = CARTESIAN_POINT('',(-13.3985,44.5,5.));
#581 = LINE('',#582,#583);
#582 = CARTESIAN_POINT('',(-13.3985,44.5,2.5));
#583 = VECTOR('',#584,1.);
#584 = DIRECTION('',(0.,0.,-1.));
#585 = ORIENTED_EDGE('',*,*,#586,.T.);
#586 = EDGE_CURVE('',#579,#587,#589,.T.);
#587 = VERTEX_POINT('',#588);
#588 = CARTESIAN_POINT('',(-13.9065,40.5,5.));
#589 = LINE('',#590,#591);
#590 = CARTESIAN_POINT('',(-6.35,100.,5.));
#591 = VECTOR('',#592,1.);
#592 = DIRECTION('',(-0.125988033681,-0.99203176127,0.));
#593 = ORIENTED_EDGE('',*,*,#594,.F.);
#594 = EDGE_CURVE('',#595,#587,#597,.T.);
#595 = VERTEX_POINT('',#596);
#596 = CARTESIAN_POINT('',(-13.9065,40.5,3.));
#597 = LINE('',#598,#599);
#598 = CARTESIAN_POINT('',(-13.9065,40.5,2.5));
#599 = VECTOR('',#600,1.);
#600 = DIRECTION('',(0.,0.,1.));
#601 = ORIENTED_EDGE('',*,*,#602,.T.);
#602 = EDGE_CURVE('',#595,#603,#605,.T.);
#603 = VERTEX_POINT('',#604);
#604 = CARTESIAN_POINT('',(-14.0335,39.5,3.));
#605 = LINE('',#606,#607);
#606 = CARTESIAN_POINT('',(-10.04912720235,70.873014154699,3.));
#607 = VECTOR('',#608,1.);
#608 = DIRECTION('',(-0.125988033681,-0.99203176127,0.));
#609 = ORIENTED_EDGE('',*,*,#610,.F.);
#610 = EDGE_CURVE('',#611,#603,#613,.T.);
#611 = VERTEX_POINT('',#612);
#612 = CARTESIAN_POINT('',(-14.0335,39.5,5.));
#613 = LINE('',#614,#615);
#614 = CARTESIAN_POINT('',(-14.0335,39.5,2.5));
#615 = VECTOR('',#616,1.);
#616 = DIRECTION('',(0.,0.,-1.));
#617 = ORIENTED_EDGE('',*,*,#618,.T.);
#618 = EDGE_CURVE('',#611,#619,#621,.T.);
#619 = VERTEX_POINT('',#620);
#620 = CARTESIAN_POINT('',(-14.5415,35.5,5.));
#621 = LINE('',#622,#623);
#622 = CARTESIAN_POINT('',(-6.35,100.,5.));
#623 = VECTOR('',#624,1.);
#624 = DIRECTION('',(-0.125988033681,-0.99203176127,0.));
#625 = ORIENTED_EDGE('',*,*,#626,.F.);
#626 = EDGE_CURVE('',#627,#619,#629,.T.);
#627 = VERTEX_POINT('',#628);
#628 = CARTESIAN_POINT('',(-14.5415,35.5,3.));
#629 = LINE('',#630,#631);
#630 = CARTESIAN_POINT('',(-14.5415,35.5,2.5));
#631 = VECTOR('',#632,1.);
#632 = DIRECTION('',(0.,0.,1.));
#633 = ORIENTED_EDGE('',*,*,#634,.T.);
#634 = EDGE_CURVE('',#627,#635,#637,.T.);
#635 = VERTEX_POINT('',#636);
#636 = CARTESIAN_POINT('',(-14.6685,34.5,3.));
#637 = LINE('',#638,#639);
#638 = CARTESIAN_POINT('',(-10.36158752973,68.412696616276,3.));
#639 = VECTOR('',#640,1.);
#640 = DIRECTION('',(-0.125988033681,-0.99203176127,0.));
#641 = ORIENTED_EDGE('',*,*,#642,.F.);
#642 = EDGE_CURVE('',#643,#635,#645,.T.);
#643 = VERTEX_POINT('',#644);
#644 = CARTESIAN_POINT('',(-14.6685,34.5,5.));
#645 = LINE('',#646,#647);
#646 = CARTESIAN_POINT('',(-14.6685,34.5,2.5));
#647 = VECTOR('',#648,1.);
#648 = DIRECTION('',(0.,0.,-1.));
#649 = ORIENTED_EDGE('',*,*,#650,.T.);
#650 = EDGE_CURVE('',#643,#651,#653,.T.);
#651 = VERTEX_POINT('',#652);
#652 = CARTESIAN_POINT('',(-15.1765,30.5,5.));
#653 = LINE('',#654,#655);
#654 = CARTESIAN_POINT('',(-6.35,100.,5.));
#655 = VECTOR('',#656,1.);
#656 = DIRECTION('',(-0.125988033681,-0.99203176127,0.));
#657 = ORIENTED_EDGE('',*,*,#658,.F.);
#658 = EDGE_CURVE('',#659,#651,#661,.T.);
#659 = VERTEX_POINT('',#660);
#660 = CARTESIAN_POINT('',(-15.1765,30.5,3.));
#661 = LINE('',#662,#663);
#662 = CARTESIAN_POINT('',(-15.1765,30.5,2.5));
#663 = VECTOR('',#664,1.);
#664 = DIRECTION('',(0.,0.,1.));
#665 = ORIENTED_EDGE('',*,*,#666,.T.);
#666 = EDGE_CURVE('',#659,#667,#669,.T.);
#667 = VERTEX_POINT('',#668);
#668 = CARTESIAN_POINT('',(-15.3035,29.5,3.));
#669 = LINE('',#670,#671);
#670 = CARTESIAN_POINT('',(-10.67404785711,65.952379077853,3.));
#671 = VECTOR('',#672,1.);
#672 = DIRECTION('',(-0.125988033681,-0.99203176127,0.));
#673 = ORIENTED_EDGE('',*,*,#674,.F.);
#674 = EDGE_CURVE('',#675,#667,#677,.T.);
#675 = VERTEX_POINT('',#676);
#676 = CARTESIAN_POINT('',(-15.3035,29.5,5.));
#677 = LINE('',#678,#679);
#678 = CARTESIAN_POINT('',(-15.3035,29.5,2.5));
#679 = VECTOR('',#680,1.);
#680 = DIRECTION('',(0.,0.,-1.));
#681 = ORIENTED_EDGE('',*,*,#682,.T.);
#682 = EDGE_CURVE('',#675,#683,#685,.T.);
#683 = VERTEX_POINT('',#684);
#684 = CARTESIAN_POINT('',(-15.8115,25.5,5.));
#685 = LINE('',#686,#687);
#686 = CARTESIAN_POINT('',(-6.35,100.,5.));
#687 = VECTOR('',#688,1.);
#688 = DIRECTION('',(-0.125988033681,-0.99203176127,0.));
#689 = ORIENTED_EDGE('',*,*,#690,.F.);
#690 = EDGE_CURVE('',#691,#683,#693,.T.);
#691 = VERTEX_POINT('',#692);
#692 = CARTESIAN_POINT('',(-15.8115,25.5,3.));
#693 = LINE('',#694,#695);
#694 = CARTESIAN_POINT('',(-15.8115,25.5,2.5));
#695 = VECTOR('',#696,1.);
#696 = DIRECTION('',(0.,0.,1.));
#697 = ORIENTED_EDGE('',*,*,#698,.T.);
#698 = EDGE_CURVE('',#691,#699,#701,.T.);
#699 = VERTEX_POINT('',#700);
#700 = CARTESIAN_POINT('',(-15.9385,24.5,3.));
#701 = LINE('',#702,#703);
#702 = CARTESIAN_POINT('',(-10.98650818449,63.492061539431,3.));
#703 = VECTOR('',#704,1.);
#704 = DIRECTION('',(-0.125988033681,-0.99203176127,0.));
#705 = ORIENTED_EDGE('',*,*,#706,.F.);
#706 = EDGE_CURVE('',#707,#699,#709,.T.);
#707 = VERTEX_POINT('',#708);
#708 = CARTESIAN_POINT('',(-15.9385,24.5,5.));
#709 = LINE('',#710,#711);
#710 = CARTESIAN_POINT('',(-15.9385,24.5,2.5));
#711 = VECTOR('',#712,1.);
#712 = DIRECTION('',(0.,0.,-1.));
#713 = ORIENTED_EDGE('',*,*,#714,.T.);
#714 = EDGE_CURVE('',#707,#715,#717,.T.);
#715 = VERTEX_POINT('',#716);
#716 = CARTESIAN_POINT('',(-16.4465,20.5,5.));
#717 = LINE('',#718,#719);
#718 = CARTESIAN_POINT('',(-6.35,100.,5.));
#719 = VECTOR('',#720,1.);
#720 = DIRECTION('',(-0.125988033681,-0.99203176127,0.));
#721 = ORIENTED_EDGE('',*,*,#722,.F.);
#722 = EDGE_CURVE('',#723,#715,#725,.T.);
#723 = VERTEX_POINT('',#724);
#724 = CARTESIAN_POINT('',(-16.4465,20.5,3.));
#725 = LINE('',#726,#727);
#726 = CARTESIAN_POINT('',(-16.4465,20.5,2.5));
#727 = VECTOR('',#728,1.);
#728 = DIRECTION('',(0.,0.,1.));
#729 = ORIENTED_EDGE('',*,*,#730,.T.);
#730 = EDGE_CURVE('',#723,#731,#733,.T.);
#731 = VERTEX_POINT('',#732);
#732 = CARTESIAN_POINT('',(-16.5735,19.5,3.));
#733 = LINE('',#734,#735);
#734 = CARTESIAN_POINT('',(-11.29896851187,61.031744001008,3.));
#735 = VECTOR('',#736,1.);
#736 = DIRECTION('',(-0.125988033681,-0.99203176127,0.));
#737 = ORIENTED_EDGE('',*,*,#738,.F.);
#738 = EDGE_CURVE('',#739,#731,#741,.T.);
#739 = VERTEX_POINT('',#740);
#740 = CARTESIAN_POINT('',(-16.5735,19.5,5.));
#741 = LINE('',#742,#743);
#742 = CARTESIAN_POINT('',(-16.5735,19.5,2.5));
#743 = VECTOR('',#744,1.);
#744 = DIRECTION('',(0.,0.,-1.));
#745 = ORIENTED_EDGE('',*,*,#746,.T.);
#746 = EDGE_CURVE('',#739,#747,#749,.T.);
#747 = VERTEX_POINT('',#748);
#748 = CARTESIAN_POINT('',(-17.0815,15.5,5.));
#749 = LINE('',#750,#751);
#750 = CARTESIAN_POINT('',(-6.35,100.,5.));
#751 = VECTOR('',#752,1.);
#752 = DIRECTION('',(-0.125988033681,-0.99203176127,0.));
#753 = ORIENTED_EDGE('',*,*,#754,.F.);
#754 = EDGE_CURVE('',#755,#747,#757,.T.);
#755 = VERTEX_POINT('',#756);
#756 = CARTESIAN_POINT('',(-17.0815,15.5,3.));
#757 = LINE('',#758,#759);
#758 = CARTESIAN_POINT('',(-17.0815,15.5,2.5));
#759 = VECTOR('',#760,1.);
#760 = DIRECTION('',(0.,0.,1.));
#761 = ORIENTED_EDGE('',*,*,#762,.T.);
#762 = EDGE_CURVE('',#755,#763,#765,.T.);
#763 = VERTEX_POINT('',#764);
#764 = CARTESIAN_POINT('',(-17.2085,14.5,3.));
#765 = LINE('',#766,#767);
#766 = CARTESIAN_POINT('',(-11.61142883925,58.571426462585,3.));
#767 = VECTOR('',#768,1.);
#768 = DIRECTION('',(-0.125988033681,-0.99203176127,0.));
#769 = ORIENTED_EDGE('',*,*,#770,.F.);
#770 = EDGE_CURVE('',#771,#763,#773,.T.);
#771 = VERTEX_POINT('',#772);
#772 = CARTESIAN_POINT('',(-17.2085,14.5,5.));
#773 = LINE('',#774,#775);
#774 = CARTESIAN_POINT('',(-17.2085,14.5,2.5));
#775 = VECTOR('',#776,1.);
#776 = DIRECTION('',(0.,0.,-1.));
#777 = ORIENTED_EDGE('',*,*,#778,.T.);
#778 = EDGE_CURVE('',#771,#779,#781,.T.);
#779 = VERTEX_POINT('',#780);
#780 = CARTESIAN_POINT('',(-17.7165,10.5,5.));
#781 = LINE('',#782,#783);
#782 = CARTESIAN_POINT('',(-6.35,100.,5.));
#783 = VECTOR('',#784,1.);
#784 = DIRECTION('',(-0.125988033681,-0.99203176127,0.));
#785 = ORIENTED_EDGE('',*,*,#786,.F.);
#786 = EDGE_CURVE('',#787,#779,#789,.T.);
#787 = VERTEX_POINT('',#788);
#788 = CARTESIAN_POINT('',(-17.7165,10.5,3.));
#789 = LINE('',#790,#791);
#790 = CARTESIAN_POINT('',(-17.7165,10.5,2.5));
#791 = VECTOR('',#792,1.);
#792 = DIRECTION('',(0.,0.,1.));
#793 = ORIENTED_EDGE('',*,*,#794,.T.);
#794 = EDGE_CURVE('',#787,#795,#797,.T.);
#795 = VERTEX_POINT('',#796);
#796 = CARTESIAN_POINT('',(-17.8435,9.5,3.));
#797 = LINE('',#798,#799);
#798 = CARTESIAN_POINT('',(-11.92388916663,56.111108924162,3.));
#799 = VECTOR('',#800,1.);
#800 = DIRECTION('',(-0.125988033681,-0.99203176127,0.));
#801 = ORIENTED_EDGE('',*,*,#802,.F.);
#802 = EDGE_CURVE('',#803,#795,#805,.T.);
#803 = VERTEX_POINT('',#804);
#804 = CARTESIAN_POINT('',(-17.8435,9.5,5.));
#805 = LINE('',#806,#807);
#806 = CARTESIAN_POINT('',(-17.8435,9.5,2.5));
#807 = VECTOR('',#808,1.);
#808 = DIRECTION('',(0.,0.,-1.));
#809 = ORIENTED_EDGE('',*,*,#810,.T.);
#810 = EDGE_CURVE('',#803,#811,#813,.T.);
#811 = VERTEX_POINT('',#812);
#812 = CARTESIAN_POINT('',(-18.3515,5.5,5.));
#813 = LINE('',#814,#815);
#814 = CARTESIAN_POINT('',(-6.35,100.,5.));
#815 = VECTOR('',#816,1.);
#816 = DIRECTION('',(-0.125988033681,-0.99203176127,0.));
#817 = ORIENTED_EDGE('',*,*,#818,.F.);
#818 = EDGE_CURVE('',#819,#811,#821,.T.);
#819 = VERTEX_POINT('',#820);
#820 = CARTESIAN_POINT('',(-18.3515,5.5,3.));
#821 = LINE('',#822,#823);
#822 = CARTESIAN_POINT('',(-18.3515,5.5,2.5));
#823 = VECTOR('',#824,1.);
#824 = DIRECTION('',(0.,0.,1.));
#825 = ORIENTED_EDGE('',*,*,#826,.T.);
#826 = EDGE_CURVE('',#819,#827,#829,.T.);
#827 = VERTEX_POINT('',#828);
#828 = CARTESIAN_POINT('',(-18.4785,4.5,3.));
#829 = LINE('',#830,#831);
#830 = CARTESIAN_POINT('',(-12.23634949401,53.650791385739,3.));
#831 = VECTOR('',#832,1.);
#832 = DIRECTION('',(-0.125988033681,-0.99203176127,0.));
#833 = ORIENTED_EDGE('',*,*,#834,.F.);
#834 = EDGE_CURVE('',#835,#827,#837,.T.);
#835 = VERTEX_POINT('',#836);
#836 = CARTESIAN_POINT('',(-18.4785,4.5,5.));
#837 = LINE('',#838,#839);
#838 = CARTESIAN_POINT('',(-18.4785,4.5,2.5));
#839 = VECTOR('',#840,1.);
#840 = DIRECTION('',(0.,0.,-1.));
#841 = ORIENTED_EDGE('',*,*,#842,.T.);
#842 = EDGE_CURVE('',#835,#843,#845,.T.);
#843 = VERTEX_POINT('',#844);
#844 = CARTESIAN_POINT('',(-18.9865,0.5,5.));
#845 = LINE('',#846,#847);
#846 = CARTESIAN_POINT('',(-6.35,100.,5.));
#847 = VECTOR('',#848,1.);
#848 = DIRECTION('',(-0.125988033681,-0.99203176127,0.));
#849 = ORIENTED_EDGE('',*,*,#850,.F.);
#850 = EDGE_CURVE('',#851,#843,#853,.T.);
#851 = VERTEX_POINT('',#852);
#852 = CARTESIAN_POINT('',(-18.9865,0.5,3.));
#853 = LINE('',#854,#855);
#854 = CARTESIAN_POINT('',(-18.9865,0.5,2.5));
#855 = VECTOR('',#856,1.);
#856 = DIRECTION('',(0.,0.,1.));
#857 = ORIENTED_EDGE('',*,*,#858,.T.);
#858 = EDGE_CURVE('',#851,#131,#859,.T.);
#859 = LINE('',#860,#861);
#860 = CARTESIAN_POINT('',(-12.54880982139,51.190473847317,3.));
#861 = VECTOR('',#862,1.);
#862 = DIRECTION('',(-0.125988033681,-0.99203176127,0.));
#863 = ORIENTED_EDGE('',*,*,#130,.F.);
#864 = PLANE('',#865);
#865 = AXIS2_PLACEMENT_3D('',#866,#867,#868);
#866 = CARTESIAN_POINT('',(-6.35,100.,0.));
#867 = DIRECTION('',(0.99203176127,-0.125988033681,0.));
#868 = DIRECTION('',(-0.125988033681,-0.99203176127,0.));
#869 = ADVANCED_FACE('',(#870),#920,.F.);
#870 = FACE_BOUND('',#871,.F.);
#871 = EDGE_LOOP('',(#872,#873,#874,#882,#890,#898,#906,#914));
#872 = ORIENTED_EDGE('',*,*,#40,.F.);
#873 = ORIENTED_EDGE('',*,*,#177,.T.);
#874 = ORIENTED_EDGE('',*,*,#875,.T.);
#875 = EDGE_CURVE('',#178,#876,#878,.T.);
#876 = VERTEX_POINT('',#877);
#877 = CARTESIAN_POINT('',(-6.35,-8.,5.));
#878 = LINE('',#879,#880);
#879 = CARTESIAN_POINT('',(-19.05,-8.,5.));
#880 = VECTOR('',#881,1.);
#881 = DIRECTION('',(1.,0.,0.));
#882 = ORIENTED_EDGE('',*,*,#883,.T.);
#883 = EDGE_CURVE('',#876,#884,#886,.T.);
#884 = VERTEX_POINT('',#885);
#885 = CARTESIAN_POINT('',(-6.35,-8.,2.));
#886 = LINE('',#887,#888);
#887 = CARTESIAN_POINT('',(-6.35,-8.,5.));
#888 = VECTOR('',#889,1.);
#889 = DIRECTION('',(-0.,-0.,-1.));
#890 = ORIENTED_EDGE('',*,*,#891,.T.);
#891 = EDGE_CURVE('',#884,#892,#894,.T.);
#892 = VERTEX_POINT('',#893);
#893 = CARTESIAN_POINT('',(6.35,-8.,2.));
#894 = LINE('',#895,#896);
#895 = CARTESIAN_POINT('',(-6.35,-8.,2.));
#896 = VECTOR('',#897,1.);
#897 = DIRECTION('',(1.,0.,0.));
#898 = ORIENTED_EDGE('',*,*,#899,.F.);
#899 = EDGE_CURVE('',#900,#892,#902,.T.);
#900 = VERTEX_POINT('',#901);
#901 = CARTESIAN_POINT('',(6.35,-8.,5.));
#902 = LINE('',#903,#904);
#903 = CARTESIAN_POINT('',(6.35,-8.,5.));
#904 = VECTOR('',#905,1.);
#905 = DIRECTION('',(-0.,-0.,-1.));
#906 = ORIENTED_EDGE('',*,*,#907,.T.);
#907 = EDGE_CURVE('',#900,#908,#910,.T.);
#908 = VERTEX_POINT('',#909);
#909 = CARTESIAN_POINT('',(16.05,-8.,5.));
#910 = LINE('',#911,#912);
#911 = CARTESIAN_POINT('',(-19.05,-8.,5.));
#912 = VECTOR('',#913,1.);
#913 = DIRECTION('',(1.,0.,0.));
#914 = ORIENTED_EDGE('',*,*,#915,.F.);
#915 = EDGE_CURVE('',#41,#908,#916,.T.);
#916 = LINE('',#917,#918);
#917 = CARTESIAN_POINT('',(16.05,-8.,0.));
#918 = VECTOR('',#919,1.);
#919 = DIRECTION('',(0.,0.,1.));
#920 = PLANE('',#921);
#921 = AXIS2_PLACEMENT_3D('',#922,#923,#924);
#922 = CARTESIAN_POINT('',(-19.05,-8.,0.));
#923 = DIRECTION('',(0.,1.,0.));
#924 = DIRECTION('',(1.,0.,0.));
#925 = ADVANCED_FACE('',(#926),#944,.F.);
#926 = FACE_BOUND('',#927,.F.);
#927 = EDGE_LOOP('',(#928,#929,#937,#943));
#928 = ORIENTED_EDGE('',*,*,#107,.F.);
#929 = ORIENTED_EDGE('',*,*,#930,.T.);
#930 = EDGE_CURVE('',#99,#931,#933,.T.);
#931 = VERTEX_POINT('',#932);
#932 = CARTESIAN_POINT('',(-6.35,105.,2.));
#933 = LINE('',#934,#935);
#934 = CARTESIAN_POINT('',(-6.35,105.,0.));
#935 = VECTOR('',#936,1.);
#936 = DIRECTION('',(0.,0.,1.));
#937 = ORIENTED_EDGE('',*,*,#938,.T.);
#938 = EDGE_CURVE('',#931,#203,#939,.T.);
#939 = LINE('',#940,#941);
#940 = CARTESIAN_POINT('',(-6.35,108.,2.));
#941 = VECTOR('',#942,1.);
#942 = DIRECTION('',(0.,-1.,0.));
#943 = ORIENTED_EDGE('',*,*,#202,.F.);
#944 = PLANE('',#945);
#945 = AXIS2_PLACEMENT_3D('',#946,#947,#948);
#946 = CARTESIAN_POINT('',(-6.35,108.,0.));
#947 = DIRECTION('',(1.,0.,0.));
#948 = DIRECTION('',(0.,-1.,0.));
#949 = ADVANCED_FACE('',(#950),#969,.T.);
#950 = FACE_BOUND('',#951,.T.);
#951 = EDGE_LOOP('',(#952,#953,#961,#968));
#952 = ORIENTED_EDGE('',*,*,#48,.T.);
#953 = ORIENTED_EDGE('',*,*,#954,.T.);
#954 = EDGE_CURVE('',#49,#955,#957,.T.);
#955 = VERTEX_POINT('',#956);
#956 = CARTESIAN_POINT('',(19.05,-5.,5.));
#957 = LINE('',#958,#959);
#958 = CARTESIAN_POINT('',(19.05,-5.,0.));
#959 = VECTOR('',#960,1.);
#960 = DIRECTION('',(0.,0.,1.));
#961 = ORIENTED_EDGE('',*,*,#962,.F.);
#962 = EDGE_CURVE('',#908,#955,#963,.T.);
#963 = CIRCLE('',#964,3.);
#964 = AXIS2_PLACEMENT_3D('',#965,#966,#967);
#965 = CARTESIAN_POINT('',(16.05,-5.,5.));
#966 = DIRECTION('',(-0.,0.,1.));
#967 = DIRECTION('',(0.,-1.,0.));
#968 = ORIENTED_EDGE('',*,*,#915,.F.);
#969 = CYLINDRICAL_SURFACE('',#970,3.);
#970 = AXIS2_PLACEMENT_3D('',#971,#972,#973);
#971 = CARTESIAN_POINT('',(16.05,-5.,0.));
#972 = DIRECTION('',(0.,0.,1.));
#973 = DIRECTION('',(0.,-1.,0.));
#974 = ADVANCED_FACE('',(#975),#994,.T.);
#975 = FACE_BOUND('',#976,.F.);
#976 = EDGE_LOOP('',(#977,#978,#986,#993));
#977 = ORIENTED_EDGE('',*,*,#98,.T.);
#978 = ORIENTED_EDGE('',*,*,#979,.T.);
#979 = EDGE_CURVE('',#91,#980,#982,.T.);
#980 = VERTEX_POINT('',#981);
#981 = CARTESIAN_POINT('',(-3.35,108.,2.));
#982 = LINE('',#983,#984);
#983 = CARTESIAN_POINT('',(-3.35,108.,0.));
#984 = VECTOR('',#985,1.);
#985 = DIRECTION('',(0.,0.,1.));
#986 = ORIENTED_EDGE('',*,*,#987,.F.);
#987 = EDGE_CURVE('',#931,#980,#988,.T.);
#988 = CIRCLE('',#989,3.);
#989 = AXIS2_PLACEMENT_3D('',#990,#991,#992);
#990 = CARTESIAN_POINT('',(-3.35,105.,2.));
#991 = DIRECTION('',(-0.,-0.,-1.));
#992 = DIRECTION('',(0.,-1.,0.));
#993 = ORIENTED_EDGE('',*,*,#930,.F.);
#994 = CYLINDRICAL_SURFACE('',#995,3.);
#995 = AXIS2_PLACEMENT_3D('',#996,#997,#998);
#996 = CARTESIAN_POINT('',(-3.35,105.,0.));
#997 = DIRECTION('',(0.,0.,1.));
#998 = DIRECTION('',(-1.,0.,0.));
#999 = ADVANCED_FACE('',(#1000),#1034,.F.);
#1000 = FACE_BOUND('',#1001,.F.);
#1001 = EDGE_LOOP('',(#1002,#1003,#1004,#1012,#1020,#1028));
#1002 = ORIENTED_EDGE('',*,*,#57,.F.);
#1003 = ORIENTED_EDGE('',*,*,#954,.T.);
#1004 = ORIENTED_EDGE('',*,*,#1005,.T.);
#1005 = EDGE_CURVE('',#955,#1006,#1008,.T.);
#1006 = VERTEX_POINT('',#1007);
#1007 = CARTESIAN_POINT('',(19.05,-0.5,5.));
#1008 = LINE('',#1009,#1010);
#1009 = CARTESIAN_POINT('',(19.05,-8.,5.));
#1010 = VECTOR('',#1011,1.);
#1011 = DIRECTION('',(0.,1.,0.));
#1012 = ORIENTED_EDGE('',*,*,#1013,.T.);
#1013 = EDGE_CURVE('',#1006,#1014,#1016,.T.);
#1014 = VERTEX_POINT('',#1015);
#1015 = CARTESIAN_POINT('',(19.05,-0.5,3.));
#1016 = LINE('',#1017,#1018);
#1017 = CARTESIAN_POINT('',(19.05,-0.5,5.));
#1018 = VECTOR('',#1019,1.);
#1019 = DIRECTION('',(-0.,-0.,-1.));
#1020 = ORIENTED_EDGE('',*,*,#1021,.T.);
#1021 = EDGE_CURVE('',#1014,#1022,#1024,.T.);
#1022 = VERTEX_POINT('',#1023);
#1023 = CARTESIAN_POINT('',(19.05,0.,3.));
#1024 = LINE('',#1025,#1026);
#1025 = CARTESIAN_POINT('',(19.05,-0.5,3.));
#1026 = VECTOR('',#1027,1.);
#1027 = DIRECTION('',(0.,1.,0.));
#1028 = ORIENTED_EDGE('',*,*,#1029,.F.);
#1029 = EDGE_CURVE('',#58,#1022,#1030,.T.);
#1030 = LINE('',#1031,#1032);
#1031 = CARTESIAN_POINT('',(19.05,0.,0.));
#1032 = VECTOR('',#1033,1.);
#1033 = DIRECTION('',(0.,0.,1.));
#1034 = PLANE('',#1035);
#1035 = AXIS2_PLACEMENT_3D('',#1036,#1037,#1038);
#1036 = CARTESIAN_POINT('',(19.05,-8.,0.));
#1037 = DIRECTION('',(-1.,0.,0.));
#1038 = DIRECTION('',(0.,1.,0.));
#1039 = ADVANCED_FACE('',(#1040),#1058,.F.);
#1040 = FACE_BOUND('',#1041,.F.);
#1041 = EDGE_LOOP('',(#1042,#1043,#1051,#1057));
#1042 = ORIENTED_EDGE('',*,*,#90,.F.);
#1043 = ORIENTED_EDGE('',*,*,#1044,.T.);
#1044 = EDGE_CURVE('',#82,#1045,#1047,.T.);
#1045 = VERTEX_POINT('',#1046);
#1046 = CARTESIAN_POINT('',(3.35,108.,2.));
#1047 = LINE('',#1048,#1049);
#1048 = CARTESIAN_POINT('',(3.35,108.,0.));
#1049 = VECTOR('',#1050,1.);
#1050 = DIRECTION('',(0.,0.,1.));
#1051 = ORIENTED_EDGE('',*,*,#1052,.T.);
#1052 = EDGE_CURVE('',#1045,#980,#1053,.T.);
#1053 = LINE('',#1054,#1055);
#1054 = CARTESIAN_POINT('',(6.35,108.,2.));
#1055 = VECTOR('',#1056,1.);
#1056 = DIRECTION('',(-1.,0.,0.));
#1057 = ORIENTED_EDGE('',*,*,#979,.F.);
#1058 = PLANE('',#1059);
#1059 = AXIS2_PLACEMENT_3D('',#1060,#1061,#1062);
#1060 = CARTESIAN_POINT('',(6.35,108.,0.));
#1061 = DIRECTION('',(0.,-1.,0.));
#1062 = DIRECTION('',(-1.,0.,0.));
#1063 = ADVANCED_FACE('',(#1064),#1730,.F.);
#1064 = FACE_BOUND('',#1065,.F.);
#1065 = EDGE_LOOP('',(#1066,#1067,#1068,#1076,#1084,#1092,#1100,#1108,
    #1116,#1124,#1132,#1140,#1148,#1156,#1164,#1172,#1180,#1188,#1196,
    #1204,#1212,#1220,#1228,#1236,#1244,#1252,#1260,#1268,#1276,#1284,
    #1292,#1300,#1308,#1316,#1324,#1332,#1340,#1348,#1356,#1364,#1372,
    #1380,#1388,#1396,#1404,#1412,#1420,#1428,#1436,#1444,#1452,#1460,
    #1468,#1476,#1484,#1492,#1500,#1508,#1516,#1524,#1532,#1540,#1548,
    #1556,#1564,#1572,#1580,#1588,#1596,#1604,#1612,#1620,#1628,#1636,
    #1644,#1652,#1660,#1668,#1676,#1684,#1692,#1700,#1708,#1716,#1724));
#1066 = ORIENTED_EDGE('',*,*,#65,.F.);
#1067 = ORIENTED_EDGE('',*,*,#1029,.T.);
#1068 = ORIENTED_EDGE('',*,*,#1069,.T.);
#1069 = EDGE_CURVE('',#1022,#1070,#1072,.T.);
#1070 = VERTEX_POINT('',#1071);
#1071 = CARTESIAN_POINT('',(18.9865,0.5,3.));
#1072 = LINE('',#1073,#1074);
#1073 = CARTESIAN_POINT('',(18.898809821391,1.190473847317,3.));
#1074 = VECTOR('',#1075,1.);
#1075 = DIRECTION('',(-0.125988033681,0.99203176127,0.));
#1076 = ORIENTED_EDGE('',*,*,#1077,.F.);
#1077 = EDGE_CURVE('',#1078,#1070,#1080,.T.);
#1078 = VERTEX_POINT('',#1079);
#1079 = CARTESIAN_POINT('',(18.9865,0.5,5.));
#1080 = LINE('',#1081,#1082);
#1081 = CARTESIAN_POINT('',(18.9865,0.5,2.5));
#1082 = VECTOR('',#1083,1.);
#1083 = DIRECTION('',(0.,0.,-1.));
#1084 = ORIENTED_EDGE('',*,*,#1085,.T.);
#1085 = EDGE_CURVE('',#1078,#1086,#1088,.T.);
#1086 = VERTEX_POINT('',#1087);
#1087 = CARTESIAN_POINT('',(18.4785,4.5,5.));
#1088 = LINE('',#1089,#1090);
#1089 = CARTESIAN_POINT('',(19.05,0.,5.));
#1090 = VECTOR('',#1091,1.);
#1091 = DIRECTION('',(-0.125988033681,0.99203176127,0.));
#1092 = ORIENTED_EDGE('',*,*,#1093,.F.);
#1093 = EDGE_CURVE('',#1094,#1086,#1096,.T.);
#1094 = VERTEX_POINT('',#1095);
#1095 = CARTESIAN_POINT('',(18.4785,4.5,3.));
#1096 = LINE('',#1097,#1098);
#1097 = CARTESIAN_POINT('',(18.4785,4.5,2.5));
#1098 = VECTOR('',#1099,1.);
#1099 = DIRECTION('',(0.,0.,1.));
#1100 = ORIENTED_EDGE('',*,*,#1101,.T.);
#1101 = EDGE_CURVE('',#1094,#1102,#1104,.T.);
#1102 = VERTEX_POINT('',#1103);
#1103 = CARTESIAN_POINT('',(18.3515,5.5,3.));
#1104 = LINE('',#1105,#1106);
#1105 = CARTESIAN_POINT('',(18.586349494011,3.650791385739,3.));
#1106 = VECTOR('',#1107,1.);
#1107 = DIRECTION('',(-0.125988033681,0.99203176127,0.));
#1108 = ORIENTED_EDGE('',*,*,#1109,.F.);
#1109 = EDGE_CURVE('',#1110,#1102,#1112,.T.);
#1110 = VERTEX_POINT('',#1111);
#1111 = CARTESIAN_POINT('',(18.3515,5.5,5.));
#1112 = LINE('',#1113,#1114);
#1113 = CARTESIAN_POINT('',(18.3515,5.5,2.5));
#1114 = VECTOR('',#1115,1.);
#1115 = DIRECTION('',(0.,0.,-1.));
#1116 = ORIENTED_EDGE('',*,*,#1117,.T.);
#1117 = EDGE_CURVE('',#1110,#1118,#1120,.T.);
#1118 = VERTEX_POINT('',#1119);
#1119 = CARTESIAN_POINT('',(17.8435,9.5,5.));
#1120 = LINE('',#1121,#1122);
#1121 = CARTESIAN_POINT('',(19.05,0.,5.));
#1122 = VECTOR('',#1123,1.);
#1123 = DIRECTION('',(-0.125988033681,0.99203176127,0.));
#1124 = ORIENTED_EDGE('',*,*,#1125,.F.);
#1125 = EDGE_CURVE('',#1126,#1118,#1128,.T.);
#1126 = VERTEX_POINT('',#1127);
#1127 = CARTESIAN_POINT('',(17.8435,9.5,3.));
#1128 = LINE('',#1129,#1130);
#1129 = CARTESIAN_POINT('',(17.8435,9.5,2.5));
#1130 = VECTOR('',#1131,1.);
#1131 = DIRECTION('',(0.,0.,1.));
#1132 = ORIENTED_EDGE('',*,*,#1133,.T.);
#1133 = EDGE_CURVE('',#1126,#1134,#1136,.T.);
#1134 = VERTEX_POINT('',#1135);
#1135 = CARTESIAN_POINT('',(17.7165,10.5,3.));
#1136 = LINE('',#1137,#1138);
#1137 = CARTESIAN_POINT('',(18.273889166631,6.111108924162,3.));
#1138 = VECTOR('',#1139,1.);
#1139 = DIRECTION('',(-0.125988033681,0.99203176127,0.));
#1140 = ORIENTED_EDGE('',*,*,#1141,.F.);
#1141 = EDGE_CURVE('',#1142,#1134,#1144,.T.);
#1142 = VERTEX_POINT('',#1143);
#1143 = CARTESIAN_POINT('',(17.7165,10.5,5.));
#1144 = LINE('',#1145,#1146);
#1145 = CARTESIAN_POINT('',(17.7165,10.5,2.5));
#1146 = VECTOR('',#1147,1.);
#1147 = DIRECTION('',(0.,0.,-1.));
#1148 = ORIENTED_EDGE('',*,*,#1149,.T.);
#1149 = EDGE_CURVE('',#1142,#1150,#1152,.T.);
#1150 = VERTEX_POINT('',#1151);
#1151 = CARTESIAN_POINT('',(17.2085,14.5,5.));
#1152 = LINE('',#1153,#1154);
#1153 = CARTESIAN_POINT('',(19.05,0.,5.));
#1154 = VECTOR('',#1155,1.);
#1155 = DIRECTION('',(-0.125988033681,0.99203176127,0.));
#1156 = ORIENTED_EDGE('',*,*,#1157,.F.);
#1157 = EDGE_CURVE('',#1158,#1150,#1160,.T.);
#1158 = VERTEX_POINT('',#1159);
#1159 = CARTESIAN_POINT('',(17.2085,14.5,3.));
#1160 = LINE('',#1161,#1162);
#1161 = CARTESIAN_POINT('',(17.2085,14.5,2.5));
#1162 = VECTOR('',#1163,1.);
#1163 = DIRECTION('',(0.,0.,1.));
#1164 = ORIENTED_EDGE('',*,*,#1165,.T.);
#1165 = EDGE_CURVE('',#1158,#1166,#1168,.T.);
#1166 = VERTEX_POINT('',#1167);
#1167 = CARTESIAN_POINT('',(17.0815,15.5,3.));
#1168 = LINE('',#1169,#1170);
#1169 = CARTESIAN_POINT('',(17.961428839252,8.571426462585,3.));
#1170 = VECTOR('',#1171,1.);
#1171 = DIRECTION('',(-0.125988033681,0.99203176127,0.));
#1172 = ORIENTED_EDGE('',*,*,#1173,.F.);
#1173 = EDGE_CURVE('',#1174,#1166,#1176,.T.);
#1174 = VERTEX_POINT('',#1175);
#1175 = CARTESIAN_POINT('',(17.0815,15.5,5.));
#1176 = LINE('',#1177,#1178);
#1177 = CARTESIAN_POINT('',(17.0815,15.5,2.5));
#1178 = VECTOR('',#1179,1.);
#1179 = DIRECTION('',(0.,0.,-1.));
#1180 = ORIENTED_EDGE('',*,*,#1181,.T.);
#1181 = EDGE_CURVE('',#1174,#1182,#1184,.T.);
#1182 = VERTEX_POINT('',#1183);
#1183 = CARTESIAN_POINT('',(16.5735,19.5,5.));
#1184 = LINE('',#1185,#1186);
#1185 = CARTESIAN_POINT('',(19.05,0.,5.));
#1186 = VECTOR('',#1187,1.);
#1187 = DIRECTION('',(-0.125988033681,0.99203176127,0.));
#1188 = ORIENTED_EDGE('',*,*,#1189,.F.);
#1189 = EDGE_CURVE('',#1190,#1182,#1192,.T.);
#1190 = VERTEX_POINT('',#1191);
#1191 = CARTESIAN_POINT('',(16.5735,19.5,3.));
#1192 = LINE('',#1193,#1194);
#1193 = CARTESIAN_POINT('',(16.5735,19.5,2.5));
#1194 = VECTOR('',#1195,1.);
#1195 = DIRECTION('',(0.,0.,1.));
#1196 = ORIENTED_EDGE('',*,*,#1197,.T.);
#1197 = EDGE_CURVE('',#1190,#1198,#1200,.T.);
#1198 = VERTEX_POINT('',#1199);
#1199 = CARTESIAN_POINT('',(16.4465,20.5,3.));
#1200 = LINE('',#1201,#1202);
#1201 = CARTESIAN_POINT('',(17.648968511872,11.031744001008,3.));
#1202 = VECTOR('',#1203,1.);
#1203 = DIRECTION('',(-0.125988033681,0.99203176127,0.));
#1204 = ORIENTED_EDGE('',*,*,#1205,.F.);
#1205 = EDGE_CURVE('',#1206,#1198,#1208,.T.);
#1206 = VERTEX_POINT('',#1207);
#1207 = CARTESIAN_POINT('',(16.4465,20.5,5.));
#1208 = LINE('',#1209,#1210);
#1209 = CARTESIAN_POINT('',(16.4465,20.5,2.5));
#1210 = VECTOR('',#1211,1.);
#1211 = DIRECTION('',(0.,0.,-1.));
#1212 = ORIENTED_EDGE('',*,*,#1213,.T.);
#1213 = EDGE_CURVE('',#1206,#1214,#1216,.T.);
#1214 = VERTEX_POINT('',#1215);
#1215 = CARTESIAN_POINT('',(15.9385,24.5,5.));
#1216 = LINE('',#1217,#1218);
#1217 = CARTESIAN_POINT('',(19.05,0.,5.));
#1218 = VECTOR('',#1219,1.);
#1219 = DIRECTION('',(-0.125988033681,0.99203176127,0.));
#1220 = ORIENTED_EDGE('',*,*,#1221,.F.);
#1221 = EDGE_CURVE('',#1222,#1214,#1224,.T.);
#1222 = VERTEX_POINT('',#1223);
#1223 = CARTESIAN_POINT('',(15.9385,24.5,3.));
#1224 = LINE('',#1225,#1226);
#1225 = CARTESIAN_POINT('',(15.9385,24.5,2.5));
#1226 = VECTOR('',#1227,1.);
#1227 = DIRECTION('',(0.,0.,1.));
#1228 = ORIENTED_EDGE('',*,*,#1229,.T.);
#1229 = EDGE_CURVE('',#1222,#1230,#1232,.T.);
#1230 = VERTEX_POINT('',#1231);
#1231 = CARTESIAN_POINT('',(15.8115,25.5,3.));
#1232 = LINE('',#1233,#1234);
#1233 = CARTESIAN_POINT('',(17.336508184492,13.492061539431,3.));
#1234 = VECTOR('',#1235,1.);
#1235 = DIRECTION('',(-0.125988033681,0.99203176127,0.));
#1236 = ORIENTED_EDGE('',*,*,#1237,.F.);
#1237 = EDGE_CURVE('',#1238,#1230,#1240,.T.);
#1238 = VERTEX_POINT('',#1239);
#1239 = CARTESIAN_POINT('',(15.8115,25.5,5.));
#1240 = LINE('',#1241,#1242);
#1241 = CARTESIAN_POINT('',(15.8115,25.5,2.5));
#1242 = VECTOR('',#1243,1.);
#1243 = DIRECTION('',(0.,0.,-1.));
#1244 = ORIENTED_EDGE('',*,*,#1245,.T.);
#1245 = EDGE_CURVE('',#1238,#1246,#1248,.T.);
#1246 = VERTEX_POINT('',#1247);
#1247 = CARTESIAN_POINT('',(15.3035,29.5,5.));
#1248 = LINE('',#1249,#1250);
#1249 = CARTESIAN_POINT('',(19.05,0.,5.));
#1250 = VECTOR('',#1251,1.);
#1251 = DIRECTION('',(-0.125988033681,0.99203176127,0.));
#1252 = ORIENTED_EDGE('',*,*,#1253,.F.);
#1253 = EDGE_CURVE('',#1254,#1246,#1256,.T.);
#1254 = VERTEX_POINT('',#1255);
#1255 = CARTESIAN_POINT('',(15.3035,29.5,3.));
#1256 = LINE('',#1257,#1258);
#1257 = CARTESIAN_POINT('',(15.3035,29.5,2.5));
#1258 = VECTOR('',#1259,1.);
#1259 = DIRECTION('',(0.,0.,1.));
#1260 = ORIENTED_EDGE('',*,*,#1261,.T.);
#1261 = EDGE_CURVE('',#1254,#1262,#1264,.T.);
#1262 = VERTEX_POINT('',#1263);
#1263 = CARTESIAN_POINT('',(15.1765,30.5,3.));
#1264 = LINE('',#1265,#1266);
#1265 = CARTESIAN_POINT('',(17.024047857113,15.952379077853,3.));
#1266 = VECTOR('',#1267,1.);
#1267 = DIRECTION('',(-0.125988033681,0.99203176127,0.));
#1268 = ORIENTED_EDGE('',*,*,#1269,.F.);
#1269 = EDGE_CURVE('',#1270,#1262,#1272,.T.);
#1270 = VERTEX_POINT('',#1271);
#1271 = CARTESIAN_POINT('',(15.1765,30.5,5.));
#1272 = LINE('',#1273,#1274);
#1273 = CARTESIAN_POINT('',(15.1765,30.5,2.5));
#1274 = VECTOR('',#1275,1.);
#1275 = DIRECTION('',(0.,0.,-1.));
#1276 = ORIENTED_EDGE('',*,*,#1277,.T.);
#1277 = EDGE_CURVE('',#1270,#1278,#1280,.T.);
#1278 = VERTEX_POINT('',#1279);
#1279 = CARTESIAN_POINT('',(14.6685,34.5,5.));
#1280 = LINE('',#1281,#1282);
#1281 = CARTESIAN_POINT('',(19.05,0.,5.));
#1282 = VECTOR('',#1283,1.);
#1283 = DIRECTION('',(-0.125988033681,0.99203176127,0.));
#1284 = ORIENTED_EDGE('',*,*,#1285,.F.);
#1285 = EDGE_CURVE('',#1286,#1278,#1288,.T.);
#1286 = VERTEX_POINT('',#1287);
#1287 = CARTESIAN_POINT('',(14.6685,34.5,3.));
#1288 = LINE('',#1289,#1290);
#1289 = CARTESIAN_POINT('',(14.6685,34.5,2.5));
#1290 = VECTOR('',#1291,1.);
#1291 = DIRECTION('',(0.,0.,1.));
#1292 = ORIENTED_EDGE('',*,*,#1293,.T.);
#1293 = EDGE_CURVE('',#1286,#1294,#1296,.T.);
#1294 = VERTEX_POINT('',#1295);
#1295 = CARTESIAN_POINT('',(14.5415,35.5,3.));
#1296 = LINE('',#1297,#1298);
#1297 = CARTESIAN_POINT('',(16.711587529733,18.412696616276,3.));
#1298 = VECTOR('',#1299,1.);
#1299 = DIRECTION('',(-0.125988033681,0.99203176127,0.));
#1300 = ORIENTED_EDGE('',*,*,#1301,.F.);
#1301 = EDGE_CURVE('',#1302,#1294,#1304,.T.);
#1302 = VERTEX_POINT('',#1303);
#1303 = CARTESIAN_POINT('',(14.5415,35.5,5.));
#1304 = LINE('',#1305,#1306);
#1305 = CARTESIAN_POINT('',(14.5415,35.5,2.5));
#1306 = VECTOR('',#1307,1.);
#1307 = DIRECTION('',(0.,0.,-1.));
#1308 = ORIENTED_EDGE('',*,*,#1309,.T.);
#1309 = EDGE_CURVE('',#1302,#1310,#1312,.T.);
#1310 = VERTEX_POINT('',#1311);
#1311 = CARTESIAN_POINT('',(14.0335,39.5,5.));
#1312 = LINE('',#1313,#1314);
#1313 = CARTESIAN_POINT('',(19.05,0.,5.));
#1314 = VECTOR('',#1315,1.);
#1315 = DIRECTION('',(-0.125988033681,0.99203176127,0.));
#1316 = ORIENTED_EDGE('',*,*,#1317,.F.);
#1317 = EDGE_CURVE('',#1318,#1310,#1320,.T.);
#1318 = VERTEX_POINT('',#1319);
#1319 = CARTESIAN_POINT('',(14.0335,39.5,3.));
#1320 = LINE('',#1321,#1322);
#1321 = CARTESIAN_POINT('',(14.0335,39.5,2.5));
#1322 = VECTOR('',#1323,1.);
#1323 = DIRECTION('',(0.,0.,1.));
#1324 = ORIENTED_EDGE('',*,*,#1325,.T.);
#1325 = EDGE_CURVE('',#1318,#1326,#1328,.T.);
#1326 = VERTEX_POINT('',#1327);
#1327 = CARTESIAN_POINT('',(13.9065,40.5,3.));
#1328 = LINE('',#1329,#1330);
#1329 = CARTESIAN_POINT('',(16.399127202353,20.873014154699,3.));
#1330 = VECTOR('',#1331,1.);
#1331 = DIRECTION('',(-0.125988033681,0.99203176127,0.));
#1332 = ORIENTED_EDGE('',*,*,#1333,.F.);
#1333 = EDGE_CURVE('',#1334,#1326,#1336,.T.);
#1334 = VERTEX_POINT('',#1335);
#1335 = CARTESIAN_POINT('',(13.9065,40.5,5.));
#1336 = LINE('',#1337,#1338);
#1337 = CARTESIAN_POINT('',(13.9065,40.5,2.5));
#1338 = VECTOR('',#1339,1.);
#1339 = DIRECTION('',(0.,0.,-1.));
#1340 = ORIENTED_EDGE('',*,*,#1341,.T.);
#1341 = EDGE_CURVE('',#1334,#1342,#1344,.T.);
#1342 = VERTEX_POINT('',#1343);
#1343 = CARTESIAN_POINT('',(13.3985,44.5,5.));
#1344 = LINE('',#1345,#1346);
#1345 = CARTESIAN_POINT('',(19.05,0.,5.));
#1346 = VECTOR('',#1347,1.);
#1347 = DIRECTION('',(-0.125988033681,0.99203176127,0.));
#1348 = ORIENTED_EDGE('',*,*,#1349,.F.);
#1349 = EDGE_CURVE('',#1350,#1342,#1352,.T.);
#1350 = VERTEX_POINT('',#1351);
#1351 = CARTESIAN_POINT('',(13.3985,44.5,3.));
#1352 = LINE('',#1353,#1354);
#1353 = CARTESIAN_POINT('',(13.3985,44.5,2.5));
#1354 = VECTOR('',#1355,1.);
#1355 = DIRECTION('',(0.,0.,1.));
#1356 = ORIENTED_EDGE('',*,*,#1357,.T.);
#1357 = EDGE_CURVE('',#1350,#1358,#1360,.T.);
#1358 = VERTEX_POINT('',#1359);
#1359 = CARTESIAN_POINT('',(13.2715,45.5,3.));
#1360 = LINE('',#1361,#1362);
#1361 = CARTESIAN_POINT('',(16.086666874974,23.333331693122,3.));
#1362 = VECTOR('',#1363,1.);
#1363 = DIRECTION('',(-0.125988033681,0.99203176127,0.));
#1364 = ORIENTED_EDGE('',*,*,#1365,.F.);
#1365 = EDGE_CURVE('',#1366,#1358,#1368,.T.);
#1366 = VERTEX_POINT('',#1367);
#1367 = CARTESIAN_POINT('',(13.2715,45.5,5.));
#1368 = LINE('',#1369,#1370);
#1369 = CARTESIAN_POINT('',(13.2715,45.5,2.5));
#1370 = VECTOR('',#1371,1.);
#1371 = DIRECTION('',(0.,0.,-1.));
#1372 = ORIENTED_EDGE('',*,*,#1373,.T.);
#1373 = EDGE_CURVE('',#1366,#1374,#1376,.T.);
#1374 = VERTEX_POINT('',#1375);
#1375 = CARTESIAN_POINT('',(12.7635,49.5,5.));
#1376 = LINE('',#1377,#1378);
#1377 = CARTESIAN_POINT('',(19.05,0.,5.));
#1378 = VECTOR('',#1379,1.);
#1379 = DIRECTION('',(-0.125988033681,0.99203176127,0.));
#1380 = ORIENTED_EDGE('',*,*,#1381,.F.);
#1381 = EDGE_CURVE('',#1382,#1374,#1384,.T.);
#1382 = VERTEX_POINT('',#1383);
#1383 = CARTESIAN_POINT('',(12.7635,49.5,3.));
#1384 = LINE('',#1385,#1386);
#1385 = CARTESIAN_POINT('',(12.7635,49.5,2.5));
#1386 = VECTOR('',#1387,1.);
#1387 = DIRECTION('',(0.,0.,1.));
#1388 = ORIENTED_EDGE('',*,*,#1389,.T.);
#1389 = EDGE_CURVE('',#1382,#1390,#1392,.T.);
#1390 = VERTEX_POINT('',#1391);
#1391 = CARTESIAN_POINT('',(12.6365,50.5,3.));
#1392 = LINE('',#1393,#1394);
#1393 = CARTESIAN_POINT('',(15.774206547594,25.793649231544,3.));
#1394 = VECTOR('',#1395,1.);
#1395 = DIRECTION('',(-0.125988033681,0.99203176127,0.));
#1396 = ORIENTED_EDGE('',*,*,#1397,.F.);
#1397 = EDGE_CURVE('',#1398,#1390,#1400,.T.);
#1398 = VERTEX_POINT('',#1399);
#1399 = CARTESIAN_POINT('',(12.6365,50.5,5.));
#1400 = LINE('',#1401,#1402);
#1401 = CARTESIAN_POINT('',(12.6365,50.5,2.5));
#1402 = VECTOR('',#1403,1.);
#1403 = DIRECTION('',(0.,0.,-1.));
#1404 = ORIENTED_EDGE('',*,*,#1405,.T.);
#1405 = EDGE_CURVE('',#1398,#1406,#1408,.T.);
#1406 = VERTEX_POINT('',#1407);
#1407 = CARTESIAN_POINT('',(12.1285,54.5,5.));
#1408 = LINE('',#1409,#1410);
#1409 = CARTESIAN_POINT('',(19.05,0.,5.));
#1410 = VECTOR('',#1411,1.);
#1411 = DIRECTION('',(-0.125988033681,0.99203176127,0.));
#1412 = ORIENTED_EDGE('',*,*,#1413,.F.);
#1413 = EDGE_CURVE('',#1414,#1406,#1416,.T.);
#1414 = VERTEX_POINT('',#1415);
#1415 = CARTESIAN_POINT('',(12.1285,54.5,3.));
#1416 = LINE('',#1417,#1418);
#1417 = CARTESIAN_POINT('',(12.1285,54.5,2.5));
#1418 = VECTOR('',#1419,1.);
#1419 = DIRECTION('',(0.,0.,1.));
#1420 = ORIENTED_EDGE('',*,*,#1421,.T.);
#1421 = EDGE_CURVE('',#1414,#1422,#1424,.T.);
#1422 = VERTEX_POINT('',#1423);
#1423 = CARTESIAN_POINT('',(12.0015,55.5,3.));
#1424 = LINE('',#1425,#1426);
#1425 = CARTESIAN_POINT('',(15.461746220214,28.253966769967,3.));
#1426 = VECTOR('',#1427,1.);
#1427 = DIRECTION('',(-0.125988033681,0.99203176127,0.));
#1428 = ORIENTED_EDGE('',*,*,#1429,.F.);
#1429 = EDGE_CURVE('',#1430,#1422,#1432,.T.);
#1430 = VERTEX_POINT('',#1431);
#1431 = CARTESIAN_POINT('',(12.0015,55.5,5.));
#1432 = LINE('',#1433,#1434);
#1433 = CARTESIAN_POINT('',(12.0015,55.5,2.5));
#1434 = VECTOR('',#1435,1.);
#1435 = DIRECTION('',(0.,0.,-1.));
#1436 = ORIENTED_EDGE('',*,*,#1437,.T.);
#1437 = EDGE_CURVE('',#1430,#1438,#1440,.T.);
#1438 = VERTEX_POINT('',#1439);
#1439 = CARTESIAN_POINT('',(11.4935,59.5,5.));
#1440 = LINE('',#1441,#1442);
#1441 = CARTESIAN_POINT('',(19.05,0.,5.));
#1442 = VECTOR('',#1443,1.);
#1443 = DIRECTION('',(-0.125988033681,0.99203176127,0.));
#1444 = ORIENTED_EDGE('',*,*,#1445,.F.);
#1445 = EDGE_CURVE('',#1446,#1438,#1448,.T.);
#1446 = VERTEX_POINT('',#1447);
#1447 = CARTESIAN_POINT('',(11.4935,59.5,3.));
#1448 = LINE('',#1449,#1450);
#1449 = CARTESIAN_POINT('',(11.4935,59.5,2.5));
#1450 = VECTOR('',#1451,1.);
#1451 = DIRECTION('',(0.,0.,1.));
#1452 = ORIENTED_EDGE('',*,*,#1453,.T.);
#1453 = EDGE_CURVE('',#1446,#1454,#1456,.T.);
#1454 = VERTEX_POINT('',#1455);
#1455 = CARTESIAN_POINT('',(11.3665,60.5,3.));
#1456 = LINE('',#1457,#1458);
#1457 = CARTESIAN_POINT('',(15.149285892834,30.71428430839,3.));
#1458 = VECTOR('',#1459,1.);
#1459 = DIRECTION('',(-0.125988033681,0.99203176127,0.));
#1460 = ORIENTED_EDGE('',*,*,#1461,.F.);
#1461 = EDGE_CURVE('',#1462,#1454,#1464,.T.);
#1462 = VERTEX_POINT('',#1463);
#1463 = CARTESIAN_POINT('',(11.3665,60.5,5.));
#1464 = LINE('',#1465,#1466);
#1465 = CARTESIAN_POINT('',(11.3665,60.5,2.5));
#1466 = VECTOR('',#1467,1.);
#1467 = DIRECTION('',(0.,0.,-1.));
#1468 = ORIENTED_EDGE('',*,*,#1469,.T.);
#1469 = EDGE_CURVE('',#1462,#1470,#1472,.T.);
#1470 = VERTEX_POINT('',#1471);
#1471 = CARTESIAN_POINT('',(10.8585,64.5,5.));
#1472 = LINE('',#1473,#1474);
#1473 = CARTESIAN_POINT('',(19.05,0.,5.));
#1474 = VECTOR('',#1475,1.);
#1475 = DIRECTION('',(-0.125988033681,0.99203176127,0.));
#1476 = ORIENTED_EDGE('',*,*,#1477,.F.);
#1477 = EDGE_CURVE('',#1478,#1470,#1480,.T.);
#1478 = VERTEX_POINT('',#1479);
#1479 = CARTESIAN_POINT('',(10.8585,64.5,3.));
#1480 = LINE('',#1481,#1482);
#1481 = CARTESIAN_POINT('',(10.8585,64.5,2.5));
#1482 = VECTOR('',#1483,1.);
#1483 = DIRECTION('',(0.,0.,1.));
#1484 = ORIENTED_EDGE('',*,*,#1485,.T.);
#1485 = EDGE_CURVE('',#1478,#1486,#1488,.T.);
#1486 = VERTEX_POINT('',#1487);
#1487 = CARTESIAN_POINT('',(10.7315,65.5,3.));
#1488 = LINE('',#1489,#1490);
#1489 = CARTESIAN_POINT('',(14.836825565455,33.174601846813,3.));
#1490 = VECTOR('',#1491,1.);
#1491 = DIRECTION('',(-0.125988033681,0.99203176127,0.));
#1492 = ORIENTED_EDGE('',*,*,#1493,.F.);
#1493 = EDGE_CURVE('',#1494,#1486,#1496,.T.);
#1494 = VERTEX_POINT('',#1495);
#1495 = CARTESIAN_POINT('',(10.7315,65.5,5.));
#1496 = LINE('',#1497,#1498);
#1497 = CARTESIAN_POINT('',(10.7315,65.5,2.5));
#1498 = VECTOR('',#1499,1.);
#1499 = DIRECTION('',(0.,0.,-1.));
#1500 = ORIENTED_EDGE('',*,*,#1501,.T.);
#1501 = EDGE_CURVE('',#1494,#1502,#1504,.T.);
#1502 = VERTEX_POINT('',#1503);
#1503 = CARTESIAN_POINT('',(10.2235,69.5,5.));
#1504 = LINE('',#1505,#1506);
#1505 = CARTESIAN_POINT('',(19.05,0.,5.));
#1506 = VECTOR('',#1507,1.);
#1507 = DIRECTION('',(-0.125988033681,0.99203176127,0.));
#1508 = ORIENTED_EDGE('',*,*,#1509,.F.);
#1509 = EDGE_CURVE('',#1510,#1502,#1512,.T.);
#1510 = VERTEX_POINT('',#1511);
#1511 = CARTESIAN_POINT('',(10.2235,69.5,3.));
#1512 = LINE('',#1513,#1514);
#1513 = CARTESIAN_POINT('',(10.2235,69.5,2.5));
#1514 = VECTOR('',#1515,1.);
#1515 = DIRECTION('',(0.,0.,1.));
#1516 = ORIENTED_EDGE('',*,*,#1517,.T.);
#1517 = EDGE_CURVE('',#1510,#1518,#1520,.T.);
#1518 = VERTEX_POINT('',#1519);
#1519 = CARTESIAN_POINT('',(10.0965,70.5,3.));
#1520 = LINE('',#1521,#1522);
#1521 = CARTESIAN_POINT('',(14.524365238075,35.634919385236,3.));
#1522 = VECTOR('',#1523,1.);
#1523 = DIRECTION('',(-0.125988033681,0.99203176127,0.));
#1524 = ORIENTED_EDGE('',*,*,#1525,.F.);
#1525 = EDGE_CURVE('',#1526,#1518,#1528,.T.);
#1526 = VERTEX_POINT('',#1527);
#1527 = CARTESIAN_POINT('',(10.0965,70.5,5.));
#1528 = LINE('',#1529,#1530);
#1529 = CARTESIAN_POINT('',(10.0965,70.5,2.5));
#1530 = VECTOR('',#1531,1.);
#1531 = DIRECTION('',(0.,0.,-1.));
#1532 = ORIENTED_EDGE('',*,*,#1533,.T.);
#1533 = EDGE_CURVE('',#1526,#1534,#1536,.T.);
#1534 = VERTEX_POINT('',#1535);
#1535 = CARTESIAN_POINT('',(9.5885,74.5,5.));
#1536 = LINE('',#1537,#1538);
#1537 = CARTESIAN_POINT('',(19.05,0.,5.));
#1538 = VECTOR('',#1539,1.);
#1539 = DIRECTION('',(-0.125988033681,0.99203176127,0.));
#1540 = ORIENTED_EDGE('',*,*,#1541,.F.);
#1541 = EDGE_CURVE('',#1542,#1534,#1544,.T.);
#1542 = VERTEX_POINT('',#1543);
#1543 = CARTESIAN_POINT('',(9.5885,74.5,3.));
#1544 = LINE('',#1545,#1546);
#1545 = CARTESIAN_POINT('',(9.5885,74.5,2.5));
#1546 = VECTOR('',#1547,1.);
#1547 = DIRECTION('',(0.,0.,1.));
#1548 = ORIENTED_EDGE('',*,*,#1549,.T.);
#1549 = EDGE_CURVE('',#1542,#1550,#1552,.T.);
#1550 = VERTEX_POINT('',#1551);
#1551 = CARTESIAN_POINT('',(9.4615,75.5,3.));
#1552 = LINE('',#1553,#1554);
#1553 = CARTESIAN_POINT('',(14.211904910695,38.095236923658,3.));
#1554 = VECTOR('',#1555,1.);
#1555 = DIRECTION('',(-0.125988033681,0.99203176127,0.));
#1556 = ORIENTED_EDGE('',*,*,#1557,.F.);
#1557 = EDGE_CURVE('',#1558,#1550,#1560,.T.);
#1558 = VERTEX_POINT('',#1559);
#1559 = CARTESIAN_POINT('',(9.4615,75.5,5.));
#1560 = LINE('',#1561,#1562);
#1561 = CARTESIAN_POINT('',(9.4615,75.5,2.5));
#1562 = VECTOR('',#1563,1.);
#1563 = DIRECTION('',(0.,0.,-1.));
#1564 = ORIENTED_EDGE('',*,*,#1565,.T.);
#1565 = EDGE_CURVE('',#1558,#1566,#1568,.T.);
#1566 = VERTEX_POINT('',#1567);
#1567 = CARTESIAN_POINT('',(8.9535,79.5,5.));
#1568 = LINE('',#1569,#1570);
#1569 = CARTESIAN_POINT('',(19.05,0.,5.));
#1570 = VECTOR('',#1571,1.);
#1571 = DIRECTION('',(-0.125988033681,0.99203176127,0.));
#1572 = ORIENTED_EDGE('',*,*,#1573,.F.);
#1573 = EDGE_CURVE('',#1574,#1566,#1576,.T.);
#1574 = VERTEX_POINT('',#1575);
#1575 = CARTESIAN_POINT('',(8.9535,79.5,3.));
#1576 = LINE('',#1577,#1578);
#1577 = CARTESIAN_POINT('',(8.9535,79.5,2.5));
#1578 = VECTOR('',#1579,1.);
#1579 = DIRECTION('',(0.,0.,1.));
#1580 = ORIENTED_EDGE('',*,*,#1581,.T.);
#1581 = EDGE_CURVE('',#1574,#1582,#1584,.T.);
#1582 = VERTEX_POINT('',#1583);
#1583 = CARTESIAN_POINT('',(8.8265,80.5,3.));
#1584 = LINE('',#1585,#1586);
#1585 = CARTESIAN_POINT('',(13.899444583316,40.555554462081,3.));
#1586 = VECTOR('',#1587,1.);
#1587 = DIRECTION('',(-0.125988033681,0.99203176127,0.));
#1588 = ORIENTED_EDGE('',*,*,#1589,.F.);
#1589 = EDGE_CURVE('',#1590,#1582,#1592,.T.);
#1590 = VERTEX_POINT('',#1591);
#1591 = CARTESIAN_POINT('',(8.8265,80.5,5.));
#1592 = LINE('',#1593,#1594);
#1593 = CARTESIAN_POINT('',(8.8265,80.5,2.5));
#1594 = VECTOR('',#1595,1.);
#1595 = DIRECTION('',(0.,0.,-1.));
#1596 = ORIENTED_EDGE('',*,*,#1597,.T.);
#1597 = EDGE_CURVE('',#1590,#1598,#1600,.T.);
#1598 = VERTEX_POINT('',#1599);
#1599 = CARTESIAN_POINT('',(8.3185,84.5,5.));
#1600 = LINE('',#1601,#1602);
#1601 = CARTESIAN_POINT('',(19.05,0.,5.));
#1602 = VECTOR('',#1603,1.);
#1603 = DIRECTION('',(-0.125988033681,0.99203176127,0.));
#1604 = ORIENTED_EDGE('',*,*,#1605,.F.);
#1605 = EDGE_CURVE('',#1606,#1598,#1608,.T.);
#1606 = VERTEX_POINT('',#1607);
#1607 = CARTESIAN_POINT('',(8.3185,84.5,3.));
#1608 = LINE('',#1609,#1610);
#1609 = CARTESIAN_POINT('',(8.3185,84.5,2.5));
#1610 = VECTOR('',#1611,1.);
#1611 = DIRECTION('',(0.,0.,1.));
#1612 = ORIENTED_EDGE('',*,*,#1613,.T.);
#1613 = EDGE_CURVE('',#1606,#1614,#1616,.T.);
#1614 = VERTEX_POINT('',#1615);
#1615 = CARTESIAN_POINT('',(8.1915,85.5,3.));
#1616 = LINE('',#1617,#1618);
#1617 = CARTESIAN_POINT('',(13.586984255936,43.015872000504,3.));
#1618 = VECTOR('',#1619,1.);
#1619 = DIRECTION('',(-0.125988033681,0.99203176127,0.));
#1620 = ORIENTED_EDGE('',*,*,#1621,.F.);
#1621 = EDGE_CURVE('',#1622,#1614,#1624,.T.);
#1622 = VERTEX_POINT('',#1623);
#1623 = CARTESIAN_POINT('',(8.1915,85.5,5.));
#1624 = LINE('',#1625,#1626);
#1625 = CARTESIAN_POINT('',(8.1915,85.5,2.5));
#1626 = VECTOR('',#1627,1.);
#1627 = DIRECTION('',(0.,0.,-1.));
#1628 = ORIENTED_EDGE('',*,*,#1629,.T.);
#1629 = EDGE_CURVE('',#1622,#1630,#1632,.T.);
#1630 = VERTEX_POINT('',#1631);
#1631 = CARTESIAN_POINT('',(7.6835,89.5,5.));
#1632 = LINE('',#1633,#1634);
#1633 = CARTESIAN_POINT('',(19.05,0.,5.));
#1634 = VECTOR('',#1635,1.);
#1635 = DIRECTION('',(-0.125988033681,0.99203176127,0.));
#1636 = ORIENTED_EDGE('',*,*,#1637,.F.);
#1637 = EDGE_CURVE('',#1638,#1630,#1640,.T.);
#1638 = VERTEX_POINT('',#1639);
#1639 = CARTESIAN_POINT('',(7.6835,89.5,3.));
#1640 = LINE('',#1641,#1642);
#1641 = CARTESIAN_POINT('',(7.6835,89.5,2.5));
#1642 = VECTOR('',#1643,1.);
#1643 = DIRECTION('',(0.,0.,1.));
#1644 = ORIENTED_EDGE('',*,*,#1645,.T.);
#1645 = EDGE_CURVE('',#1638,#1646,#1648,.T.);
#1646 = VERTEX_POINT('',#1647);
#1647 = CARTESIAN_POINT('',(7.5565,90.5,3.));
#1648 = LINE('',#1649,#1650);
#1649 = CARTESIAN_POINT('',(13.274523928556,45.476189538927,3.));
#1650 = VECTOR('',#1651,1.);
#1651 = DIRECTION('',(-0.125988033681,0.99203176127,0.));
#1652 = ORIENTED_EDGE('',*,*,#1653,.F.);
#1653 = EDGE_CURVE('',#1654,#1646,#1656,.T.);
#1654 = VERTEX_POINT('',#1655);
#1655 = CARTESIAN_POINT('',(7.5565,90.5,5.));
#1656 = LINE('',#1657,#1658);
#1657 = CARTESIAN_POINT('',(7.5565,90.5,2.5));
#1658 = VECTOR('',#1659,1.);
#1659 = DIRECTION('',(0.,0.,-1.));
#1660 = ORIENTED_EDGE('',*,*,#1661,.T.);
#1661 = EDGE_CURVE('',#1654,#1662,#1664,.T.);
#1662 = VERTEX_POINT('',#1663);
#1663 = CARTESIAN_POINT('',(7.0485,94.5,5.));
#1664 = LINE('',#1665,#1666);
#1665 = CARTESIAN_POINT('',(19.05,0.,5.));
#1666 = VECTOR('',#1667,1.);
#1667 = DIRECTION('',(-0.125988033681,0.99203176127,0.));
#1668 = ORIENTED_EDGE('',*,*,#1669,.F.);
#1669 = EDGE_CURVE('',#1670,#1662,#1672,.T.);
#1670 = VERTEX_POINT('',#1671);
#1671 = CARTESIAN_POINT('',(7.0485,94.5,3.));
#1672 = LINE('',#1673,#1674);
#1673 = CARTESIAN_POINT('',(7.0485,94.5,2.5));
#1674 = VECTOR('',#1675,1.);
#1675 = DIRECTION('',(0.,0.,1.));
#1676 = ORIENTED_EDGE('',*,*,#1677,.T.);
#1677 = EDGE_CURVE('',#1670,#1678,#1680,.T.);
#1678 = VERTEX_POINT('',#1679);
#1679 = CARTESIAN_POINT('',(6.9215,95.5,3.));
#1680 = LINE('',#1681,#1682);
#1681 = CARTESIAN_POINT('',(12.962063601177,47.936507077349,3.));
#1682 = VECTOR('',#1683,1.);
#1683 = DIRECTION('',(-0.125988033681,0.99203176127,0.));
#1684 = ORIENTED_EDGE('',*,*,#1685,.F.);
#1685 = EDGE_CURVE('',#1686,#1678,#1688,.T.);
#1686 = VERTEX_POINT('',#1687);
#1687 = CARTESIAN_POINT('',(6.9215,95.5,5.));
#1688 = LINE('',#1689,#1690);
#1689 = CARTESIAN_POINT('',(6.9215,95.5,2.5));
#1690 = VECTOR('',#1691,1.);
#1691 = DIRECTION('',(0.,0.,-1.));
#1692 = ORIENTED_EDGE('',*,*,#1693,.T.);
#1693 = EDGE_CURVE('',#1686,#1694,#1696,.T.);
#1694 = VERTEX_POINT('',#1695);
#1695 = CARTESIAN_POINT('',(6.4135,99.5,5.));
#1696 = LINE('',#1697,#1698);
#1697 = CARTESIAN_POINT('',(19.05,0.,5.));
#1698 = VECTOR('',#1699,1.);
#1699 = DIRECTION('',(-0.125988033681,0.99203176127,0.));
#1700 = ORIENTED_EDGE('',*,*,#1701,.F.);
#1701 = EDGE_CURVE('',#1702,#1694,#1704,.T.);
#1702 = VERTEX_POINT('',#1703);
#1703 = CARTESIAN_POINT('',(6.4135,99.5,3.));
#1704 = LINE('',#1705,#1706);
#1705 = CARTESIAN_POINT('',(6.4135,99.5,2.5));
#1706 = VECTOR('',#1707,1.);
#1707 = DIRECTION('',(0.,0.,1.));
#1708 = ORIENTED_EDGE('',*,*,#1709,.T.);
#1709 = EDGE_CURVE('',#1702,#1710,#1712,.T.);
#1710 = VERTEX_POINT('',#1711);
#1711 = CARTESIAN_POINT('',(6.35,100.,3.));
#1712 = LINE('',#1713,#1714);
#1713 = CARTESIAN_POINT('',(12.649603273797,50.396824615772,3.));
#1714 = VECTOR('',#1715,1.);
#1715 = DIRECTION('',(-0.125988033681,0.99203176127,0.));
#1716 = ORIENTED_EDGE('',*,*,#1717,.F.);
#1717 = EDGE_CURVE('',#1718,#1710,#1720,.T.);
#1718 = VERTEX_POINT('',#1719);
#1719 = CARTESIAN_POINT('',(6.35,100.,2.));
#1720 = LINE('',#1721,#1722);
#1721 = CARTESIAN_POINT('',(6.35,100.,0.));
#1722 = VECTOR('',#1723,1.);
#1723 = DIRECTION('',(0.,0.,1.));
#1724 = ORIENTED_EDGE('',*,*,#1725,.F.);
#1725 = EDGE_CURVE('',#66,#1718,#1726,.T.);
#1726 = LINE('',#1727,#1728);
#1727 = CARTESIAN_POINT('',(6.35,100.,0.));
#1728 = VECTOR('',#1729,1.);
#1729 = DIRECTION('',(0.,0.,1.));
#1730 = PLANE('',#1731);
#1731 = AXIS2_PLACEMENT_3D('',#1732,#1733,#1734);
#1732 = CARTESIAN_POINT('',(19.05,0.,0.));
#1733 = DIRECTION('',(-0.99203176127,-0.125988033681,0.));
#1734 = DIRECTION('',(-0.125988033681,0.99203176127,0.));
#1735 = ADVANCED_FACE('',(#1736),#1755,.T.);
#1736 = FACE_BOUND('',#1737,.T.);
#1737 = EDGE_LOOP('',(#1738,#1739,#1740,#1749));
#1738 = ORIENTED_EDGE('',*,*,#81,.T.);
#1739 = ORIENTED_EDGE('',*,*,#1044,.T.);
#1740 = ORIENTED_EDGE('',*,*,#1741,.F.);
#1741 = EDGE_CURVE('',#1742,#1045,#1744,.T.);
#1742 = VERTEX_POINT('',#1743);
#1743 = CARTESIAN_POINT('',(6.35,105.,2.));
#1744 = CIRCLE('',#1745,3.);
#1745 = AXIS2_PLACEMENT_3D('',#1746,#1747,#1748);
#1746 = CARTESIAN_POINT('',(3.35,105.,2.));
#1747 = DIRECTION('',(-0.,0.,1.));
#1748 = DIRECTION('',(0.,-1.,0.));
#1749 = ORIENTED_EDGE('',*,*,#1750,.F.);
#1750 = EDGE_CURVE('',#74,#1742,#1751,.T.);
#1751 = LINE('',#1752,#1753);
#1752 = CARTESIAN_POINT('',(6.35,105.,0.));
#1753 = VECTOR('',#1754,1.);
#1754 = DIRECTION('',(0.,0.,1.));
#1755 = CYLINDRICAL_SURFACE('',#1756,3.);
#1756 = AXIS2_PLACEMENT_3D('',#1757,#1758,#1759);
#1757 = CARTESIAN_POINT('',(3.35,105.,0.));
#1758 = DIRECTION('',(0.,0.,1.));
#1759 = DIRECTION('',(1.,0.,-0.));
#1760 = ADVANCED_FACE('',(#1761),#1772,.F.);
#1761 = FACE_BOUND('',#1762,.F.);
#1762 = EDGE_LOOP('',(#1763,#1764,#1765,#1771));
#1763 = ORIENTED_EDGE('',*,*,#73,.F.);
#1764 = ORIENTED_EDGE('',*,*,#1725,.T.);
#1765 = ORIENTED_EDGE('',*,*,#1766,.T.);
#1766 = EDGE_CURVE('',#1718,#1742,#1767,.T.);
#1767 = LINE('',#1768,#1769);
#1768 = CARTESIAN_POINT('',(6.35,-8.,2.));
#1769 = VECTOR('',#1770,1.);
#1770 = DIRECTION('',(0.,1.,0.));
#1771 = ORIENTED_EDGE('',*,*,#1750,.F.);
#1772 = PLANE('',#1773);
#1773 = AXIS2_PLACEMENT_3D('',#1774,#1775,#1776);
#1774 = CARTESIAN_POINT('',(6.35,100.,0.));
#1775 = DIRECTION('',(-1.,0.,0.));
#1776 = DIRECTION('',(0.,1.,0.));
#1777 = ADVANCED_FACE('',(#1778),#1797,.T.);
#1778 = FACE_BOUND('',#1779,.T.);
#1779 = EDGE_LOOP('',(#1780,#1781,#1789,#1795,#1796));
#1780 = ORIENTED_EDGE('',*,*,#875,.T.);
#1781 = ORIENTED_EDGE('',*,*,#1782,.F.);
#1782 = EDGE_CURVE('',#1783,#876,#1785,.T.);
#1783 = VERTEX_POINT('',#1784);
#1784 = CARTESIAN_POINT('',(-6.35,-0.5,5.));
#1785 = LINE('',#1786,#1787);
#1786 = CARTESIAN_POINT('',(-6.35,108.,5.));
#1787 = VECTOR('',#1788,1.);
#1788 = DIRECTION('',(0.,-1.,0.));
#1789 = ORIENTED_EDGE('',*,*,#1790,.F.);
#1790 = EDGE_CURVE('',#147,#1783,#1791,.T.);
#1791 = LINE('',#1792,#1793);
#1792 = CARTESIAN_POINT('',(-19.05,-0.5,5.));
#1793 = VECTOR('',#1794,1.);
#1794 = DIRECTION('',(1.,0.,0.));
#1795 = ORIENTED_EDGE('',*,*,#154,.T.);
#1796 = ORIENTED_EDGE('',*,*,#185,.T.);
#1797 = PLANE('',#1798);
#1798 = AXIS2_PLACEMENT_3D('',#1799,#1800,#1801);
#1799 = CARTESIAN_POINT('',(2.2E-16,44.820089316694,5.));
#1800 = DIRECTION('',(0.,0.,1.));
#1801 = DIRECTION('',(1.,0.,0.));
#1802 = ADVANCED_FACE('',(#1803),#1829,.T.);
#1803 = FACE_BOUND('',#1804,.T.);
#1804 = EDGE_LOOP('',(#1805,#1806,#1814,#1822,#1828));
#1805 = ORIENTED_EDGE('',*,*,#138,.T.);
#1806 = ORIENTED_EDGE('',*,*,#1807,.T.);
#1807 = EDGE_CURVE('',#139,#1808,#1810,.T.);
#1808 = VERTEX_POINT('',#1809);
#1809 = CARTESIAN_POINT('',(-6.35,-0.5,3.));
#1810 = LINE('',#1811,#1812);
#1811 = CARTESIAN_POINT('',(-19.05,-0.5,3.));
#1812 = VECTOR('',#1813,1.);
#1813 = DIRECTION('',(1.,0.,0.));
#1814 = ORIENTED_EDGE('',*,*,#1815,.T.);
#1815 = EDGE_CURVE('',#1808,#1816,#1818,.T.);
#1816 = VERTEX_POINT('',#1817);
#1817 = CARTESIAN_POINT('',(-6.35,0.5,3.));
#1818 = LINE('',#1819,#1820);
#1819 = CARTESIAN_POINT('',(-6.35,54.,3.));
#1820 = VECTOR('',#1821,1.);
#1821 = DIRECTION('',(0.,1.,0.));
#1822 = ORIENTED_EDGE('',*,*,#1823,.T.);
#1823 = EDGE_CURVE('',#1816,#851,#1824,.T.);
#1824 = LINE('',#1825,#1826);
#1825 = CARTESIAN_POINT('',(19.05,0.5,3.));
#1826 = VECTOR('',#1827,1.);
#1827 = DIRECTION('',(-1.,0.,0.));
#1828 = ORIENTED_EDGE('',*,*,#858,.T.);
#1829 = PLANE('',#1830);
#1830 = AXIS2_PLACEMENT_3D('',#1831,#1832,#1833);
#1831 = CARTESIAN_POINT('',(1.8E-16,0.,3.));
#1832 = DIRECTION('',(0.,0.,1.));
#1833 = DIRECTION('',(1.,0.,0.));
#1834 = ADVANCED_FACE('',(#1835),#1846,.F.);
#1835 = FACE_BOUND('',#1836,.F.);
#1836 = EDGE_LOOP('',(#1837,#1838,#1839,#1840));
#1837 = ORIENTED_EDGE('',*,*,#1790,.F.);
#1838 = ORIENTED_EDGE('',*,*,#146,.T.);
#1839 = ORIENTED_EDGE('',*,*,#1807,.T.);
#1840 = ORIENTED_EDGE('',*,*,#1841,.T.);
#1841 = EDGE_CURVE('',#1808,#1783,#1842,.T.);
#1842 = LINE('',#1843,#1844);
#1843 = CARTESIAN_POINT('',(-6.35,-0.5,5.));
#1844 = VECTOR('',#1845,1.);
#1845 = DIRECTION('',(0.,0.,1.));
#1846 = PLANE('',#1847);
#1847 = AXIS2_PLACEMENT_3D('',#1848,#1849,#1850);
#1848 = CARTESIAN_POINT('',(-19.05,-0.5,5.));
#1849 = DIRECTION('',(0.,-1.,0.));
#1850 = DIRECTION('',(1.,0.,0.));
#1851 = ADVANCED_FACE('',(#1852),#1870,.F.);
#1852 = FACE_BOUND('',#1853,.F.);
#1853 = EDGE_LOOP('',(#1854,#1862,#1868,#1869));
#1854 = ORIENTED_EDGE('',*,*,#1855,.F.);
#1855 = EDGE_CURVE('',#1856,#843,#1858,.T.);
#1856 = VERTEX_POINT('',#1857);
#1857 = CARTESIAN_POINT('',(-6.35,0.5,5.));
#1858 = LINE('',#1859,#1860);
#1859 = CARTESIAN_POINT('',(19.05,0.5,5.));
#1860 = VECTOR('',#1861,1.);
#1861 = DIRECTION('',(-1.,0.,0.));
#1862 = ORIENTED_EDGE('',*,*,#1863,.T.);
#1863 = EDGE_CURVE('',#1856,#1816,#1864,.T.);
#1864 = LINE('',#1865,#1866);
#1865 = CARTESIAN_POINT('',(-6.35,0.5,5.));
#1866 = VECTOR('',#1867,1.);
#1867 = DIRECTION('',(0.,0.,-1.));
#1868 = ORIENTED_EDGE('',*,*,#1823,.T.);
#1869 = ORIENTED_EDGE('',*,*,#850,.T.);
#1870 = PLANE('',#1871);
#1871 = AXIS2_PLACEMENT_3D('',#1872,#1873,#1874);
#1872 = CARTESIAN_POINT('',(19.05,0.5,5.));
#1873 = DIRECTION('',(0.,1.,0.));
#1874 = DIRECTION('',(-1.,0.,0.));
#1875 = ADVANCED_FACE('',(#1876),#1894,.T.);
#1876 = FACE_BOUND('',#1877,.T.);
#1877 = EDGE_LOOP('',(#1878,#1886,#1892,#1893));
#1878 = ORIENTED_EDGE('',*,*,#1879,.F.);
#1879 = EDGE_CURVE('',#1880,#1856,#1882,.T.);
#1880 = VERTEX_POINT('',#1881);
#1881 = CARTESIAN_POINT('',(-6.35,4.5,5.));
#1882 = LINE('',#1883,#1884);
#1883 = CARTESIAN_POINT('',(-6.35,108.,5.));
#1884 = VECTOR('',#1885,1.);
#1885 = DIRECTION('',(0.,-1.,0.));
#1886 = ORIENTED_EDGE('',*,*,#1887,.F.);
#1887 = EDGE_CURVE('',#835,#1880,#1888,.T.);
#1888 = LINE('',#1889,#1890);
#1889 = CARTESIAN_POINT('',(-19.05,4.5,5.));
#1890 = VECTOR('',#1891,1.);
#1891 = DIRECTION('',(1.,0.,0.));
#1892 = ORIENTED_EDGE('',*,*,#842,.T.);
#1893 = ORIENTED_EDGE('',*,*,#1855,.F.);
#1894 = PLANE('',#1895);
#1895 = AXIS2_PLACEMENT_3D('',#1896,#1897,#1898);
#1896 = CARTESIAN_POINT('',(2.2E-16,44.820089316694,5.));
#1897 = DIRECTION('',(0.,0.,1.));
#1898 = DIRECTION('',(1.,0.,0.));
#1899 = ADVANCED_FACE('',(#1900),#1918,.F.);
#1900 = FACE_BOUND('',#1901,.F.);
#1901 = EDGE_LOOP('',(#1902,#1903,#1904,#1912));
#1902 = ORIENTED_EDGE('',*,*,#1887,.F.);
#1903 = ORIENTED_EDGE('',*,*,#834,.T.);
#1904 = ORIENTED_EDGE('',*,*,#1905,.T.);
#1905 = EDGE_CURVE('',#827,#1906,#1908,.T.);
#1906 = VERTEX_POINT('',#1907);
#1907 = CARTESIAN_POINT('',(-6.35,4.5,3.));
#1908 = LINE('',#1909,#1910);
#1909 = CARTESIAN_POINT('',(-19.05,4.5,3.));
#1910 = VECTOR('',#1911,1.);
#1911 = DIRECTION('',(1.,0.,0.));
#1912 = ORIENTED_EDGE('',*,*,#1913,.T.);
#1913 = EDGE_CURVE('',#1906,#1880,#1914,.T.);
#1914 = LINE('',#1915,#1916);
#1915 = CARTESIAN_POINT('',(-6.35,4.5,5.));
#1916 = VECTOR('',#1917,1.);
#1917 = DIRECTION('',(0.,0.,1.));
#1918 = PLANE('',#1919);
#1919 = AXIS2_PLACEMENT_3D('',#1920,#1921,#1922);
#1920 = CARTESIAN_POINT('',(-19.05,4.5,5.));
#1921 = DIRECTION('',(0.,-1.,0.));
#1922 = DIRECTION('',(1.,0.,0.));
#1923 = ADVANCED_FACE('',(#1924),#1942,.T.);
#1924 = FACE_BOUND('',#1925,.T.);
#1925 = EDGE_LOOP('',(#1926,#1927,#1928,#1936));
#1926 = ORIENTED_EDGE('',*,*,#826,.T.);
#1927 = ORIENTED_EDGE('',*,*,#1905,.T.);
#1928 = ORIENTED_EDGE('',*,*,#1929,.T.);
#1929 = EDGE_CURVE('',#1906,#1930,#1932,.T.);
#1930 = VERTEX_POINT('',#1931);
#1931 = CARTESIAN_POINT('',(-6.35,5.5,3.));
#1932 = LINE('',#1933,#1934);
#1933 = CARTESIAN_POINT('',(-6.35,56.5,3.));
#1934 = VECTOR('',#1935,1.);
#1935 = DIRECTION('',(0.,1.,0.));
#1936 = ORIENTED_EDGE('',*,*,#1937,.T.);
#1937 = EDGE_CURVE('',#1930,#819,#1938,.T.);
#1938 = LINE('',#1939,#1940);
#1939 = CARTESIAN_POINT('',(19.05,5.5,3.));
#1940 = VECTOR('',#1941,1.);
#1941 = DIRECTION('',(-1.,0.,0.));
#1942 = PLANE('',#1943);
#1943 = AXIS2_PLACEMENT_3D('',#1944,#1945,#1946);
#1944 = CARTESIAN_POINT('',(1.8E-16,5.,3.));
#1945 = DIRECTION('',(0.,0.,1.));
#1946 = DIRECTION('',(1.,0.,0.));
#1947 = ADVANCED_FACE('',(#1948),#1966,.F.);
#1948 = FACE_BOUND('',#1949,.F.);
#1949 = EDGE_LOOP('',(#1950,#1958,#1964,#1965));
#1950 = ORIENTED_EDGE('',*,*,#1951,.F.);
#1951 = EDGE_CURVE('',#1952,#811,#1954,.T.);
#1952 = VERTEX_POINT('',#1953);
#1953 = CARTESIAN_POINT('',(-6.35,5.5,5.));
#1954 = LINE('',#1955,#1956);
#1955 = CARTESIAN_POINT('',(19.05,5.5,5.));
#1956 = VECTOR('',#1957,1.);
#1957 = DIRECTION('',(-1.,0.,0.));
#1958 = ORIENTED_EDGE('',*,*,#1959,.T.);
#1959 = EDGE_CURVE('',#1952,#1930,#1960,.T.);
#1960 = LINE('',#1961,#1962);
#1961 = CARTESIAN_POINT('',(-6.35,5.5,5.));
#1962 = VECTOR('',#1963,1.);
#1963 = DIRECTION('',(0.,0.,-1.));
#1964 = ORIENTED_EDGE('',*,*,#1937,.T.);
#1965 = ORIENTED_EDGE('',*,*,#818,.T.);
#1966 = PLANE('',#1967);
#1967 = AXIS2_PLACEMENT_3D('',#1968,#1969,#1970);
#1968 = CARTESIAN_POINT('',(19.05,5.5,5.));
#1969 = DIRECTION('',(0.,1.,0.));
#1970 = DIRECTION('',(-1.,0.,0.));
#1971 = ADVANCED_FACE('',(#1972),#1990,.T.);
#1972 = FACE_BOUND('',#1973,.T.);
#1973 = EDGE_LOOP('',(#1974,#1982,#1988,#1989));
#1974 = ORIENTED_EDGE('',*,*,#1975,.F.);
#1975 = EDGE_CURVE('',#1976,#1952,#1978,.T.);
#1976 = VERTEX_POINT('',#1977);
#1977 = CARTESIAN_POINT('',(-6.35,9.5,5.));
#1978 = LINE('',#1979,#1980);
#1979 = CARTESIAN_POINT('',(-6.35,108.,5.));
#1980 = VECTOR('',#1981,1.);
#1981 = DIRECTION('',(0.,-1.,0.));
#1982 = ORIENTED_EDGE('',*,*,#1983,.F.);
#1983 = EDGE_CURVE('',#803,#1976,#1984,.T.);
#1984 = LINE('',#1985,#1986);
#1985 = CARTESIAN_POINT('',(-19.05,9.5,5.));
#1986 = VECTOR('',#1987,1.);
#1987 = DIRECTION('',(1.,0.,0.));
#1988 = ORIENTED_EDGE('',*,*,#810,.T.);
#1989 = ORIENTED_EDGE('',*,*,#1951,.F.);
#1990 = PLANE('',#1991);
#1991 = AXIS2_PLACEMENT_3D('',#1992,#1993,#1994);
#1992 = CARTESIAN_POINT('',(2.2E-16,44.820089316694,5.));
#1993 = DIRECTION('',(0.,0.,1.));
#1994 = DIRECTION('',(1.,0.,0.));
#1995 = ADVANCED_FACE('',(#1996),#2014,.F.);
#1996 = FACE_BOUND('',#1997,.F.);
#1997 = EDGE_LOOP('',(#1998,#1999,#2000,#2008));
#1998 = ORIENTED_EDGE('',*,*,#1983,.F.);
#1999 = ORIENTED_EDGE('',*,*,#802,.T.);
#2000 = ORIENTED_EDGE('',*,*,#2001,.T.);
#2001 = EDGE_CURVE('',#795,#2002,#2004,.T.);
#2002 = VERTEX_POINT('',#2003);
#2003 = CARTESIAN_POINT('',(-6.35,9.5,3.));
#2004 = LINE('',#2005,#2006);
#2005 = CARTESIAN_POINT('',(-19.05,9.5,3.));
#2006 = VECTOR('',#2007,1.);
#2007 = DIRECTION('',(1.,0.,0.));
#2008 = ORIENTED_EDGE('',*,*,#2009,.T.);
#2009 = EDGE_CURVE('',#2002,#1976,#2010,.T.);
#2010 = LINE('',#2011,#2012);
#2011 = CARTESIAN_POINT('',(-6.35,9.5,5.));
#2012 = VECTOR('',#2013,1.);
#2013 = DIRECTION('',(0.,0.,1.));
#2014 = PLANE('',#2015);
#2015 = AXIS2_PLACEMENT_3D('',#2016,#2017,#2018);
#2016 = CARTESIAN_POINT('',(-19.05,9.5,5.));
#2017 = DIRECTION('',(0.,-1.,0.));
#2018 = DIRECTION('',(1.,0.,0.));
#2019 = ADVANCED_FACE('',(#2020),#2038,.T.);
#2020 = FACE_BOUND('',#2021,.T.);
#2021 = EDGE_LOOP('',(#2022,#2023,#2024,#2032));
#2022 = ORIENTED_EDGE('',*,*,#794,.T.);
#2023 = ORIENTED_EDGE('',*,*,#2001,.T.);
#2024 = ORIENTED_EDGE('',*,*,#2025,.T.);
#2025 = EDGE_CURVE('',#2002,#2026,#2028,.T.);
#2026 = VERTEX_POINT('',#2027);
#2027 = CARTESIAN_POINT('',(-6.35,10.5,3.));
#2028 = LINE('',#2029,#2030);
#2029 = CARTESIAN_POINT('',(-6.35,59.,3.));
#2030 = VECTOR('',#2031,1.);
#2031 = DIRECTION('',(0.,1.,0.));
#2032 = ORIENTED_EDGE('',*,*,#2033,.T.);
#2033 = EDGE_CURVE('',#2026,#787,#2034,.T.);
#2034 = LINE('',#2035,#2036);
#2035 = CARTESIAN_POINT('',(19.05,10.5,3.));
#2036 = VECTOR('',#2037,1.);
#2037 = DIRECTION('',(-1.,0.,0.));
#2038 = PLANE('',#2039);
#2039 = AXIS2_PLACEMENT_3D('',#2040,#2041,#2042);
#2040 = CARTESIAN_POINT('',(1.8E-16,10.,3.));
#2041 = DIRECTION('',(0.,0.,1.));
#2042 = DIRECTION('',(1.,0.,0.));
#2043 = ADVANCED_FACE('',(#2044),#2062,.F.);
#2044 = FACE_BOUND('',#2045,.F.);
#2045 = EDGE_LOOP('',(#2046,#2054,#2060,#2061));
#2046 = ORIENTED_EDGE('',*,*,#2047,.F.);
#2047 = EDGE_CURVE('',#2048,#779,#2050,.T.);
#2048 = VERTEX_POINT('',#2049);
#2049 = CARTESIAN_POINT('',(-6.35,10.5,5.));
#2050 = LINE('',#2051,#2052);
#2051 = CARTESIAN_POINT('',(19.05,10.5,5.));
#2052 = VECTOR('',#2053,1.);
#2053 = DIRECTION('',(-1.,0.,0.));
#2054 = ORIENTED_EDGE('',*,*,#2055,.T.);
#2055 = EDGE_CURVE('',#2048,#2026,#2056,.T.);
#2056 = LINE('',#2057,#2058);
#2057 = CARTESIAN_POINT('',(-6.35,10.5,5.));
#2058 = VECTOR('',#2059,1.);
#2059 = DIRECTION('',(0.,0.,-1.));
#2060 = ORIENTED_EDGE('',*,*,#2033,.T.);
#2061 = ORIENTED_EDGE('',*,*,#786,.T.);
#2062 = PLANE('',#2063);
#2063 = AXIS2_PLACEMENT_3D('',#2064,#2065,#2066);
#2064 = CARTESIAN_POINT('',(19.05,10.5,5.));
#2065 = DIRECTION('',(0.,1.,0.));
#2066 = DIRECTION('',(-1.,0.,0.));
#2067 = ADVANCED_FACE('',(#2068),#2086,.T.);
#2068 = FACE_BOUND('',#2069,.T.);
#2069 = EDGE_LOOP('',(#2070,#2078,#2084,#2085));
#2070 = ORIENTED_EDGE('',*,*,#2071,.F.);
#2071 = EDGE_CURVE('',#2072,#2048,#2074,.T.);
#2072 = VERTEX_POINT('',#2073);
#2073 = CARTESIAN_POINT('',(-6.35,14.5,5.));
#2074 = LINE('',#2075,#2076);
#2075 = CARTESIAN_POINT('',(-6.35,108.,5.));
#2076 = VECTOR('',#2077,1.);
#2077 = DIRECTION('',(0.,-1.,0.));
#2078 = ORIENTED_EDGE('',*,*,#2079,.F.);
#2079 = EDGE_CURVE('',#771,#2072,#2080,.T.);
#2080 = LINE('',#2081,#2082);
#2081 = CARTESIAN_POINT('',(-19.05,14.5,5.));
#2082 = VECTOR('',#2083,1.);
#2083 = DIRECTION('',(1.,0.,0.));
#2084 = ORIENTED_EDGE('',*,*,#778,.T.);
#2085 = ORIENTED_EDGE('',*,*,#2047,.F.);
#2086 = PLANE('',#2087);
#2087 = AXIS2_PLACEMENT_3D('',#2088,#2089,#2090);
#2088 = CARTESIAN_POINT('',(2.2E-16,44.820089316694,5.));
#2089 = DIRECTION('',(0.,0.,1.));
#2090 = DIRECTION('',(1.,0.,0.));
#2091 = ADVANCED_FACE('',(#2092),#2110,.F.);
#2092 = FACE_BOUND('',#2093,.F.);
#2093 = EDGE_LOOP('',(#2094,#2095,#2096,#2104));
#2094 = ORIENTED_EDGE('',*,*,#2079,.F.);
#2095 = ORIENTED_EDGE('',*,*,#770,.T.);
#2096 = ORIENTED_EDGE('',*,*,#2097,.T.);
#2097 = EDGE_CURVE('',#763,#2098,#2100,.T.);
#2098 = VERTEX_POINT('',#2099);
#2099 = CARTESIAN_POINT('',(-6.35,14.5,3.));
#2100 = LINE('',#2101,#2102);
#2101 = CARTESIAN_POINT('',(-19.05,14.5,3.));
#2102 = VECTOR('',#2103,1.);
#2103 = DIRECTION('',(1.,0.,0.));
#2104 = ORIENTED_EDGE('',*,*,#2105,.T.);
#2105 = EDGE_CURVE('',#2098,#2072,#2106,.T.);
#2106 = LINE('',#2107,#2108);
#2107 = CARTESIAN_POINT('',(-6.35,14.5,5.));
#2108 = VECTOR('',#2109,1.);
#2109 = DIRECTION('',(0.,0.,1.));
#2110 = PLANE('',#2111);
#2111 = AXIS2_PLACEMENT_3D('',#2112,#2113,#2114);
#2112 = CARTESIAN_POINT('',(-19.05,14.5,5.));
#2113 = DIRECTION('',(0.,-1.,0.));
#2114 = DIRECTION('',(1.,0.,0.));
#2115 = ADVANCED_FACE('',(#2116),#2134,.T.);
#2116 = FACE_BOUND('',#2117,.T.);
#2117 = EDGE_LOOP('',(#2118,#2119,#2120,#2128));
#2118 = ORIENTED_EDGE('',*,*,#762,.T.);
#2119 = ORIENTED_EDGE('',*,*,#2097,.T.);
#2120 = ORIENTED_EDGE('',*,*,#2121,.T.);
#2121 = EDGE_CURVE('',#2098,#2122,#2124,.T.);
#2122 = VERTEX_POINT('',#2123);
#2123 = CARTESIAN_POINT('',(-6.35,15.5,3.));
#2124 = LINE('',#2125,#2126);
#2125 = CARTESIAN_POINT('',(-6.35,61.5,3.));
#2126 = VECTOR('',#2127,1.);
#2127 = DIRECTION('',(0.,1.,0.));
#2128 = ORIENTED_EDGE('',*,*,#2129,.T.);
#2129 = EDGE_CURVE('',#2122,#755,#2130,.T.);
#2130 = LINE('',#2131,#2132);
#2131 = CARTESIAN_POINT('',(19.05,15.5,3.));
#2132 = VECTOR('',#2133,1.);
#2133 = DIRECTION('',(-1.,0.,0.));
#2134 = PLANE('',#2135);
#2135 = AXIS2_PLACEMENT_3D('',#2136,#2137,#2138);
#2136 = CARTESIAN_POINT('',(1.8E-16,15.,3.));
#2137 = DIRECTION('',(0.,0.,1.));
#2138 = DIRECTION('',(1.,0.,0.));
#2139 = ADVANCED_FACE('',(#2140),#2158,.F.);
#2140 = FACE_BOUND('',#2141,.F.);
#2141 = EDGE_LOOP('',(#2142,#2150,#2156,#2157));
#2142 = ORIENTED_EDGE('',*,*,#2143,.F.);
#2143 = EDGE_CURVE('',#2144,#747,#2146,.T.);
#2144 = VERTEX_POINT('',#2145);
#2145 = CARTESIAN_POINT('',(-6.35,15.5,5.));
#2146 = LINE('',#2147,#2148);
#2147 = CARTESIAN_POINT('',(19.05,15.5,5.));
#2148 = VECTOR('',#2149,1.);
#2149 = DIRECTION('',(-1.,0.,0.));
#2150 = ORIENTED_EDGE('',*,*,#2151,.T.);
#2151 = EDGE_CURVE('',#2144,#2122,#2152,.T.);
#2152 = LINE('',#2153,#2154);
#2153 = CARTESIAN_POINT('',(-6.35,15.5,5.));
#2154 = VECTOR('',#2155,1.);
#2155 = DIRECTION('',(0.,0.,-1.));
#2156 = ORIENTED_EDGE('',*,*,#2129,.T.);
#2157 = ORIENTED_EDGE('',*,*,#754,.T.);
#2158 = PLANE('',#2159);
#2159 = AXIS2_PLACEMENT_3D('',#2160,#2161,#2162);
#2160 = CARTESIAN_POINT('',(19.05,15.5,5.));
#2161 = DIRECTION('',(0.,1.,0.));
#2162 = DIRECTION('',(-1.,0.,0.));
#2163 = ADVANCED_FACE('',(#2164),#2182,.T.);
#2164 = FACE_BOUND('',#2165,.T.);
#2165 = EDGE_LOOP('',(#2166,#2174,#2180,#2181));
#2166 = ORIENTED_EDGE('',*,*,#2167,.F.);
#2167 = EDGE_CURVE('',#2168,#2144,#2170,.T.);
#2168 = VERTEX_POINT('',#2169);
#2169 = CARTESIAN_POINT('',(-6.35,19.5,5.));
#2170 = LINE('',#2171,#2172);
#2171 = CARTESIAN_POINT('',(-6.35,108.,5.));
#2172 = VECTOR('',#2173,1.);
#2173 = DIRECTION('',(0.,-1.,0.));
#2174 = ORIENTED_EDGE('',*,*,#2175,.F.);
#2175 = EDGE_CURVE('',#739,#2168,#2176,.T.);
#2176 = LINE('',#2177,#2178);
#2177 = CARTESIAN_POINT('',(-19.05,19.5,5.));
#2178 = VECTOR('',#2179,1.);
#2179 = DIRECTION('',(1.,0.,0.));
#2180 = ORIENTED_EDGE('',*,*,#746,.T.);
#2181 = ORIENTED_EDGE('',*,*,#2143,.F.);
#2182 = PLANE('',#2183);
#2183 = AXIS2_PLACEMENT_3D('',#2184,#2185,#2186);
#2184 = CARTESIAN_POINT('',(2.2E-16,44.820089316694,5.));
#2185 = DIRECTION('',(0.,0.,1.));
#2186 = DIRECTION('',(1.,0.,0.));
#2187 = ADVANCED_FACE('',(#2188),#2206,.F.);
#2188 = FACE_BOUND('',#2189,.F.);
#2189 = EDGE_LOOP('',(#2190,#2191,#2192,#2200));
#2190 = ORIENTED_EDGE('',*,*,#2175,.F.);
#2191 = ORIENTED_EDGE('',*,*,#738,.T.);
#2192 = ORIENTED_EDGE('',*,*,#2193,.T.);
#2193 = EDGE_CURVE('',#731,#2194,#2196,.T.);
#2194 = VERTEX_POINT('',#2195);
#2195 = CARTESIAN_POINT('',(-6.35,19.5,3.));
#2196 = LINE('',#2197,#2198);
#2197 = CARTESIAN_POINT('',(-19.05,19.5,3.));
#2198 = VECTOR('',#2199,1.);
#2199 = DIRECTION('',(1.,0.,0.));
#2200 = ORIENTED_EDGE('',*,*,#2201,.T.);
#2201 = EDGE_CURVE('',#2194,#2168,#2202,.T.);
#2202 = LINE('',#2203,#2204);
#2203 = CARTESIAN_POINT('',(-6.35,19.5,5.));
#2204 = VECTOR('',#2205,1.);
#2205 = DIRECTION('',(0.,0.,1.));
#2206 = PLANE('',#2207);
#2207 = AXIS2_PLACEMENT_3D('',#2208,#2209,#2210);
#2208 = CARTESIAN_POINT('',(-19.05,19.5,5.));
#2209 = DIRECTION('',(0.,-1.,0.));
#2210 = DIRECTION('',(1.,0.,0.));
#2211 = ADVANCED_FACE('',(#2212),#2230,.T.);
#2212 = FACE_BOUND('',#2213,.T.);
#2213 = EDGE_LOOP('',(#2214,#2215,#2216,#2224));
#2214 = ORIENTED_EDGE('',*,*,#730,.T.);
#2215 = ORIENTED_EDGE('',*,*,#2193,.T.);
#2216 = ORIENTED_EDGE('',*,*,#2217,.T.);
#2217 = EDGE_CURVE('',#2194,#2218,#2220,.T.);
#2218 = VERTEX_POINT('',#2219);
#2219 = CARTESIAN_POINT('',(-6.35,20.5,3.));
#2220 = LINE('',#2221,#2222);
#2221 = CARTESIAN_POINT('',(-6.35,64.,3.));
#2222 = VECTOR('',#2223,1.);
#2223 = DIRECTION('',(0.,1.,0.));
#2224 = ORIENTED_EDGE('',*,*,#2225,.T.);
#2225 = EDGE_CURVE('',#2218,#723,#2226,.T.);
#2226 = LINE('',#2227,#2228);
#2227 = CARTESIAN_POINT('',(19.05,20.5,3.));
#2228 = VECTOR('',#2229,1.);
#2229 = DIRECTION('',(-1.,0.,0.));
#2230 = PLANE('',#2231);
#2231 = AXIS2_PLACEMENT_3D('',#2232,#2233,#2234);
#2232 = CARTESIAN_POINT('',(1.8E-16,20.,3.));
#2233 = DIRECTION('',(0.,0.,1.));
#2234 = DIRECTION('',(1.,0.,0.));
#2235 = ADVANCED_FACE('',(#2236),#2254,.F.);
#2236 = FACE_BOUND('',#2237,.F.);
#2237 = EDGE_LOOP('',(#2238,#2246,#2252,#2253));
#2238 = ORIENTED_EDGE('',*,*,#2239,.F.);
#2239 = EDGE_CURVE('',#2240,#715,#2242,.T.);
#2240 = VERTEX_POINT('',#2241);
#2241 = CARTESIAN_POINT('',(-6.35,20.5,5.));
#2242 = LINE('',#2243,#2244);
#2243 = CARTESIAN_POINT('',(19.05,20.5,5.));
#2244 = VECTOR('',#2245,1.);
#2245 = DIRECTION('',(-1.,0.,0.));
#2246 = ORIENTED_EDGE('',*,*,#2247,.T.);
#2247 = EDGE_CURVE('',#2240,#2218,#2248,.T.);
#2248 = LINE('',#2249,#2250);
#2249 = CARTESIAN_POINT('',(-6.35,20.5,5.));
#2250 = VECTOR('',#2251,1.);
#2251 = DIRECTION('',(0.,0.,-1.));
#2252 = ORIENTED_EDGE('',*,*,#2225,.T.);
#2253 = ORIENTED_EDGE('',*,*,#722,.T.);
#2254 = PLANE('',#2255);
#2255 = AXIS2_PLACEMENT_3D('',#2256,#2257,#2258);
#2256 = CARTESIAN_POINT('',(19.05,20.5,5.));
#2257 = DIRECTION('',(0.,1.,0.));
#2258 = DIRECTION('',(-1.,0.,0.));
#2259 = ADVANCED_FACE('',(#2260),#2278,.T.);
#2260 = FACE_BOUND('',#2261,.T.);
#2261 = EDGE_LOOP('',(#2262,#2270,#2276,#2277));
#2262 = ORIENTED_EDGE('',*,*,#2263,.F.);
#2263 = EDGE_CURVE('',#2264,#2240,#2266,.T.);
#2264 = VERTEX_POINT('',#2265);
#2265 = CARTESIAN_POINT('',(-6.35,24.5,5.));
#2266 = LINE('',#2267,#2268);
#2267 = CARTESIAN_POINT('',(-6.35,108.,5.));
#2268 = VECTOR('',#2269,1.);
#2269 = DIRECTION('',(0.,-1.,0.));
#2270 = ORIENTED_EDGE('',*,*,#2271,.F.);
#2271 = EDGE_CURVE('',#707,#2264,#2272,.T.);
#2272 = LINE('',#2273,#2274);
#2273 = CARTESIAN_POINT('',(-19.05,24.5,5.));
#2274 = VECTOR('',#2275,1.);
#2275 = DIRECTION('',(1.,0.,0.));
#2276 = ORIENTED_EDGE('',*,*,#714,.T.);
#2277 = ORIENTED_EDGE('',*,*,#2239,.F.);
#2278 = PLANE('',#2279);
#2279 = AXIS2_PLACEMENT_3D('',#2280,#2281,#2282);
#2280 = CARTESIAN_POINT('',(2.2E-16,44.820089316694,5.));
#2281 = DIRECTION('',(0.,0.,1.));
#2282 = DIRECTION('',(1.,0.,0.));
#2283 = ADVANCED_FACE('',(#2284),#2302,.F.);
#2284 = FACE_BOUND('',#2285,.F.);
#2285 = EDGE_LOOP('',(#2286,#2287,#2288,#2296));
#2286 = ORIENTED_EDGE('',*,*,#2271,.F.);
#2287 = ORIENTED_EDGE('',*,*,#706,.T.);
#2288 = ORIENTED_EDGE('',*,*,#2289,.T.);
#2289 = EDGE_CURVE('',#699,#2290,#2292,.T.);
#2290 = VERTEX_POINT('',#2291);
#2291 = CARTESIAN_POINT('',(-6.35,24.5,3.));
#2292 = LINE('',#2293,#2294);
#2293 = CARTESIAN_POINT('',(-19.05,24.5,3.));
#2294 = VECTOR('',#2295,1.);
#2295 = DIRECTION('',(1.,0.,0.));
#2296 = ORIENTED_EDGE('',*,*,#2297,.T.);
#2297 = EDGE_CURVE('',#2290,#2264,#2298,.T.);
#2298 = LINE('',#2299,#2300);
#2299 = CARTESIAN_POINT('',(-6.35,24.5,5.));
#2300 = VECTOR('',#2301,1.);
#2301 = DIRECTION('',(0.,0.,1.));
#2302 = PLANE('',#2303);
#2303 = AXIS2_PLACEMENT_3D('',#2304,#2305,#2306);
#2304 = CARTESIAN_POINT('',(-19.05,24.5,5.));
#2305 = DIRECTION('',(0.,-1.,0.));
#2306 = DIRECTION('',(1.,0.,0.));
#2307 = ADVANCED_FACE('',(#2308),#2326,.T.);
#2308 = FACE_BOUND('',#2309,.T.);
#2309 = EDGE_LOOP('',(#2310,#2311,#2312,#2320));
#2310 = ORIENTED_EDGE('',*,*,#698,.T.);
#2311 = ORIENTED_EDGE('',*,*,#2289,.T.);
#2312 = ORIENTED_EDGE('',*,*,#2313,.T.);
#2313 = EDGE_CURVE('',#2290,#2314,#2316,.T.);
#2314 = VERTEX_POINT('',#2315);
#2315 = CARTESIAN_POINT('',(-6.35,25.5,3.));
#2316 = LINE('',#2317,#2318);
#2317 = CARTESIAN_POINT('',(-6.35,66.5,3.));
#2318 = VECTOR('',#2319,1.);
#2319 = DIRECTION('',(0.,1.,0.));
#2320 = ORIENTED_EDGE('',*,*,#2321,.T.);
#2321 = EDGE_CURVE('',#2314,#691,#2322,.T.);
#2322 = LINE('',#2323,#2324);
#2323 = CARTESIAN_POINT('',(19.05,25.5,3.));
#2324 = VECTOR('',#2325,1.);
#2325 = DIRECTION('',(-1.,0.,0.));
#2326 = PLANE('',#2327);
#2327 = AXIS2_PLACEMENT_3D('',#2328,#2329,#2330);
#2328 = CARTESIAN_POINT('',(1.8E-16,25.,3.));
#2329 = DIRECTION('',(0.,0.,1.));
#2330 = DIRECTION('',(1.,0.,0.));
#2331 = ADVANCED_FACE('',(#2332),#2350,.F.);
#2332 = FACE_BOUND('',#2333,.F.);
#2333 = EDGE_LOOP('',(#2334,#2342,#2348,#2349));
#2334 = ORIENTED_EDGE('',*,*,#2335,.F.);
#2335 = EDGE_CURVE('',#2336,#683,#2338,.T.);
#2336 = VERTEX_POINT('',#2337);
#2337 = CARTESIAN_POINT('',(-6.35,25.5,5.));
#2338 = LINE('',#2339,#2340);
#2339 = CARTESIAN_POINT('',(19.05,25.5,5.));
#2340 = VECTOR('',#2341,1.);
#2341 = DIRECTION('',(-1.,0.,0.));
#2342 = ORIENTED_EDGE('',*,*,#2343,.T.);
#2343 = EDGE_CURVE('',#2336,#2314,#2344,.T.);
#2344 = LINE('',#2345,#2346);
#2345 = CARTESIAN_POINT('',(-6.35,25.5,5.));
#2346 = VECTOR('',#2347,1.);
#2347 = DIRECTION('',(0.,0.,-1.));
#2348 = ORIENTED_EDGE('',*,*,#2321,.T.);
#2349 = ORIENTED_EDGE('',*,*,#690,.T.);
#2350 = PLANE('',#2351);
#2351 = AXIS2_PLACEMENT_3D('',#2352,#2353,#2354);
#2352 = CARTESIAN_POINT('',(19.05,25.5,5.));
#2353 = DIRECTION('',(0.,1.,0.));
#2354 = DIRECTION('',(-1.,0.,0.));
#2355 = ADVANCED_FACE('',(#2356),#2374,.T.);
#2356 = FACE_BOUND('',#2357,.T.);
#2357 = EDGE_LOOP('',(#2358,#2366,#2372,#2373));
#2358 = ORIENTED_EDGE('',*,*,#2359,.F.);
#2359 = EDGE_CURVE('',#2360,#2336,#2362,.T.);
#2360 = VERTEX_POINT('',#2361);
#2361 = CARTESIAN_POINT('',(-6.35,29.5,5.));
#2362 = LINE('',#2363,#2364);
#2363 = CARTESIAN_POINT('',(-6.35,108.,5.));
#2364 = VECTOR('',#2365,1.);
#2365 = DIRECTION('',(0.,-1.,0.));
#2366 = ORIENTED_EDGE('',*,*,#2367,.F.);
#2367 = EDGE_CURVE('',#675,#2360,#2368,.T.);
#2368 = LINE('',#2369,#2370);
#2369 = CARTESIAN_POINT('',(-19.05,29.5,5.));
#2370 = VECTOR('',#2371,1.);
#2371 = DIRECTION('',(1.,0.,0.));
#2372 = ORIENTED_EDGE('',*,*,#682,.T.);
#2373 = ORIENTED_EDGE('',*,*,#2335,.F.);
#2374 = PLANE('',#2375);
#2375 = AXIS2_PLACEMENT_3D('',#2376,#2377,#2378);
#2376 = CARTESIAN_POINT('',(2.2E-16,44.820089316694,5.));
#2377 = DIRECTION('',(0.,0.,1.));
#2378 = DIRECTION('',(1.,0.,0.));
#2379 = ADVANCED_FACE('',(#2380),#2398,.F.);
#2380 = FACE_BOUND('',#2381,.F.);
#2381 = EDGE_LOOP('',(#2382,#2383,#2384,#2392));
#2382 = ORIENTED_EDGE('',*,*,#2367,.F.);
#2383 = ORIENTED_EDGE('',*,*,#674,.T.);
#2384 = ORIENTED_EDGE('',*,*,#2385,.T.);
#2385 = EDGE_CURVE('',#667,#2386,#2388,.T.);
#2386 = VERTEX_POINT('',#2387);
#2387 = CARTESIAN_POINT('',(-6.35,29.5,3.));
#2388 = LINE('',#2389,#2390);
#2389 = CARTESIAN_POINT('',(-19.05,29.5,3.));
#2390 = VECTOR('',#2391,1.);
#2391 = DIRECTION('',(1.,0.,0.));
#2392 = ORIENTED_EDGE('',*,*,#2393,.T.);
#2393 = EDGE_CURVE('',#2386,#2360,#2394,.T.);
#2394 = LINE('',#2395,#2396);
#2395 = CARTESIAN_POINT('',(-6.35,29.5,5.));
#2396 = VECTOR('',#2397,1.);
#2397 = DIRECTION('',(0.,0.,1.));
#2398 = PLANE('',#2399);
#2399 = AXIS2_PLACEMENT_3D('',#2400,#2401,#2402);
#2400 = CARTESIAN_POINT('',(-19.05,29.5,5.));
#2401 = DIRECTION('',(0.,-1.,0.));
#2402 = DIRECTION('',(1.,0.,0.));
#2403 = ADVANCED_FACE('',(#2404),#2422,.T.);
#2404 = FACE_BOUND('',#2405,.T.);
#2405 = EDGE_LOOP('',(#2406,#2407,#2408,#2416));
#2406 = ORIENTED_EDGE('',*,*,#666,.T.);
#2407 = ORIENTED_EDGE('',*,*,#2385,.T.);
#2408 = ORIENTED_EDGE('',*,*,#2409,.T.);
#2409 = EDGE_CURVE('',#2386,#2410,#2412,.T.);
#2410 = VERTEX_POINT('',#2411);
#2411 = CARTESIAN_POINT('',(-6.35,30.5,3.));
#2412 = LINE('',#2413,#2414);
#2413 = CARTESIAN_POINT('',(-6.35,69.,3.));
#2414 = VECTOR('',#2415,1.);
#2415 = DIRECTION('',(0.,1.,0.));
#2416 = ORIENTED_EDGE('',*,*,#2417,.T.);
#2417 = EDGE_CURVE('',#2410,#659,#2418,.T.);
#2418 = LINE('',#2419,#2420);
#2419 = CARTESIAN_POINT('',(19.05,30.5,3.));
#2420 = VECTOR('',#2421,1.);
#2421 = DIRECTION('',(-1.,0.,0.));
#2422 = PLANE('',#2423);
#2423 = AXIS2_PLACEMENT_3D('',#2424,#2425,#2426);
#2424 = CARTESIAN_POINT('',(1.8E-16,30.,3.));
#2425 = DIRECTION('',(0.,0.,1.));
#2426 = DIRECTION('',(1.,0.,0.));
#2427 = ADVANCED_FACE('',(#2428),#2446,.F.);
#2428 = FACE_BOUND('',#2429,.F.);
#2429 = EDGE_LOOP('',(#2430,#2438,#2444,#2445));
#2430 = ORIENTED_EDGE('',*,*,#2431,.F.);
#2431 = EDGE_CURVE('',#2432,#651,#2434,.T.);
#2432 = VERTEX_POINT('',#2433);
#2433 = CARTESIAN_POINT('',(-6.35,30.5,5.));
#2434 = LINE('',#2435,#2436);
#2435 = CARTESIAN_POINT('',(19.05,30.5,5.));
#2436 = VECTOR('',#2437,1.);
#2437 = DIRECTION('',(-1.,0.,0.));
#2438 = ORIENTED_EDGE('',*,*,#2439,.T.);
#2439 = EDGE_CURVE('',#2432,#2410,#2440,.T.);
#2440 = LINE('',#2441,#2442);
#2441 = CARTESIAN_POINT('',(-6.35,30.5,5.));
#2442 = VECTOR('',#2443,1.);
#2443 = DIRECTION('',(0.,0.,-1.));
#2444 = ORIENTED_EDGE('',*,*,#2417,.T.);
#2445 = ORIENTED_EDGE('',*,*,#658,.T.);
#2446 = PLANE('',#2447);
#2447 = AXIS2_PLACEMENT_3D('',#2448,#2449,#2450);
#2448 = CARTESIAN_POINT('',(19.05,30.5,5.));
#2449 = DIRECTION('',(0.,1.,0.));
#2450 = DIRECTION('',(-1.,0.,0.));
#2451 = ADVANCED_FACE('',(#2452),#2470,.T.);
#2452 = FACE_BOUND('',#2453,.T.);
#2453 = EDGE_LOOP('',(#2454,#2462,#2468,#2469));
#2454 = ORIENTED_EDGE('',*,*,#2455,.F.);
#2455 = EDGE_CURVE('',#2456,#2432,#2458,.T.);
#2456 = VERTEX_POINT('',#2457);
#2457 = CARTESIAN_POINT('',(-6.35,34.5,5.));
#2458 = LINE('',#2459,#2460);
#2459 = CARTESIAN_POINT('',(-6.35,108.,5.));
#2460 = VECTOR('',#2461,1.);
#2461 = DIRECTION('',(0.,-1.,0.));
#2462 = ORIENTED_EDGE('',*,*,#2463,.F.);
#2463 = EDGE_CURVE('',#643,#2456,#2464,.T.);
#2464 = LINE('',#2465,#2466);
#2465 = CARTESIAN_POINT('',(-19.05,34.5,5.));
#2466 = VECTOR('',#2467,1.);
#2467 = DIRECTION('',(1.,0.,0.));
#2468 = ORIENTED_EDGE('',*,*,#650,.T.);
#2469 = ORIENTED_EDGE('',*,*,#2431,.F.);
#2470 = PLANE('',#2471);
#2471 = AXIS2_PLACEMENT_3D('',#2472,#2473,#2474);
#2472 = CARTESIAN_POINT('',(2.2E-16,44.820089316694,5.));
#2473 = DIRECTION('',(0.,0.,1.));
#2474 = DIRECTION('',(1.,0.,0.));
#2475 = ADVANCED_FACE('',(#2476),#2494,.F.);
#2476 = FACE_BOUND('',#2477,.F.);
#2477 = EDGE_LOOP('',(#2478,#2479,#2480,#2488));
#2478 = ORIENTED_EDGE('',*,*,#2463,.F.);
#2479 = ORIENTED_EDGE('',*,*,#642,.T.);
#2480 = ORIENTED_EDGE('',*,*,#2481,.T.);
#2481 = EDGE_CURVE('',#635,#2482,#2484,.T.);
#2482 = VERTEX_POINT('',#2483);
#2483 = CARTESIAN_POINT('',(-6.35,34.5,3.));
#2484 = LINE('',#2485,#2486);
#2485 = CARTESIAN_POINT('',(-19.05,34.5,3.));
#2486 = VECTOR('',#2487,1.);
#2487 = DIRECTION('',(1.,0.,0.));
#2488 = ORIENTED_EDGE('',*,*,#2489,.T.);
#2489 = EDGE_CURVE('',#2482,#2456,#2490,.T.);
#2490 = LINE('',#2491,#2492);
#2491 = CARTESIAN_POINT('',(-6.35,34.5,5.));
#2492 = VECTOR('',#2493,1.);
#2493 = DIRECTION('',(0.,0.,1.));
#2494 = PLANE('',#2495);
#2495 = AXIS2_PLACEMENT_3D('',#2496,#2497,#2498);
#2496 = CARTESIAN_POINT('',(-19.05,34.5,5.));
#2497 = DIRECTION('',(0.,-1.,0.));
#2498 = DIRECTION('',(1.,0.,0.));
#2499 = ADVANCED_FACE('',(#2500),#2518,.T.);
#2500 = FACE_BOUND('',#2501,.T.);
#2501 = EDGE_LOOP('',(#2502,#2503,#2504,#2512));
#2502 = ORIENTED_EDGE('',*,*,#634,.T.);
#2503 = ORIENTED_EDGE('',*,*,#2481,.T.);
#2504 = ORIENTED_EDGE('',*,*,#2505,.T.);
#2505 = EDGE_CURVE('',#2482,#2506,#2508,.T.);
#2506 = VERTEX_POINT('',#2507);
#2507 = CARTESIAN_POINT('',(-6.35,35.5,3.));
#2508 = LINE('',#2509,#2510);
#2509 = CARTESIAN_POINT('',(-6.35,71.5,3.));
#2510 = VECTOR('',#2511,1.);
#2511 = DIRECTION('',(0.,1.,0.));
#2512 = ORIENTED_EDGE('',*,*,#2513,.T.);
#2513 = EDGE_CURVE('',#2506,#627,#2514,.T.);
#2514 = LINE('',#2515,#2516);
#2515 = CARTESIAN_POINT('',(19.05,35.5,3.));
#2516 = VECTOR('',#2517,1.);
#2517 = DIRECTION('',(-1.,0.,0.));
#2518 = PLANE('',#2519);
#2519 = AXIS2_PLACEMENT_3D('',#2520,#2521,#2522);
#2520 = CARTESIAN_POINT('',(1.8E-16,35.,3.));
#2521 = DIRECTION('',(0.,0.,1.));
#2522 = DIRECTION('',(1.,0.,0.));
#2523 = ADVANCED_FACE('',(#2524),#2542,.F.);
#2524 = FACE_BOUND('',#2525,.F.);
#2525 = EDGE_LOOP('',(#2526,#2534,#2540,#2541));
#2526 = ORIENTED_EDGE('',*,*,#2527,.F.);
#2527 = EDGE_CURVE('',#2528,#619,#2530,.T.);
#2528 = VERTEX_POINT('',#2529);
#2529 = CARTESIAN_POINT('',(-6.35,35.5,5.));
#2530 = LINE('',#2531,#2532);
#2531 = CARTESIAN_POINT('',(19.05,35.5,5.));
#2532 = VECTOR('',#2533,1.);
#2533 = DIRECTION('',(-1.,0.,0.));
#2534 = ORIENTED_EDGE('',*,*,#2535,.T.);
#2535 = EDGE_CURVE('',#2528,#2506,#2536,.T.);
#2536 = LINE('',#2537,#2538);
#2537 = CARTESIAN_POINT('',(-6.35,35.5,5.));
#2538 = VECTOR('',#2539,1.);
#2539 = DIRECTION('',(0.,0.,-1.));
#2540 = ORIENTED_EDGE('',*,*,#2513,.T.);
#2541 = ORIENTED_EDGE('',*,*,#626,.T.);
#2542 = PLANE('',#2543);
#2543 = AXIS2_PLACEMENT_3D('',#2544,#2545,#2546);
#2544 = CARTESIAN_POINT('',(19.05,35.5,5.));
#2545 = DIRECTION('',(0.,1.,0.));
#2546 = DIRECTION('',(-1.,0.,0.));
#2547 = ADVANCED_FACE('',(#2548),#2566,.T.);
#2548 = FACE_BOUND('',#2549,.T.);
#2549 = EDGE_LOOP('',(#2550,#2558,#2564,#2565));
#2550 = ORIENTED_EDGE('',*,*,#2551,.F.);
#2551 = EDGE_CURVE('',#2552,#2528,#2554,.T.);
#2552 = VERTEX_POINT('',#2553);
#2553 = CARTESIAN_POINT('',(-6.35,39.5,5.));
#2554 = LINE('',#2555,#2556);
#2555 = CARTESIAN_POINT('',(-6.35,108.,5.));
#2556 = VECTOR('',#2557,1.);
#2557 = DIRECTION('',(0.,-1.,0.));
#2558 = ORIENTED_EDGE('',*,*,#2559,.F.);
#2559 = EDGE_CURVE('',#611,#2552,#2560,.T.);
#2560 = LINE('',#2561,#2562);
#2561 = CARTESIAN_POINT('',(-19.05,39.5,5.));
#2562 = VECTOR('',#2563,1.);
#2563 = DIRECTION('',(1.,0.,0.));
#2564 = ORIENTED_EDGE('',*,*,#618,.T.);
#2565 = ORIENTED_EDGE('',*,*,#2527,.F.);
#2566 = PLANE('',#2567);
#2567 = AXIS2_PLACEMENT_3D('',#2568,#2569,#2570);
#2568 = CARTESIAN_POINT('',(2.2E-16,44.820089316694,5.));
#2569 = DIRECTION('',(0.,0.,1.));
#2570 = DIRECTION('',(1.,0.,0.));
#2571 = ADVANCED_FACE('',(#2572),#2590,.F.);
#2572 = FACE_BOUND('',#2573,.F.);
#2573 = EDGE_LOOP('',(#2574,#2575,#2576,#2584));
#2574 = ORIENTED_EDGE('',*,*,#2559,.F.);
#2575 = ORIENTED_EDGE('',*,*,#610,.T.);
#2576 = ORIENTED_EDGE('',*,*,#2577,.T.);
#2577 = EDGE_CURVE('',#603,#2578,#2580,.T.);
#2578 = VERTEX_POINT('',#2579);
#2579 = CARTESIAN_POINT('',(-6.35,39.5,3.));
#2580 = LINE('',#2581,#2582);
#2581 = CARTESIAN_POINT('',(-19.05,39.5,3.));
#2582 = VECTOR('',#2583,1.);
#2583 = DIRECTION('',(1.,0.,0.));
#2584 = ORIENTED_EDGE('',*,*,#2585,.T.);
#2585 = EDGE_CURVE('',#2578,#2552,#2586,.T.);
#2586 = LINE('',#2587,#2588);
#2587 = CARTESIAN_POINT('',(-6.35,39.5,5.));
#2588 = VECTOR('',#2589,1.);
#2589 = DIRECTION('',(0.,0.,1.));
#2590 = PLANE('',#2591);
#2591 = AXIS2_PLACEMENT_3D('',#2592,#2593,#2594);
#2592 = CARTESIAN_POINT('',(-19.05,39.5,5.));
#2593 = DIRECTION('',(0.,-1.,0.));
#2594 = DIRECTION('',(1.,0.,0.));
#2595 = ADVANCED_FACE('',(#2596),#2614,.T.);
#2596 = FACE_BOUND('',#2597,.T.);
#2597 = EDGE_LOOP('',(#2598,#2599,#2600,#2608));
#2598 = ORIENTED_EDGE('',*,*,#602,.T.);
#2599 = ORIENTED_EDGE('',*,*,#2577,.T.);
#2600 = ORIENTED_EDGE('',*,*,#2601,.T.);
#2601 = EDGE_CURVE('',#2578,#2602,#2604,.T.);
#2602 = VERTEX_POINT('',#2603);
#2603 = CARTESIAN_POINT('',(-6.35,40.5,3.));
#2604 = LINE('',#2605,#2606);
#2605 = CARTESIAN_POINT('',(-6.35,74.,3.));
#2606 = VECTOR('',#2607,1.);
#2607 = DIRECTION('',(0.,1.,0.));
#2608 = ORIENTED_EDGE('',*,*,#2609,.T.);
#2609 = EDGE_CURVE('',#2602,#595,#2610,.T.);
#2610 = LINE('',#2611,#2612);
#2611 = CARTESIAN_POINT('',(19.05,40.5,3.));
#2612 = VECTOR('',#2613,1.);
#2613 = DIRECTION('',(-1.,0.,0.));
#2614 = PLANE('',#2615);
#2615 = AXIS2_PLACEMENT_3D('',#2616,#2617,#2618);
#2616 = CARTESIAN_POINT('',(1.8E-16,40.,3.));
#2617 = DIRECTION('',(0.,0.,1.));
#2618 = DIRECTION('',(1.,0.,0.));
#2619 = ADVANCED_FACE('',(#2620),#2638,.F.);
#2620 = FACE_BOUND('',#2621,.F.);
#2621 = EDGE_LOOP('',(#2622,#2630,#2636,#2637));
#2622 = ORIENTED_EDGE('',*,*,#2623,.F.);
#2623 = EDGE_CURVE('',#2624,#587,#2626,.T.);
#2624 = VERTEX_POINT('',#2625);
#2625 = CARTESIAN_POINT('',(-6.35,40.5,5.));
#2626 = LINE('',#2627,#2628);
#2627 = CARTESIAN_POINT('',(19.05,40.5,5.));
#2628 = VECTOR('',#2629,1.);
#2629 = DIRECTION('',(-1.,0.,0.));
#2630 = ORIENTED_EDGE('',*,*,#2631,.T.);
#2631 = EDGE_CURVE('',#2624,#2602,#2632,.T.);
#2632 = LINE('',#2633,#2634);
#2633 = CARTESIAN_POINT('',(-6.35,40.5,5.));
#2634 = VECTOR('',#2635,1.);
#2635 = DIRECTION('',(0.,0.,-1.));
#2636 = ORIENTED_EDGE('',*,*,#2609,.T.);
#2637 = ORIENTED_EDGE('',*,*,#594,.T.);
#2638 = PLANE('',#2639);
#2639 = AXIS2_PLACEMENT_3D('',#2640,#2641,#2642);
#2640 = CARTESIAN_POINT('',(19.05,40.5,5.));
#2641 = DIRECTION('',(0.,1.,0.));
#2642 = DIRECTION('',(-1.,0.,0.));
#2643 = ADVANCED_FACE('',(#2644),#2662,.T.);
#2644 = FACE_BOUND('',#2645,.T.);
#2645 = EDGE_LOOP('',(#2646,#2654,#2660,#2661));
#2646 = ORIENTED_EDGE('',*,*,#2647,.F.);
#2647 = EDGE_CURVE('',#2648,#2624,#2650,.T.);
#2648 = VERTEX_POINT('',#2649);
#2649 = CARTESIAN_POINT('',(-6.35,44.5,5.));
#2650 = LINE('',#2651,#2652);
#2651 = CARTESIAN_POINT('',(-6.35,108.,5.));
#2652 = VECTOR('',#2653,1.);
#2653 = DIRECTION('',(0.,-1.,0.));
#2654 = ORIENTED_EDGE('',*,*,#2655,.F.);
#2655 = EDGE_CURVE('',#579,#2648,#2656,.T.);
#2656 = LINE('',#2657,#2658);
#2657 = CARTESIAN_POINT('',(-19.05,44.5,5.));
#2658 = VECTOR('',#2659,1.);
#2659 = DIRECTION('',(1.,0.,0.));
#2660 = ORIENTED_EDGE('',*,*,#586,.T.);
#2661 = ORIENTED_EDGE('',*,*,#2623,.F.);
#2662 = PLANE('',#2663);
#2663 = AXIS2_PLACEMENT_3D('',#2664,#2665,#2666);
#2664 = CARTESIAN_POINT('',(2.2E-16,44.820089316694,5.));
#2665 = DIRECTION('',(0.,0.,1.));
#2666 = DIRECTION('',(1.,0.,0.));
#2667 = ADVANCED_FACE('',(#2668),#2686,.F.);
#2668 = FACE_BOUND('',#2669,.F.);
#2669 = EDGE_LOOP('',(#2670,#2671,#2672,#2680));
#2670 = ORIENTED_EDGE('',*,*,#2655,.F.);
#2671 = ORIENTED_EDGE('',*,*,#578,.T.);
#2672 = ORIENTED_EDGE('',*,*,#2673,.T.);
#2673 = EDGE_CURVE('',#571,#2674,#2676,.T.);
#2674 = VERTEX_POINT('',#2675);
#2675 = CARTESIAN_POINT('',(-6.35,44.5,3.));
#2676 = LINE('',#2677,#2678);
#2677 = CARTESIAN_POINT('',(-19.05,44.5,3.));
#2678 = VECTOR('',#2679,1.);
#2679 = DIRECTION('',(1.,0.,0.));
#2680 = ORIENTED_EDGE('',*,*,#2681,.T.);
#2681 = EDGE_CURVE('',#2674,#2648,#2682,.T.);
#2682 = LINE('',#2683,#2684);
#2683 = CARTESIAN_POINT('',(-6.35,44.5,5.));
#2684 = VECTOR('',#2685,1.);
#2685 = DIRECTION('',(0.,0.,1.));
#2686 = PLANE('',#2687);
#2687 = AXIS2_PLACEMENT_3D('',#2688,#2689,#2690);
#2688 = CARTESIAN_POINT('',(-19.05,44.5,5.));
#2689 = DIRECTION('',(0.,-1.,0.));
#2690 = DIRECTION('',(1.,0.,0.));
#2691 = ADVANCED_FACE('',(#2692),#2710,.T.);
#2692 = FACE_BOUND('',#2693,.T.);
#2693 = EDGE_LOOP('',(#2694,#2695,#2696,#2704));
#2694 = ORIENTED_EDGE('',*,*,#570,.T.);
#2695 = ORIENTED_EDGE('',*,*,#2673,.T.);
#2696 = ORIENTED_EDGE('',*,*,#2697,.T.);
#2697 = EDGE_CURVE('',#2674,#2698,#2700,.T.);
#2698 = VERTEX_POINT('',#2699);
#2699 = CARTESIAN_POINT('',(-6.35,45.5,3.));
#2700 = LINE('',#2701,#2702);
#2701 = CARTESIAN_POINT('',(-6.35,76.5,3.));
#2702 = VECTOR('',#2703,1.);
#2703 = DIRECTION('',(0.,1.,0.));
#2704 = ORIENTED_EDGE('',*,*,#2705,.T.);
#2705 = EDGE_CURVE('',#2698,#563,#2706,.T.);
#2706 = LINE('',#2707,#2708);
#2707 = CARTESIAN_POINT('',(19.05,45.5,3.));
#2708 = VECTOR('',#2709,1.);
#2709 = DIRECTION('',(-1.,0.,0.));
#2710 = PLANE('',#2711);
#2711 = AXIS2_PLACEMENT_3D('',#2712,#2713,#2714);
#2712 = CARTESIAN_POINT('',(1.8E-16,45.,3.));
#2713 = DIRECTION('',(0.,0.,1.));
#2714 = DIRECTION('',(1.,0.,0.));
#2715 = ADVANCED_FACE('',(#2716),#2734,.F.);
#2716 = FACE_BOUND('',#2717,.F.);
#2717 = EDGE_LOOP('',(#2718,#2726,#2732,#2733));
#2718 = ORIENTED_EDGE('',*,*,#2719,.F.);
#2719 = EDGE_CURVE('',#2720,#555,#2722,.T.);
#2720 = VERTEX_POINT('',#2721);
#2721 = CARTESIAN_POINT('',(-6.35,45.5,5.));
#2722 = LINE('',#2723,#2724);
#2723 = CARTESIAN_POINT('',(19.05,45.5,5.));
#2724 = VECTOR('',#2725,1.);
#2725 = DIRECTION('',(-1.,0.,0.));
#2726 = ORIENTED_EDGE('',*,*,#2727,.T.);
#2727 = EDGE_CURVE('',#2720,#2698,#2728,.T.);
#2728 = LINE('',#2729,#2730);
#2729 = CARTESIAN_POINT('',(-6.35,45.5,5.));
#2730 = VECTOR('',#2731,1.);
#2731 = DIRECTION('',(0.,0.,-1.));
#2732 = ORIENTED_EDGE('',*,*,#2705,.T.);
#2733 = ORIENTED_EDGE('',*,*,#562,.T.);
#2734 = PLANE('',#2735);
#2735 = AXIS2_PLACEMENT_3D('',#2736,#2737,#2738);
#2736 = CARTESIAN_POINT('',(19.05,45.5,5.));
#2737 = DIRECTION('',(0.,1.,0.));
#2738 = DIRECTION('',(-1.,0.,0.));
#2739 = ADVANCED_FACE('',(#2740),#2758,.T.);
#2740 = FACE_BOUND('',#2741,.T.);
#2741 = EDGE_LOOP('',(#2742,#2750,#2756,#2757));
#2742 = ORIENTED_EDGE('',*,*,#2743,.F.);
#2743 = EDGE_CURVE('',#2744,#2720,#2746,.T.);
#2744 = VERTEX_POINT('',#2745);
#2745 = CARTESIAN_POINT('',(-6.35,49.5,5.));
#2746 = LINE('',#2747,#2748);
#2747 = CARTESIAN_POINT('',(-6.35,108.,5.));
#2748 = VECTOR('',#2749,1.);
#2749 = DIRECTION('',(0.,-1.,0.));
#2750 = ORIENTED_EDGE('',*,*,#2751,.F.);
#2751 = EDGE_CURVE('',#547,#2744,#2752,.T.);
#2752 = LINE('',#2753,#2754);
#2753 = CARTESIAN_POINT('',(-19.05,49.5,5.));
#2754 = VECTOR('',#2755,1.);
#2755 = DIRECTION('',(1.,0.,0.));
#2756 = ORIENTED_EDGE('',*,*,#554,.T.);
#2757 = ORIENTED_EDGE('',*,*,#2719,.F.);
#2758 = PLANE('',#2759);
#2759 = AXIS2_PLACEMENT_3D('',#2760,#2761,#2762);
#2760 = CARTESIAN_POINT('',(2.2E-16,44.820089316694,5.));
#2761 = DIRECTION('',(0.,0.,1.));
#2762 = DIRECTION('',(1.,0.,0.));
#2763 = ADVANCED_FACE('',(#2764),#2782,.F.);
#2764 = FACE_BOUND('',#2765,.F.);
#2765 = EDGE_LOOP('',(#2766,#2767,#2768,#2776));
#2766 = ORIENTED_EDGE('',*,*,#2751,.F.);
#2767 = ORIENTED_EDGE('',*,*,#546,.T.);
#2768 = ORIENTED_EDGE('',*,*,#2769,.T.);
#2769 = EDGE_CURVE('',#539,#2770,#2772,.T.);
#2770 = VERTEX_POINT('',#2771);
#2771 = CARTESIAN_POINT('',(-6.35,49.5,3.));
#2772 = LINE('',#2773,#2774);
#2773 = CARTESIAN_POINT('',(-19.05,49.5,3.));
#2774 = VECTOR('',#2775,1.);
#2775 = DIRECTION('',(1.,0.,0.));
#2776 = ORIENTED_EDGE('',*,*,#2777,.T.);
#2777 = EDGE_CURVE('',#2770,#2744,#2778,.T.);
#2778 = LINE('',#2779,#2780);
#2779 = CARTESIAN_POINT('',(-6.35,49.5,5.));
#2780 = VECTOR('',#2781,1.);
#2781 = DIRECTION('',(0.,0.,1.));
#2782 = PLANE('',#2783);
#2783 = AXIS2_PLACEMENT_3D('',#2784,#2785,#2786);
#2784 = CARTESIAN_POINT('',(-19.05,49.5,5.));
#2785 = DIRECTION('',(0.,-1.,0.));
#2786 = DIRECTION('',(1.,0.,0.));
#2787 = ADVANCED_FACE('',(#2788),#2806,.T.);
#2788 = FACE_BOUND('',#2789,.T.);
#2789 = EDGE_LOOP('',(#2790,#2791,#2792,#2800));
#2790 = ORIENTED_EDGE('',*,*,#538,.T.);
#2791 = ORIENTED_EDGE('',*,*,#2769,.T.);
#2792 = ORIENTED_EDGE('',*,*,#2793,.T.);
#2793 = EDGE_CURVE('',#2770,#2794,#2796,.T.);
#2794 = VERTEX_POINT('',#2795);
#2795 = CARTESIAN_POINT('',(-6.35,50.5,3.));
#2796 = LINE('',#2797,#2798);
#2797 = CARTESIAN_POINT('',(-6.35,79.,3.));
#2798 = VECTOR('',#2799,1.);
#2799 = DIRECTION('',(0.,1.,0.));
#2800 = ORIENTED_EDGE('',*,*,#2801,.T.);
#2801 = EDGE_CURVE('',#2794,#531,#2802,.T.);
#2802 = LINE('',#2803,#2804);
#2803 = CARTESIAN_POINT('',(19.05,50.5,3.));
#2804 = VECTOR('',#2805,1.);
#2805 = DIRECTION('',(-1.,0.,0.));
#2806 = PLANE('',#2807);
#2807 = AXIS2_PLACEMENT_3D('',#2808,#2809,#2810);
#2808 = CARTESIAN_POINT('',(1.8E-16,50.,3.));
#2809 = DIRECTION('',(0.,0.,1.));
#2810 = DIRECTION('',(1.,0.,0.));
#2811 = ADVANCED_FACE('',(#2812),#2830,.F.);
#2812 = FACE_BOUND('',#2813,.F.);
#2813 = EDGE_LOOP('',(#2814,#2822,#2828,#2829));
#2814 = ORIENTED_EDGE('',*,*,#2815,.F.);
#2815 = EDGE_CURVE('',#2816,#523,#2818,.T.);
#2816 = VERTEX_POINT('',#2817);
#2817 = CARTESIAN_POINT('',(-6.35,50.5,5.));
#2818 = LINE('',#2819,#2820);
#2819 = CARTESIAN_POINT('',(19.05,50.5,5.));
#2820 = VECTOR('',#2821,1.);
#2821 = DIRECTION('',(-1.,0.,0.));
#2822 = ORIENTED_EDGE('',*,*,#2823,.T.);
#2823 = EDGE_CURVE('',#2816,#2794,#2824,.T.);
#2824 = LINE('',#2825,#2826);
#2825 = CARTESIAN_POINT('',(-6.35,50.5,5.));
#2826 = VECTOR('',#2827,1.);
#2827 = DIRECTION('',(0.,0.,-1.));
#2828 = ORIENTED_EDGE('',*,*,#2801,.T.);
#2829 = ORIENTED_EDGE('',*,*,#530,.T.);
#2830 = PLANE('',#2831);
#2831 = AXIS2_PLACEMENT_3D('',#2832,#2833,#2834);
#2832 = CARTESIAN_POINT('',(19.05,50.5,5.));
#2833 = DIRECTION('',(0.,1.,0.));
#2834 = DIRECTION('',(-1.,0.,0.));
#2835 = ADVANCED_FACE('',(#2836),#2854,.T.);
#2836 = FACE_BOUND('',#2837,.T.);
#2837 = EDGE_LOOP('',(#2838,#2846,#2852,#2853));
#2838 = ORIENTED_EDGE('',*,*,#2839,.F.);
#2839 = EDGE_CURVE('',#2840,#2816,#2842,.T.);
#2840 = VERTEX_POINT('',#2841);
#2841 = CARTESIAN_POINT('',(-6.35,54.5,5.));
#2842 = LINE('',#2843,#2844);
#2843 = CARTESIAN_POINT('',(-6.35,108.,5.));
#2844 = VECTOR('',#2845,1.);
#2845 = DIRECTION('',(0.,-1.,0.));
#2846 = ORIENTED_EDGE('',*,*,#2847,.F.);
#2847 = EDGE_CURVE('',#515,#2840,#2848,.T.);
#2848 = LINE('',#2849,#2850);
#2849 = CARTESIAN_POINT('',(-19.05,54.5,5.));
#2850 = VECTOR('',#2851,1.);
#2851 = DIRECTION('',(1.,0.,0.));
#2852 = ORIENTED_EDGE('',*,*,#522,.T.);
#2853 = ORIENTED_EDGE('',*,*,#2815,.F.);
#2854 = PLANE('',#2855);
#2855 = AXIS2_PLACEMENT_3D('',#2856,#2857,#2858);
#2856 = CARTESIAN_POINT('',(2.2E-16,44.820089316694,5.));
#2857 = DIRECTION('',(0.,0.,1.));
#2858 = DIRECTION('',(1.,0.,0.));
#2859 = ADVANCED_FACE('',(#2860),#2878,.F.);
#2860 = FACE_BOUND('',#2861,.F.);
#2861 = EDGE_LOOP('',(#2862,#2863,#2864,#2872));
#2862 = ORIENTED_EDGE('',*,*,#2847,.F.);
#2863 = ORIENTED_EDGE('',*,*,#514,.T.);
#2864 = ORIENTED_EDGE('',*,*,#2865,.T.);
#2865 = EDGE_CURVE('',#507,#2866,#2868,.T.);
#2866 = VERTEX_POINT('',#2867);
#2867 = CARTESIAN_POINT('',(-6.35,54.5,3.));
#2868 = LINE('',#2869,#2870);
#2869 = CARTESIAN_POINT('',(-19.05,54.5,3.));
#2870 = VECTOR('',#2871,1.);
#2871 = DIRECTION('',(1.,0.,0.));
#2872 = ORIENTED_EDGE('',*,*,#2873,.T.);
#2873 = EDGE_CURVE('',#2866,#2840,#2874,.T.);
#2874 = LINE('',#2875,#2876);
#2875 = CARTESIAN_POINT('',(-6.35,54.5,5.));
#2876 = VECTOR('',#2877,1.);
#2877 = DIRECTION('',(0.,0.,1.));
#2878 = PLANE('',#2879);
#2879 = AXIS2_PLACEMENT_3D('',#2880,#2881,#2882);
#2880 = CARTESIAN_POINT('',(-19.05,54.5,5.));
#2881 = DIRECTION('',(0.,-1.,0.));
#2882 = DIRECTION('',(1.,0.,0.));
#2883 = ADVANCED_FACE('',(#2884),#2902,.T.);
#2884 = FACE_BOUND('',#2885,.T.);
#2885 = EDGE_LOOP('',(#2886,#2887,#2888,#2896));
#2886 = ORIENTED_EDGE('',*,*,#506,.T.);
#2887 = ORIENTED_EDGE('',*,*,#2865,.T.);
#2888 = ORIENTED_EDGE('',*,*,#2889,.T.);
#2889 = EDGE_CURVE('',#2866,#2890,#2892,.T.);
#2890 = VERTEX_POINT('',#2891);
#2891 = CARTESIAN_POINT('',(-6.35,55.5,3.));
#2892 = LINE('',#2893,#2894);
#2893 = CARTESIAN_POINT('',(-6.35,81.5,3.));
#2894 = VECTOR('',#2895,1.);
#2895 = DIRECTION('',(0.,1.,0.));
#2896 = ORIENTED_EDGE('',*,*,#2897,.T.);
#2897 = EDGE_CURVE('',#2890,#499,#2898,.T.);
#2898 = LINE('',#2899,#2900);
#2899 = CARTESIAN_POINT('',(19.05,55.5,3.));
#2900 = VECTOR('',#2901,1.);
#2901 = DIRECTION('',(-1.,0.,0.));
#2902 = PLANE('',#2903);
#2903 = AXIS2_PLACEMENT_3D('',#2904,#2905,#2906);
#2904 = CARTESIAN_POINT('',(1.8E-16,55.,3.));
#2905 = DIRECTION('',(0.,0.,1.));
#2906 = DIRECTION('',(1.,0.,0.));
#2907 = ADVANCED_FACE('',(#2908),#2926,.F.);
#2908 = FACE_BOUND('',#2909,.F.);
#2909 = EDGE_LOOP('',(#2910,#2918,#2924,#2925));
#2910 = ORIENTED_EDGE('',*,*,#2911,.F.);
#2911 = EDGE_CURVE('',#2912,#491,#2914,.T.);
#2912 = VERTEX_POINT('',#2913);
#2913 = CARTESIAN_POINT('',(-6.35,55.5,5.));
#2914 = LINE('',#2915,#2916);
#2915 = CARTESIAN_POINT('',(19.05,55.5,5.));
#2916 = VECTOR('',#2917,1.);
#2917 = DIRECTION('',(-1.,0.,0.));
#2918 = ORIENTED_EDGE('',*,*,#2919,.T.);
#2919 = EDGE_CURVE('',#2912,#2890,#2920,.T.);
#2920 = LINE('',#2921,#2922);
#2921 = CARTESIAN_POINT('',(-6.35,55.5,5.));
#2922 = VECTOR('',#2923,1.);
#2923 = DIRECTION('',(0.,0.,-1.));
#2924 = ORIENTED_EDGE('',*,*,#2897,.T.);
#2925 = ORIENTED_EDGE('',*,*,#498,.T.);
#2926 = PLANE('',#2927);
#2927 = AXIS2_PLACEMENT_3D('',#2928,#2929,#2930);
#2928 = CARTESIAN_POINT('',(19.05,55.5,5.));
#2929 = DIRECTION('',(0.,1.,0.));
#2930 = DIRECTION('',(-1.,0.,0.));
#2931 = ADVANCED_FACE('',(#2932),#2950,.T.);
#2932 = FACE_BOUND('',#2933,.T.);
#2933 = EDGE_LOOP('',(#2934,#2942,#2948,#2949));
#2934 = ORIENTED_EDGE('',*,*,#2935,.F.);
#2935 = EDGE_CURVE('',#2936,#2912,#2938,.T.);
#2936 = VERTEX_POINT('',#2937);
#2937 = CARTESIAN_POINT('',(-6.35,59.5,5.));
#2938 = LINE('',#2939,#2940);
#2939 = CARTESIAN_POINT('',(-6.35,108.,5.));
#2940 = VECTOR('',#2941,1.);
#2941 = DIRECTION('',(0.,-1.,0.));
#2942 = ORIENTED_EDGE('',*,*,#2943,.F.);
#2943 = EDGE_CURVE('',#483,#2936,#2944,.T.);
#2944 = LINE('',#2945,#2946);
#2945 = CARTESIAN_POINT('',(-19.05,59.5,5.));
#2946 = VECTOR('',#2947,1.);
#2947 = DIRECTION('',(1.,0.,0.));
#2948 = ORIENTED_EDGE('',*,*,#490,.T.);
#2949 = ORIENTED_EDGE('',*,*,#2911,.F.);
#2950 = PLANE('',#2951);
#2951 = AXIS2_PLACEMENT_3D('',#2952,#2953,#2954);
#2952 = CARTESIAN_POINT('',(2.2E-16,44.820089316694,5.));
#2953 = DIRECTION('',(0.,0.,1.));
#2954 = DIRECTION('',(1.,0.,0.));
#2955 = ADVANCED_FACE('',(#2956),#2974,.F.);
#2956 = FACE_BOUND('',#2957,.F.);
#2957 = EDGE_LOOP('',(#2958,#2959,#2960,#2968));
#2958 = ORIENTED_EDGE('',*,*,#2943,.F.);
#2959 = ORIENTED_EDGE('',*,*,#482,.T.);
#2960 = ORIENTED_EDGE('',*,*,#2961,.T.);
#2961 = EDGE_CURVE('',#475,#2962,#2964,.T.);
#2962 = VERTEX_POINT('',#2963);
#2963 = CARTESIAN_POINT('',(-6.35,59.5,3.));
#2964 = LINE('',#2965,#2966);
#2965 = CARTESIAN_POINT('',(-19.05,59.5,3.));
#2966 = VECTOR('',#2967,1.);
#2967 = DIRECTION('',(1.,0.,0.));
#2968 = ORIENTED_EDGE('',*,*,#2969,.T.);
#2969 = EDGE_CURVE('',#2962,#2936,#2970,.T.);
#2970 = LINE('',#2971,#2972);
#2971 = CARTESIAN_POINT('',(-6.35,59.5,5.));
#2972 = VECTOR('',#2973,1.);
#2973 = DIRECTION('',(0.,0.,1.));
#2974 = PLANE('',#2975);
#2975 = AXIS2_PLACEMENT_3D('',#2976,#2977,#2978);
#2976 = CARTESIAN_POINT('',(-19.05,59.5,5.));
#2977 = DIRECTION('',(0.,-1.,0.));
#2978 = DIRECTION('',(1.,0.,0.));
#2979 = ADVANCED_FACE('',(#2980),#2998,.T.);
#2980 = FACE_BOUND('',#2981,.T.);
#2981 = EDGE_LOOP('',(#2982,#2983,#2984,#2992));
#2982 = ORIENTED_EDGE('',*,*,#474,.T.);
#2983 = ORIENTED_EDGE('',*,*,#2961,.T.);
#2984 = ORIENTED_EDGE('',*,*,#2985,.T.);
#2985 = EDGE_CURVE('',#2962,#2986,#2988,.T.);
#2986 = VERTEX_POINT('',#2987);
#2987 = CARTESIAN_POINT('',(-6.35,60.5,3.));
#2988 = LINE('',#2989,#2990);
#2989 = CARTESIAN_POINT('',(-6.35,84.,3.));
#2990 = VECTOR('',#2991,1.);
#2991 = DIRECTION('',(0.,1.,0.));
#2992 = ORIENTED_EDGE('',*,*,#2993,.T.);
#2993 = EDGE_CURVE('',#2986,#467,#2994,.T.);
#2994 = LINE('',#2995,#2996);
#2995 = CARTESIAN_POINT('',(19.05,60.5,3.));
#2996 = VECTOR('',#2997,1.);
#2997 = DIRECTION('',(-1.,0.,0.));
#2998 = PLANE('',#2999);
#2999 = AXIS2_PLACEMENT_3D('',#3000,#3001,#3002);
#3000 = CARTESIAN_POINT('',(1.8E-16,60.,3.));
#3001 = DIRECTION('',(0.,0.,1.));
#3002 = DIRECTION('',(1.,0.,0.));
#3003 = ADVANCED_FACE('',(#3004),#3022,.F.);
#3004 = FACE_BOUND('',#3005,.F.);
#3005 = EDGE_LOOP('',(#3006,#3014,#3020,#3021));
#3006 = ORIENTED_EDGE('',*,*,#3007,.F.);
#3007 = EDGE_CURVE('',#3008,#459,#3010,.T.);
#3008 = VERTEX_POINT('',#3009);
#3009 = CARTESIAN_POINT('',(-6.35,60.5,5.));
#3010 = LINE('',#3011,#3012);
#3011 = CARTESIAN_POINT('',(19.05,60.5,5.));
#3012 = VECTOR('',#3013,1.);
#3013 = DIRECTION('',(-1.,0.,0.));
#3014 = ORIENTED_EDGE('',*,*,#3015,.T.);
#3015 = EDGE_CURVE('',#3008,#2986,#3016,.T.);
#3016 = LINE('',#3017,#3018);
#3017 = CARTESIAN_POINT('',(-6.35,60.5,5.));
#3018 = VECTOR('',#3019,1.);
#3019 = DIRECTION('',(0.,0.,-1.));
#3020 = ORIENTED_EDGE('',*,*,#2993,.T.);
#3021 = ORIENTED_EDGE('',*,*,#466,.T.);
#3022 = PLANE('',#3023);
#3023 = AXIS2_PLACEMENT_3D('',#3024,#3025,#3026);
#3024 = CARTESIAN_POINT('',(19.05,60.5,5.));
#3025 = DIRECTION('',(0.,1.,0.));
#3026 = DIRECTION('',(-1.,0.,0.));
#3027 = ADVANCED_FACE('',(#3028),#3046,.T.);
#3028 = FACE_BOUND('',#3029,.T.);
#3029 = EDGE_LOOP('',(#3030,#3038,#3044,#3045));
#3030 = ORIENTED_EDGE('',*,*,#3031,.F.);
#3031 = EDGE_CURVE('',#3032,#3008,#3034,.T.);
#3032 = VERTEX_POINT('',#3033);
#3033 = CARTESIAN_POINT('',(-6.35,64.5,5.));
#3034 = LINE('',#3035,#3036);
#3035 = CARTESIAN_POINT('',(-6.35,108.,5.));
#3036 = VECTOR('',#3037,1.);
#3037 = DIRECTION('',(0.,-1.,0.));
#3038 = ORIENTED_EDGE('',*,*,#3039,.F.);
#3039 = EDGE_CURVE('',#451,#3032,#3040,.T.);
#3040 = LINE('',#3041,#3042);
#3041 = CARTESIAN_POINT('',(-19.05,64.5,5.));
#3042 = VECTOR('',#3043,1.);
#3043 = DIRECTION('',(1.,0.,0.));
#3044 = ORIENTED_EDGE('',*,*,#458,.T.);
#3045 = ORIENTED_EDGE('',*,*,#3007,.F.);
#3046 = PLANE('',#3047);
#3047 = AXIS2_PLACEMENT_3D('',#3048,#3049,#3050);
#3048 = CARTESIAN_POINT('',(2.2E-16,44.820089316694,5.));
#3049 = DIRECTION('',(0.,0.,1.));
#3050 = DIRECTION('',(1.,0.,0.));
#3051 = ADVANCED_FACE('',(#3052),#3070,.F.);
#3052 = FACE_BOUND('',#3053,.F.);
#3053 = EDGE_LOOP('',(#3054,#3055,#3056,#3064));
#3054 = ORIENTED_EDGE('',*,*,#3039,.F.);
#3055 = ORIENTED_EDGE('',*,*,#450,.T.);
#3056 = ORIENTED_EDGE('',*,*,#3057,.T.);
#3057 = EDGE_CURVE('',#443,#3058,#3060,.T.);
#3058 = VERTEX_POINT('',#3059);
#3059 = CARTESIAN_POINT('',(-6.35,64.5,3.));
#3060 = LINE('',#3061,#3062);
#3061 = CARTESIAN_POINT('',(-19.05,64.5,3.));
#3062 = VECTOR('',#3063,1.);
#3063 = DIRECTION('',(1.,0.,0.));
#3064 = ORIENTED_EDGE('',*,*,#3065,.T.);
#3065 = EDGE_CURVE('',#3058,#3032,#3066,.T.);
#3066 = LINE('',#3067,#3068);
#3067 = CARTESIAN_POINT('',(-6.35,64.5,5.));
#3068 = VECTOR('',#3069,1.);
#3069 = DIRECTION('',(0.,0.,1.));
#3070 = PLANE('',#3071);
#3071 = AXIS2_PLACEMENT_3D('',#3072,#3073,#3074);
#3072 = CARTESIAN_POINT('',(-19.05,64.5,5.));
#3073 = DIRECTION('',(0.,-1.,0.));
#3074 = DIRECTION('',(1.,0.,0.));
#3075 = ADVANCED_FACE('',(#3076),#3094,.T.);
#3076 = FACE_BOUND('',#3077,.T.);
#3077 = EDGE_LOOP('',(#3078,#3079,#3080,#3088));
#3078 = ORIENTED_EDGE('',*,*,#442,.T.);
#3079 = ORIENTED_EDGE('',*,*,#3057,.T.);
#3080 = ORIENTED_EDGE('',*,*,#3081,.T.);
#3081 = EDGE_CURVE('',#3058,#3082,#3084,.T.);
#3082 = VERTEX_POINT('',#3083);
#3083 = CARTESIAN_POINT('',(-6.35,65.5,3.));
#3084 = LINE('',#3085,#3086);
#3085 = CARTESIAN_POINT('',(-6.35,86.5,3.));
#3086 = VECTOR('',#3087,1.);
#3087 = DIRECTION('',(0.,1.,0.));
#3088 = ORIENTED_EDGE('',*,*,#3089,.T.);
#3089 = EDGE_CURVE('',#3082,#435,#3090,.T.);
#3090 = LINE('',#3091,#3092);
#3091 = CARTESIAN_POINT('',(19.05,65.5,3.));
#3092 = VECTOR('',#3093,1.);
#3093 = DIRECTION('',(-1.,0.,0.));
#3094 = PLANE('',#3095);
#3095 = AXIS2_PLACEMENT_3D('',#3096,#3097,#3098);
#3096 = CARTESIAN_POINT('',(1.8E-16,65.,3.));
#3097 = DIRECTION('',(0.,0.,1.));
#3098 = DIRECTION('',(1.,0.,0.));
#3099 = ADVANCED_FACE('',(#3100),#3118,.F.);
#3100 = FACE_BOUND('',#3101,.F.);
#3101 = EDGE_LOOP('',(#3102,#3110,#3116,#3117));
#3102 = ORIENTED_EDGE('',*,*,#3103,.F.);
#3103 = EDGE_CURVE('',#3104,#427,#3106,.T.);
#3104 = VERTEX_POINT('',#3105);
#3105 = CARTESIAN_POINT('',(-6.35,65.5,5.));
#3106 = LINE('',#3107,#3108);
#3107 = CARTESIAN_POINT('',(19.05,65.5,5.));
#3108 = VECTOR('',#3109,1.);
#3109 = DIRECTION('',(-1.,0.,0.));
#3110 = ORIENTED_EDGE('',*,*,#3111,.T.);
#3111 = EDGE_CURVE('',#3104,#3082,#3112,.T.);
#3112 = LINE('',#3113,#3114);
#3113 = CARTESIAN_POINT('',(-6.35,65.5,5.));
#3114 = VECTOR('',#3115,1.);
#3115 = DIRECTION('',(0.,0.,-1.));
#3116 = ORIENTED_EDGE('',*,*,#3089,.T.);
#3117 = ORIENTED_EDGE('',*,*,#434,.T.);
#3118 = PLANE('',#3119);
#3119 = AXIS2_PLACEMENT_3D('',#3120,#3121,#3122);
#3120 = CARTESIAN_POINT('',(19.05,65.5,5.));
#3121 = DIRECTION('',(0.,1.,0.));
#3122 = DIRECTION('',(-1.,0.,0.));
#3123 = ADVANCED_FACE('',(#3124),#3142,.T.);
#3124 = FACE_BOUND('',#3125,.T.);
#3125 = EDGE_LOOP('',(#3126,#3134,#3140,#3141));
#3126 = ORIENTED_EDGE('',*,*,#3127,.F.);
#3127 = EDGE_CURVE('',#3128,#3104,#3130,.T.);
#3128 = VERTEX_POINT('',#3129);
#3129 = CARTESIAN_POINT('',(-6.35,69.5,5.));
#3130 = LINE('',#3131,#3132);
#3131 = CARTESIAN_POINT('',(-6.35,108.,5.));
#3132 = VECTOR('',#3133,1.);
#3133 = DIRECTION('',(0.,-1.,0.));
#3134 = ORIENTED_EDGE('',*,*,#3135,.F.);
#3135 = EDGE_CURVE('',#419,#3128,#3136,.T.);
#3136 = LINE('',#3137,#3138);
#3137 = CARTESIAN_POINT('',(-19.05,69.5,5.));
#3138 = VECTOR('',#3139,1.);
#3139 = DIRECTION('',(1.,0.,0.));
#3140 = ORIENTED_EDGE('',*,*,#426,.T.);
#3141 = ORIENTED_EDGE('',*,*,#3103,.F.);
#3142 = PLANE('',#3143);
#3143 = AXIS2_PLACEMENT_3D('',#3144,#3145,#3146);
#3144 = CARTESIAN_POINT('',(2.2E-16,44.820089316694,5.));
#3145 = DIRECTION('',(0.,0.,1.));
#3146 = DIRECTION('',(1.,0.,0.));
#3147 = ADVANCED_FACE('',(#3148),#3166,.F.);
#3148 = FACE_BOUND('',#3149,.F.);
#3149 = EDGE_LOOP('',(#3150,#3151,#3152,#3160));
#3150 = ORIENTED_EDGE('',*,*,#3135,.F.);
#3151 = ORIENTED_EDGE('',*,*,#418,.T.);
#3152 = ORIENTED_EDGE('',*,*,#3153,.T.);
#3153 = EDGE_CURVE('',#411,#3154,#3156,.T.);
#3154 = VERTEX_POINT('',#3155);
#3155 = CARTESIAN_POINT('',(-6.35,69.5,3.));
#3156 = LINE('',#3157,#3158);
#3157 = CARTESIAN_POINT('',(-19.05,69.5,3.));
#3158 = VECTOR('',#3159,1.);
#3159 = DIRECTION('',(1.,0.,0.));
#3160 = ORIENTED_EDGE('',*,*,#3161,.T.);
#3161 = EDGE_CURVE('',#3154,#3128,#3162,.T.);
#3162 = LINE('',#3163,#3164);
#3163 = CARTESIAN_POINT('',(-6.35,69.5,5.));
#3164 = VECTOR('',#3165,1.);
#3165 = DIRECTION('',(0.,0.,1.));
#3166 = PLANE('',#3167);
#3167 = AXIS2_PLACEMENT_3D('',#3168,#3169,#3170);
#3168 = CARTESIAN_POINT('',(-19.05,69.5,5.));
#3169 = DIRECTION('',(0.,-1.,0.));
#3170 = DIRECTION('',(1.,0.,0.));
#3171 = ADVANCED_FACE('',(#3172),#3190,.T.);
#3172 = FACE_BOUND('',#3173,.T.);
#3173 = EDGE_LOOP('',(#3174,#3175,#3176,#3184));
#3174 = ORIENTED_EDGE('',*,*,#410,.T.);
#3175 = ORIENTED_EDGE('',*,*,#3153,.T.);
#3176 = ORIENTED_EDGE('',*,*,#3177,.T.);
#3177 = EDGE_CURVE('',#3154,#3178,#3180,.T.);
#3178 = VERTEX_POINT('',#3179);
#3179 = CARTESIAN_POINT('',(-6.35,70.5,3.));
#3180 = LINE('',#3181,#3182);
#3181 = CARTESIAN_POINT('',(-6.35,89.,3.));
#3182 = VECTOR('',#3183,1.);
#3183 = DIRECTION('',(0.,1.,0.));
#3184 = ORIENTED_EDGE('',*,*,#3185,.T.);
#3185 = EDGE_CURVE('',#3178,#403,#3186,.T.);
#3186 = LINE('',#3187,#3188);
#3187 = CARTESIAN_POINT('',(19.05,70.5,3.));
#3188 = VECTOR('',#3189,1.);
#3189 = DIRECTION('',(-1.,0.,0.));
#3190 = PLANE('',#3191);
#3191 = AXIS2_PLACEMENT_3D('',#3192,#3193,#3194);
#3192 = CARTESIAN_POINT('',(1.8E-16,70.,3.));
#3193 = DIRECTION('',(0.,0.,1.));
#3194 = DIRECTION('',(1.,0.,0.));
#3195 = ADVANCED_FACE('',(#3196),#3214,.F.);
#3196 = FACE_BOUND('',#3197,.F.);
#3197 = EDGE_LOOP('',(#3198,#3206,#3212,#3213));
#3198 = ORIENTED_EDGE('',*,*,#3199,.F.);
#3199 = EDGE_CURVE('',#3200,#395,#3202,.T.);
#3200 = VERTEX_POINT('',#3201);
#3201 = CARTESIAN_POINT('',(-6.35,70.5,5.));
#3202 = LINE('',#3203,#3204);
#3203 = CARTESIAN_POINT('',(19.05,70.5,5.));
#3204 = VECTOR('',#3205,1.);
#3205 = DIRECTION('',(-1.,0.,0.));
#3206 = ORIENTED_EDGE('',*,*,#3207,.T.);
#3207 = EDGE_CURVE('',#3200,#3178,#3208,.T.);
#3208 = LINE('',#3209,#3210);
#3209 = CARTESIAN_POINT('',(-6.35,70.5,5.));
#3210 = VECTOR('',#3211,1.);
#3211 = DIRECTION('',(0.,0.,-1.));
#3212 = ORIENTED_EDGE('',*,*,#3185,.T.);
#3213 = ORIENTED_EDGE('',*,*,#402,.T.);
#3214 = PLANE('',#3215);
#3215 = AXIS2_PLACEMENT_3D('',#3216,#3217,#3218);
#3216 = CARTESIAN_POINT('',(19.05,70.5,5.));
#3217 = DIRECTION('',(0.,1.,0.));
#3218 = DIRECTION('',(-1.,0.,0.));
#3219 = ADVANCED_FACE('',(#3220),#3238,.T.);
#3220 = FACE_BOUND('',#3221,.T.);
#3221 = EDGE_LOOP('',(#3222,#3230,#3236,#3237));
#3222 = ORIENTED_EDGE('',*,*,#3223,.F.);
#3223 = EDGE_CURVE('',#3224,#3200,#3226,.T.);
#3224 = VERTEX_POINT('',#3225);
#3225 = CARTESIAN_POINT('',(-6.35,74.5,5.));
#3226 = LINE('',#3227,#3228);
#3227 = CARTESIAN_POINT('',(-6.35,108.,5.));
#3228 = VECTOR('',#3229,1.);
#3229 = DIRECTION('',(0.,-1.,0.));
#3230 = ORIENTED_EDGE('',*,*,#3231,.F.);
#3231 = EDGE_CURVE('',#387,#3224,#3232,.T.);
#3232 = LINE('',#3233,#3234);
#3233 = CARTESIAN_POINT('',(-19.05,74.5,5.));
#3234 = VECTOR('',#3235,1.);
#3235 = DIRECTION('',(1.,0.,0.));
#3236 = ORIENTED_EDGE('',*,*,#394,.T.);
#3237 = ORIENTED_EDGE('',*,*,#3199,.F.);
#3238 = PLANE('',#3239);
#3239 = AXIS2_PLACEMENT_3D('',#3240,#3241,#3242);
#3240 = CARTESIAN_POINT('',(2.2E-16,44.820089316694,5.));
#3241 = DIRECTION('',(0.,0.,1.));
#3242 = DIRECTION('',(1.,0.,0.));
#3243 = ADVANCED_FACE('',(#3244),#3262,.F.);
#3244 = FACE_BOUND('',#3245,.F.);
#3245 = EDGE_LOOP('',(#3246,#3247,#3248,#3256));
#3246 = ORIENTED_EDGE('',*,*,#3231,.F.);
#3247 = ORIENTED_EDGE('',*,*,#386,.T.);
#3248 = ORIENTED_EDGE('',*,*,#3249,.T.);
#3249 = EDGE_CURVE('',#379,#3250,#3252,.T.);
#3250 = VERTEX_POINT('',#3251);
#3251 = CARTESIAN_POINT('',(-6.35,74.5,3.));
#3252 = LINE('',#3253,#3254);
#3253 = CARTESIAN_POINT('',(-19.05,74.5,3.));
#3254 = VECTOR('',#3255,1.);
#3255 = DIRECTION('',(1.,0.,0.));
#3256 = ORIENTED_EDGE('',*,*,#3257,.T.);
#3257 = EDGE_CURVE('',#3250,#3224,#3258,.T.);
#3258 = LINE('',#3259,#3260);
#3259 = CARTESIAN_POINT('',(-6.35,74.5,5.));
#3260 = VECTOR('',#3261,1.);
#3261 = DIRECTION('',(0.,0.,1.));
#3262 = PLANE('',#3263);
#3263 = AXIS2_PLACEMENT_3D('',#3264,#3265,#3266);
#3264 = CARTESIAN_POINT('',(-19.05,74.5,5.));
#3265 = DIRECTION('',(0.,-1.,0.));
#3266 = DIRECTION('',(1.,0.,0.));
#3267 = ADVANCED_FACE('',(#3268),#3286,.T.);
#3268 = FACE_BOUND('',#3269,.T.);
#3269 = EDGE_LOOP('',(#3270,#3271,#3272,#3280));
#3270 = ORIENTED_EDGE('',*,*,#378,.T.);
#3271 = ORIENTED_EDGE('',*,*,#3249,.T.);
#3272 = ORIENTED_EDGE('',*,*,#3273,.T.);
#3273 = EDGE_CURVE('',#3250,#3274,#3276,.T.);
#3274 = VERTEX_POINT('',#3275);
#3275 = CARTESIAN_POINT('',(-6.35,75.5,3.));
#3276 = LINE('',#3277,#3278);
#3277 = CARTESIAN_POINT('',(-6.35,91.5,3.));
#3278 = VECTOR('',#3279,1.);
#3279 = DIRECTION('',(0.,1.,0.));
#3280 = ORIENTED_EDGE('',*,*,#3281,.T.);
#3281 = EDGE_CURVE('',#3274,#371,#3282,.T.);
#3282 = LINE('',#3283,#3284);
#3283 = CARTESIAN_POINT('',(19.05,75.5,3.));
#3284 = VECTOR('',#3285,1.);
#3285 = DIRECTION('',(-1.,0.,0.));
#3286 = PLANE('',#3287);
#3287 = AXIS2_PLACEMENT_3D('',#3288,#3289,#3290);
#3288 = CARTESIAN_POINT('',(1.8E-16,75.,3.));
#3289 = DIRECTION('',(0.,0.,1.));
#3290 = DIRECTION('',(1.,0.,0.));
#3291 = ADVANCED_FACE('',(#3292),#3310,.F.);
#3292 = FACE_BOUND('',#3293,.F.);
#3293 = EDGE_LOOP('',(#3294,#3302,#3308,#3309));
#3294 = ORIENTED_EDGE('',*,*,#3295,.F.);
#3295 = EDGE_CURVE('',#3296,#363,#3298,.T.);
#3296 = VERTEX_POINT('',#3297);
#3297 = CARTESIAN_POINT('',(-6.35,75.5,5.));
#3298 = LINE('',#3299,#3300);
#3299 = CARTESIAN_POINT('',(19.05,75.5,5.));
#3300 = VECTOR('',#3301,1.);
#3301 = DIRECTION('',(-1.,0.,0.));
#3302 = ORIENTED_EDGE('',*,*,#3303,.T.);
#3303 = EDGE_CURVE('',#3296,#3274,#3304,.T.);
#3304 = LINE('',#3305,#3306);
#3305 = CARTESIAN_POINT('',(-6.35,75.5,5.));
#3306 = VECTOR('',#3307,1.);
#3307 = DIRECTION('',(0.,0.,-1.));
#3308 = ORIENTED_EDGE('',*,*,#3281,.T.);
#3309 = ORIENTED_EDGE('',*,*,#370,.T.);
#3310 = PLANE('',#3311);
#3311 = AXIS2_PLACEMENT_3D('',#3312,#3313,#3314);
#3312 = CARTESIAN_POINT('',(19.05,75.5,5.));
#3313 = DIRECTION('',(0.,1.,0.));
#3314 = DIRECTION('',(-1.,0.,0.));
#3315 = ADVANCED_FACE('',(#3316),#3334,.T.);
#3316 = FACE_BOUND('',#3317,.T.);
#3317 = EDGE_LOOP('',(#3318,#3326,#3332,#3333));
#3318 = ORIENTED_EDGE('',*,*,#3319,.F.);
#3319 = EDGE_CURVE('',#3320,#3296,#3322,.T.);
#3320 = VERTEX_POINT('',#3321);
#3321 = CARTESIAN_POINT('',(-6.35,79.5,5.));
#3322 = LINE('',#3323,#3324);
#3323 = CARTESIAN_POINT('',(-6.35,108.,5.));
#3324 = VECTOR('',#3325,1.);
#3325 = DIRECTION('',(0.,-1.,0.));
#3326 = ORIENTED_EDGE('',*,*,#3327,.F.);
#3327 = EDGE_CURVE('',#355,#3320,#3328,.T.);
#3328 = LINE('',#3329,#3330);
#3329 = CARTESIAN_POINT('',(-19.05,79.5,5.));
#3330 = VECTOR('',#3331,1.);
#3331 = DIRECTION('',(1.,0.,0.));
#3332 = ORIENTED_EDGE('',*,*,#362,.T.);
#3333 = ORIENTED_EDGE('',*,*,#3295,.F.);
#3334 = PLANE('',#3335);
#3335 = AXIS2_PLACEMENT_3D('',#3336,#3337,#3338);
#3336 = CARTESIAN_POINT('',(2.2E-16,44.820089316694,5.));
#3337 = DIRECTION('',(0.,0.,1.));
#3338 = DIRECTION('',(1.,0.,0.));
#3339 = ADVANCED_FACE('',(#3340),#3358,.F.);
#3340 = FACE_BOUND('',#3341,.F.);
#3341 = EDGE_LOOP('',(#3342,#3343,#3344,#3352));
#3342 = ORIENTED_EDGE('',*,*,#3327,.F.);
#3343 = ORIENTED_EDGE('',*,*,#354,.T.);
#3344 = ORIENTED_EDGE('',*,*,#3345,.T.);
#3345 = EDGE_CURVE('',#347,#3346,#3348,.T.);
#3346 = VERTEX_POINT('',#3347);
#3347 = CARTESIAN_POINT('',(-6.35,79.5,3.));
#3348 = LINE('',#3349,#3350);
#3349 = CARTESIAN_POINT('',(-19.05,79.5,3.));
#3350 = VECTOR('',#3351,1.);
#3351 = DIRECTION('',(1.,0.,0.));
#3352 = ORIENTED_EDGE('',*,*,#3353,.T.);
#3353 = EDGE_CURVE('',#3346,#3320,#3354,.T.);
#3354 = LINE('',#3355,#3356);
#3355 = CARTESIAN_POINT('',(-6.35,79.5,5.));
#3356 = VECTOR('',#3357,1.);
#3357 = DIRECTION('',(0.,0.,1.));
#3358 = PLANE('',#3359);
#3359 = AXIS2_PLACEMENT_3D('',#3360,#3361,#3362);
#3360 = CARTESIAN_POINT('',(-19.05,79.5,5.));
#3361 = DIRECTION('',(0.,-1.,0.));
#3362 = DIRECTION('',(1.,0.,0.));
#3363 = ADVANCED_FACE('',(#3364),#3382,.T.);
#3364 = FACE_BOUND('',#3365,.T.);
#3365 = EDGE_LOOP('',(#3366,#3367,#3368,#3376));
#3366 = ORIENTED_EDGE('',*,*,#346,.T.);
#3367 = ORIENTED_EDGE('',*,*,#3345,.T.);
#3368 = ORIENTED_EDGE('',*,*,#3369,.T.);
#3369 = EDGE_CURVE('',#3346,#3370,#3372,.T.);
#3370 = VERTEX_POINT('',#3371);
#3371 = CARTESIAN_POINT('',(-6.35,80.5,3.));
#3372 = LINE('',#3373,#3374);
#3373 = CARTESIAN_POINT('',(-6.35,94.,3.));
#3374 = VECTOR('',#3375,1.);
#3375 = DIRECTION('',(0.,1.,0.));
#3376 = ORIENTED_EDGE('',*,*,#3377,.T.);
#3377 = EDGE_CURVE('',#3370,#339,#3378,.T.);
#3378 = LINE('',#3379,#3380);
#3379 = CARTESIAN_POINT('',(19.05,80.5,3.));
#3380 = VECTOR('',#3381,1.);
#3381 = DIRECTION('',(-1.,0.,0.));
#3382 = PLANE('',#3383);
#3383 = AXIS2_PLACEMENT_3D('',#3384,#3385,#3386);
#3384 = CARTESIAN_POINT('',(1.8E-16,80.,3.));
#3385 = DIRECTION('',(0.,0.,1.));
#3386 = DIRECTION('',(1.,0.,0.));
#3387 = ADVANCED_FACE('',(#3388),#3406,.F.);
#3388 = FACE_BOUND('',#3389,.F.);
#3389 = EDGE_LOOP('',(#3390,#3398,#3404,#3405));
#3390 = ORIENTED_EDGE('',*,*,#3391,.F.);
#3391 = EDGE_CURVE('',#3392,#331,#3394,.T.);
#3392 = VERTEX_POINT('',#3393);
#3393 = CARTESIAN_POINT('',(-6.35,80.5,5.));
#3394 = LINE('',#3395,#3396);
#3395 = CARTESIAN_POINT('',(19.05,80.5,5.));
#3396 = VECTOR('',#3397,1.);
#3397 = DIRECTION('',(-1.,0.,0.));
#3398 = ORIENTED_EDGE('',*,*,#3399,.T.);
#3399 = EDGE_CURVE('',#3392,#3370,#3400,.T.);
#3400 = LINE('',#3401,#3402);
#3401 = CARTESIAN_POINT('',(-6.35,80.5,5.));
#3402 = VECTOR('',#3403,1.);
#3403 = DIRECTION('',(0.,0.,-1.));
#3404 = ORIENTED_EDGE('',*,*,#3377,.T.);
#3405 = ORIENTED_EDGE('',*,*,#338,.T.);
#3406 = PLANE('',#3407);
#3407 = AXIS2_PLACEMENT_3D('',#3408,#3409,#3410);
#3408 = CARTESIAN_POINT('',(19.05,80.5,5.));
#3409 = DIRECTION('',(0.,1.,0.));
#3410 = DIRECTION('',(-1.,0.,0.));
#3411 = ADVANCED_FACE('',(#3412),#3430,.T.);
#3412 = FACE_BOUND('',#3413,.T.);
#3413 = EDGE_LOOP('',(#3414,#3422,#3428,#3429));
#3414 = ORIENTED_EDGE('',*,*,#3415,.F.);
#3415 = EDGE_CURVE('',#3416,#3392,#3418,.T.);
#3416 = VERTEX_POINT('',#3417);
#3417 = CARTESIAN_POINT('',(-6.35,84.5,5.));
#3418 = LINE('',#3419,#3420);
#3419 = CARTESIAN_POINT('',(-6.35,108.,5.));
#3420 = VECTOR('',#3421,1.);
#3421 = DIRECTION('',(0.,-1.,0.));
#3422 = ORIENTED_EDGE('',*,*,#3423,.F.);
#3423 = EDGE_CURVE('',#323,#3416,#3424,.T.);
#3424 = LINE('',#3425,#3426);
#3425 = CARTESIAN_POINT('',(-19.05,84.5,5.));
#3426 = VECTOR('',#3427,1.);
#3427 = DIRECTION('',(1.,0.,0.));
#3428 = ORIENTED_EDGE('',*,*,#330,.T.);
#3429 = ORIENTED_EDGE('',*,*,#3391,.F.);
#3430 = PLANE('',#3431);
#3431 = AXIS2_PLACEMENT_3D('',#3432,#3433,#3434);
#3432 = CARTESIAN_POINT('',(2.2E-16,44.820089316694,5.));
#3433 = DIRECTION('',(0.,0.,1.));
#3434 = DIRECTION('',(1.,0.,0.));
#3435 = ADVANCED_FACE('',(#3436),#3454,.F.);
#3436 = FACE_BOUND('',#3437,.F.);
#3437 = EDGE_LOOP('',(#3438,#3439,#3440,#3448));
#3438 = ORIENTED_EDGE('',*,*,#3423,.F.);
#3439 = ORIENTED_EDGE('',*,*,#322,.T.);
#3440 = ORIENTED_EDGE('',*,*,#3441,.T.);
#3441 = EDGE_CURVE('',#315,#3442,#3444,.T.);
#3442 = VERTEX_POINT('',#3443);
#3443 = CARTESIAN_POINT('',(-6.35,84.5,3.));
#3444 = LINE('',#3445,#3446);
#3445 = CARTESIAN_POINT('',(-19.05,84.5,3.));
#3446 = VECTOR('',#3447,1.);
#3447 = DIRECTION('',(1.,0.,0.));
#3448 = ORIENTED_EDGE('',*,*,#3449,.T.);
#3449 = EDGE_CURVE('',#3442,#3416,#3450,.T.);
#3450 = LINE('',#3451,#3452);
#3451 = CARTESIAN_POINT('',(-6.35,84.5,5.));
#3452 = VECTOR('',#3453,1.);
#3453 = DIRECTION('',(0.,0.,1.));
#3454 = PLANE('',#3455);
#3455 = AXIS2_PLACEMENT_3D('',#3456,#3457,#3458);
#3456 = CARTESIAN_POINT('',(-19.05,84.5,5.));
#3457 = DIRECTION('',(0.,-1.,0.));
#3458 = DIRECTION('',(1.,0.,0.));
#3459 = ADVANCED_FACE('',(#3460),#3478,.T.);
#3460 = FACE_BOUND('',#3461,.T.);
#3461 = EDGE_LOOP('',(#3462,#3463,#3464,#3472));
#3462 = ORIENTED_EDGE('',*,*,#314,.T.);
#3463 = ORIENTED_EDGE('',*,*,#3441,.T.);
#3464 = ORIENTED_EDGE('',*,*,#3465,.T.);
#3465 = EDGE_CURVE('',#3442,#3466,#3468,.T.);
#3466 = VERTEX_POINT('',#3467);
#3467 = CARTESIAN_POINT('',(-6.35,85.5,3.));
#3468 = LINE('',#3469,#3470);
#3469 = CARTESIAN_POINT('',(-6.35,96.5,3.));
#3470 = VECTOR('',#3471,1.);
#3471 = DIRECTION('',(0.,1.,0.));
#3472 = ORIENTED_EDGE('',*,*,#3473,.T.);
#3473 = EDGE_CURVE('',#3466,#307,#3474,.T.);
#3474 = LINE('',#3475,#3476);
#3475 = CARTESIAN_POINT('',(19.05,85.5,3.));
#3476 = VECTOR('',#3477,1.);
#3477 = DIRECTION('',(-1.,0.,0.));
#3478 = PLANE('',#3479);
#3479 = AXIS2_PLACEMENT_3D('',#3480,#3481,#3482);
#3480 = CARTESIAN_POINT('',(1.8E-16,85.,3.));
#3481 = DIRECTION('',(0.,0.,1.));
#3482 = DIRECTION('',(1.,0.,0.));
#3483 = ADVANCED_FACE('',(#3484),#3502,.F.);
#3484 = FACE_BOUND('',#3485,.F.);
#3485 = EDGE_LOOP('',(#3486,#3494,#3500,#3501));
#3486 = ORIENTED_EDGE('',*,*,#3487,.F.);
#3487 = EDGE_CURVE('',#3488,#299,#3490,.T.);
#3488 = VERTEX_POINT('',#3489);
#3489 = CARTESIAN_POINT('',(-6.35,85.5,5.));
#3490 = LINE('',#3491,#3492);
#3491 = CARTESIAN_POINT('',(19.05,85.5,5.));
#3492 = VECTOR('',#3493,1.);
#3493 = DIRECTION('',(-1.,0.,0.));
#3494 = ORIENTED_EDGE('',*,*,#3495,.T.);
#3495 = EDGE_CURVE('',#3488,#3466,#3496,.T.);
#3496 = LINE('',#3497,#3498);
#3497 = CARTESIAN_POINT('',(-6.35,85.5,5.));
#3498 = VECTOR('',#3499,1.);
#3499 = DIRECTION('',(0.,0.,-1.));
#3500 = ORIENTED_EDGE('',*,*,#3473,.T.);
#3501 = ORIENTED_EDGE('',*,*,#306,.T.);
#3502 = PLANE('',#3503);
#3503 = AXIS2_PLACEMENT_3D('',#3504,#3505,#3506);
#3504 = CARTESIAN_POINT('',(19.05,85.5,5.));
#3505 = DIRECTION('',(0.,1.,0.));
#3506 = DIRECTION('',(-1.,0.,0.));
#3507 = ADVANCED_FACE('',(#3508),#3526,.T.);
#3508 = FACE_BOUND('',#3509,.T.);
#3509 = EDGE_LOOP('',(#3510,#3518,#3524,#3525));
#3510 = ORIENTED_EDGE('',*,*,#3511,.F.);
#3511 = EDGE_CURVE('',#3512,#3488,#3514,.T.);
#3512 = VERTEX_POINT('',#3513);
#3513 = CARTESIAN_POINT('',(-6.35,89.5,5.));
#3514 = LINE('',#3515,#3516);
#3515 = CARTESIAN_POINT('',(-6.35,108.,5.));
#3516 = VECTOR('',#3517,1.);
#3517 = DIRECTION('',(0.,-1.,0.));
#3518 = ORIENTED_EDGE('',*,*,#3519,.F.);
#3519 = EDGE_CURVE('',#291,#3512,#3520,.T.);
#3520 = LINE('',#3521,#3522);
#3521 = CARTESIAN_POINT('',(-19.05,89.5,5.));
#3522 = VECTOR('',#3523,1.);
#3523 = DIRECTION('',(1.,0.,0.));
#3524 = ORIENTED_EDGE('',*,*,#298,.T.);
#3525 = ORIENTED_EDGE('',*,*,#3487,.F.);
#3526 = PLANE('',#3527);
#3527 = AXIS2_PLACEMENT_3D('',#3528,#3529,#3530);
#3528 = CARTESIAN_POINT('',(2.2E-16,44.820089316694,5.));
#3529 = DIRECTION('',(0.,0.,1.));
#3530 = DIRECTION('',(1.,0.,0.));
#3531 = ADVANCED_FACE('',(#3532),#3550,.F.);
#3532 = FACE_BOUND('',#3533,.F.);
#3533 = EDGE_LOOP('',(#3534,#3535,#3536,#3544));
#3534 = ORIENTED_EDGE('',*,*,#3519,.F.);
#3535 = ORIENTED_EDGE('',*,*,#290,.T.);
#3536 = ORIENTED_EDGE('',*,*,#3537,.T.);
#3537 = EDGE_CURVE('',#283,#3538,#3540,.T.);
#3538 = VERTEX_POINT('',#3539);
#3539 = CARTESIAN_POINT('',(-6.35,89.5,3.));
#3540 = LINE('',#3541,#3542);
#3541 = CARTESIAN_POINT('',(-19.05,89.5,3.));
#3542 = VECTOR('',#3543,1.);
#3543 = DIRECTION('',(1.,0.,0.));
#3544 = ORIENTED_EDGE('',*,*,#3545,.T.);
#3545 = EDGE_CURVE('',#3538,#3512,#3546,.T.);
#3546 = LINE('',#3547,#3548);
#3547 = CARTESIAN_POINT('',(-6.35,89.5,5.));
#3548 = VECTOR('',#3549,1.);
#3549 = DIRECTION('',(0.,0.,1.));
#3550 = PLANE('',#3551);
#3551 = AXIS2_PLACEMENT_3D('',#3552,#3553,#3554);
#3552 = CARTESIAN_POINT('',(-19.05,89.5,5.));
#3553 = DIRECTION('',(0.,-1.,0.));
#3554 = DIRECTION('',(1.,0.,0.));
#3555 = ADVANCED_FACE('',(#3556),#3574,.T.);
#3556 = FACE_BOUND('',#3557,.T.);
#3557 = EDGE_LOOP('',(#3558,#3559,#3560,#3568));
#3558 = ORIENTED_EDGE('',*,*,#282,.T.);
#3559 = ORIENTED_EDGE('',*,*,#3537,.T.);
#3560 = ORIENTED_EDGE('',*,*,#3561,.T.);
#3561 = EDGE_CURVE('',#3538,#3562,#3564,.T.);
#3562 = VERTEX_POINT('',#3563);
#3563 = CARTESIAN_POINT('',(-6.35,90.5,3.));
#3564 = LINE('',#3565,#3566);
#3565 = CARTESIAN_POINT('',(-6.35,99.,3.));
#3566 = VECTOR('',#3567,1.);
#3567 = DIRECTION('',(0.,1.,0.));
#3568 = ORIENTED_EDGE('',*,*,#3569,.T.);
#3569 = EDGE_CURVE('',#3562,#275,#3570,.T.);
#3570 = LINE('',#3571,#3572);
#3571 = CARTESIAN_POINT('',(19.05,90.5,3.));
#3572 = VECTOR('',#3573,1.);
#3573 = DIRECTION('',(-1.,0.,0.));
#3574 = PLANE('',#3575);
#3575 = AXIS2_PLACEMENT_3D('',#3576,#3577,#3578);
#3576 = CARTESIAN_POINT('',(1.8E-16,90.,3.));
#3577 = DIRECTION('',(0.,0.,1.));
#3578 = DIRECTION('',(1.,0.,0.));
#3579 = ADVANCED_FACE('',(#3580),#3598,.F.);
#3580 = FACE_BOUND('',#3581,.F.);
#3581 = EDGE_LOOP('',(#3582,#3590,#3596,#3597));
#3582 = ORIENTED_EDGE('',*,*,#3583,.F.);
#3583 = EDGE_CURVE('',#3584,#267,#3586,.T.);
#3584 = VERTEX_POINT('',#3585);
#3585 = CARTESIAN_POINT('',(-6.35,90.5,5.));
#3586 = LINE('',#3587,#3588);
#3587 = CARTESIAN_POINT('',(19.05,90.5,5.));
#3588 = VECTOR('',#3589,1.);
#3589 = DIRECTION('',(-1.,0.,0.));
#3590 = ORIENTED_EDGE('',*,*,#3591,.T.);
#3591 = EDGE_CURVE('',#3584,#3562,#3592,.T.);
#3592 = LINE('',#3593,#3594);
#3593 = CARTESIAN_POINT('',(-6.35,90.5,5.));
#3594 = VECTOR('',#3595,1.);
#3595 = DIRECTION('',(0.,0.,-1.));
#3596 = ORIENTED_EDGE('',*,*,#3569,.T.);
#3597 = ORIENTED_EDGE('',*,*,#274,.T.);
#3598 = PLANE('',#3599);
#3599 = AXIS2_PLACEMENT_3D('',#3600,#3601,#3602);
#3600 = CARTESIAN_POINT('',(19.05,90.5,5.));
#3601 = DIRECTION('',(0.,1.,0.));
#3602 = DIRECTION('',(-1.,0.,0.));
#3603 = ADVANCED_FACE('',(#3604),#3622,.T.);
#3604 = FACE_BOUND('',#3605,.T.);
#3605 = EDGE_LOOP('',(#3606,#3614,#3620,#3621));
#3606 = ORIENTED_EDGE('',*,*,#3607,.F.);
#3607 = EDGE_CURVE('',#3608,#3584,#3610,.T.);
#3608 = VERTEX_POINT('',#3609);
#3609 = CARTESIAN_POINT('',(-6.35,94.5,5.));
#3610 = LINE('',#3611,#3612);
#3611 = CARTESIAN_POINT('',(-6.35,108.,5.));
#3612 = VECTOR('',#3613,1.);
#3613 = DIRECTION('',(0.,-1.,0.));
#3614 = ORIENTED_EDGE('',*,*,#3615,.F.);
#3615 = EDGE_CURVE('',#259,#3608,#3616,.T.);
#3616 = LINE('',#3617,#3618);
#3617 = CARTESIAN_POINT('',(-19.05,94.5,5.));
#3618 = VECTOR('',#3619,1.);
#3619 = DIRECTION('',(1.,0.,0.));
#3620 = ORIENTED_EDGE('',*,*,#266,.T.);
#3621 = ORIENTED_EDGE('',*,*,#3583,.F.);
#3622 = PLANE('',#3623);
#3623 = AXIS2_PLACEMENT_3D('',#3624,#3625,#3626);
#3624 = CARTESIAN_POINT('',(2.2E-16,44.820089316694,5.));
#3625 = DIRECTION('',(0.,0.,1.));
#3626 = DIRECTION('',(1.,0.,0.));
#3627 = ADVANCED_FACE('',(#3628),#3646,.F.);
#3628 = FACE_BOUND('',#3629,.F.);
#3629 = EDGE_LOOP('',(#3630,#3631,#3632,#3640));
#3630 = ORIENTED_EDGE('',*,*,#3615,.F.);
#3631 = ORIENTED_EDGE('',*,*,#258,.T.);
#3632 = ORIENTED_EDGE('',*,*,#3633,.T.);
#3633 = EDGE_CURVE('',#251,#3634,#3636,.T.);
#3634 = VERTEX_POINT('',#3635);
#3635 = CARTESIAN_POINT('',(-6.35,94.5,3.));
#3636 = LINE('',#3637,#3638);
#3637 = CARTESIAN_POINT('',(-19.05,94.5,3.));
#3638 = VECTOR('',#3639,1.);
#3639 = DIRECTION('',(1.,0.,0.));
#3640 = ORIENTED_EDGE('',*,*,#3641,.T.);
#3641 = EDGE_CURVE('',#3634,#3608,#3642,.T.);
#3642 = LINE('',#3643,#3644);
#3643 = CARTESIAN_POINT('',(-6.35,94.5,5.));
#3644 = VECTOR('',#3645,1.);
#3645 = DIRECTION('',(0.,0.,1.));
#3646 = PLANE('',#3647);
#3647 = AXIS2_PLACEMENT_3D('',#3648,#3649,#3650);
#3648 = CARTESIAN_POINT('',(-19.05,94.5,5.));
#3649 = DIRECTION('',(0.,-1.,0.));
#3650 = DIRECTION('',(1.,0.,0.));
#3651 = ADVANCED_FACE('',(#3652),#3670,.T.);
#3652 = FACE_BOUND('',#3653,.T.);
#3653 = EDGE_LOOP('',(#3654,#3655,#3656,#3664));
#3654 = ORIENTED_EDGE('',*,*,#250,.T.);
#3655 = ORIENTED_EDGE('',*,*,#3633,.T.);
#3656 = ORIENTED_EDGE('',*,*,#3657,.T.);
#3657 = EDGE_CURVE('',#3634,#3658,#3660,.T.);
#3658 = VERTEX_POINT('',#3659);
#3659 = CARTESIAN_POINT('',(-6.35,95.5,3.));
#3660 = LINE('',#3661,#3662);
#3661 = CARTESIAN_POINT('',(-6.35,101.5,3.));
#3662 = VECTOR('',#3663,1.);
#3663 = DIRECTION('',(0.,1.,0.));
#3664 = ORIENTED_EDGE('',*,*,#3665,.T.);
#3665 = EDGE_CURVE('',#3658,#243,#3666,.T.);
#3666 = LINE('',#3667,#3668);
#3667 = CARTESIAN_POINT('',(19.05,95.5,3.));
#3668 = VECTOR('',#3669,1.);
#3669 = DIRECTION('',(-1.,0.,0.));
#3670 = PLANE('',#3671);
#3671 = AXIS2_PLACEMENT_3D('',#3672,#3673,#3674);
#3672 = CARTESIAN_POINT('',(1.8E-16,95.,3.));
#3673 = DIRECTION('',(0.,0.,1.));
#3674 = DIRECTION('',(1.,0.,0.));
#3675 = ADVANCED_FACE('',(#3676),#3694,.F.);
#3676 = FACE_BOUND('',#3677,.F.);
#3677 = EDGE_LOOP('',(#3678,#3686,#3692,#3693));
#3678 = ORIENTED_EDGE('',*,*,#3679,.F.);
#3679 = EDGE_CURVE('',#3680,#235,#3682,.T.);
#3680 = VERTEX_POINT('',#3681);
#3681 = CARTESIAN_POINT('',(-6.35,95.5,5.));
#3682 = LINE('',#3683,#3684);
#3683 = CARTESIAN_POINT('',(19.05,95.5,5.));
#3684 = VECTOR('',#3685,1.);
#3685 = DIRECTION('',(-1.,0.,0.));
#3686 = ORIENTED_EDGE('',*,*,#3687,.T.);
#3687 = EDGE_CURVE('',#3680,#3658,#3688,.T.);
#3688 = LINE('',#3689,#3690);
#3689 = CARTESIAN_POINT('',(-6.35,95.5,5.));
#3690 = VECTOR('',#3691,1.);
#3691 = DIRECTION('',(0.,0.,-1.));
#3692 = ORIENTED_EDGE('',*,*,#3665,.T.);
#3693 = ORIENTED_EDGE('',*,*,#242,.T.);
#3694 = PLANE('',#3695);
#3695 = AXIS2_PLACEMENT_3D('',#3696,#3697,#3698);
#3696 = CARTESIAN_POINT('',(19.05,95.5,5.));
#3697 = DIRECTION('',(0.,1.,0.));
#3698 = DIRECTION('',(-1.,0.,0.));
#3699 = ADVANCED_FACE('',(#3700),#3718,.T.);
#3700 = FACE_BOUND('',#3701,.T.);
#3701 = EDGE_LOOP('',(#3702,#3710,#3716,#3717));
#3702 = ORIENTED_EDGE('',*,*,#3703,.F.);
#3703 = EDGE_CURVE('',#3704,#3680,#3706,.T.);
#3704 = VERTEX_POINT('',#3705);
#3705 = CARTESIAN_POINT('',(-6.35,99.5,5.));
#3706 = LINE('',#3707,#3708);
#3707 = CARTESIAN_POINT('',(-6.35,108.,5.));
#3708 = VECTOR('',#3709,1.);
#3709 = DIRECTION('',(0.,-1.,0.));
#3710 = ORIENTED_EDGE('',*,*,#3711,.F.);
#3711 = EDGE_CURVE('',#227,#3704,#3712,.T.);
#3712 = LINE('',#3713,#3714);
#3713 = CARTESIAN_POINT('',(-19.05,99.5,5.));
#3714 = VECTOR('',#3715,1.);
#3715 = DIRECTION('',(1.,0.,0.));
#3716 = ORIENTED_EDGE('',*,*,#234,.T.);
#3717 = ORIENTED_EDGE('',*,*,#3679,.F.);
#3718 = PLANE('',#3719);
#3719 = AXIS2_PLACEMENT_3D('',#3720,#3721,#3722);
#3720 = CARTESIAN_POINT('',(2.2E-16,44.820089316694,5.));
#3721 = DIRECTION('',(0.,0.,1.));
#3722 = DIRECTION('',(1.,0.,0.));
#3723 = ADVANCED_FACE('',(#3724),#3742,.F.);
#3724 = FACE_BOUND('',#3725,.F.);
#3725 = EDGE_LOOP('',(#3726,#3727,#3728,#3736));
#3726 = ORIENTED_EDGE('',*,*,#3711,.F.);
#3727 = ORIENTED_EDGE('',*,*,#226,.T.);
#3728 = ORIENTED_EDGE('',*,*,#3729,.T.);
#3729 = EDGE_CURVE('',#219,#3730,#3732,.T.);
#3730 = VERTEX_POINT('',#3731);
#3731 = CARTESIAN_POINT('',(-6.35,99.5,3.));
#3732 = LINE('',#3733,#3734);
#3733 = CARTESIAN_POINT('',(-19.05,99.5,3.));
#3734 = VECTOR('',#3735,1.);
#3735 = DIRECTION('',(1.,0.,0.));
#3736 = ORIENTED_EDGE('',*,*,#3737,.T.);
#3737 = EDGE_CURVE('',#3730,#3704,#3738,.T.);
#3738 = LINE('',#3739,#3740);
#3739 = CARTESIAN_POINT('',(-6.35,99.5,5.));
#3740 = VECTOR('',#3741,1.);
#3741 = DIRECTION('',(0.,0.,1.));
#3742 = PLANE('',#3743);
#3743 = AXIS2_PLACEMENT_3D('',#3744,#3745,#3746);
#3744 = CARTESIAN_POINT('',(-19.05,99.5,5.));
#3745 = DIRECTION('',(0.,-1.,0.));
#3746 = DIRECTION('',(1.,0.,0.));
#3747 = ADVANCED_FACE('',(#3748),#3758,.T.);
#3748 = FACE_BOUND('',#3749,.T.);
#3749 = EDGE_LOOP('',(#3750,#3751,#3752));
#3750 = ORIENTED_EDGE('',*,*,#218,.T.);
#3751 = ORIENTED_EDGE('',*,*,#3729,.T.);
#3752 = ORIENTED_EDGE('',*,*,#3753,.T.);
#3753 = EDGE_CURVE('',#3730,#211,#3754,.T.);
#3754 = LINE('',#3755,#3756);
#3755 = CARTESIAN_POINT('',(-6.35,104.,3.));
#3756 = VECTOR('',#3757,1.);
#3757 = DIRECTION('',(0.,1.,0.));
#3758 = PLANE('',#3759);
#3759 = AXIS2_PLACEMENT_3D('',#3760,#3761,#3762);
#3760 = CARTESIAN_POINT('',(1.8E-16,100.,3.));
#3761 = DIRECTION('',(0.,0.,1.));
#3762 = DIRECTION('',(1.,0.,0.));
#3763 = ADVANCED_FACE('',(#3764),#3857,.F.);
#3764 = FACE_BOUND('',#3765,.F.);
#3765 = EDGE_LOOP('',(#3766,#3767,#3773,#3774,#3775,#3776,#3777,#3778,
    #3779,#3780,#3781,#3782,#3783,#3784,#3785,#3786,#3787,#3788,#3789,
    #3790,#3791,#3792,#3793,#3794,#3795,#3796,#3797,#3798,#3799,#3800,
    #3801,#3802,#3803,#3804,#3805,#3806,#3807,#3808,#3809,#3810,#3811,
    #3812,#3813,#3814,#3815,#3816,#3817,#3818,#3819,#3820,#3821,#3822,
    #3823,#3824,#3825,#3826,#3827,#3828,#3829,#3830,#3831,#3832,#3833,
    #3834,#3835,#3836,#3837,#3838,#3839,#3840,#3841,#3842,#3843,#3844,
    #3845,#3846,#3847,#3848,#3849,#3850,#3851,#3852,#3853,#3854,#3855,
    #3856));
#3766 = ORIENTED_EDGE('',*,*,#210,.F.);
#3767 = ORIENTED_EDGE('',*,*,#3768,.T.);
#3768 = EDGE_CURVE('',#203,#884,#3769,.T.);
#3769 = LINE('',#3770,#3771);
#3770 = CARTESIAN_POINT('',(-6.35,108.,2.));
#3771 = VECTOR('',#3772,1.);
#3772 = DIRECTION('',(0.,-1.,0.));
#3773 = ORIENTED_EDGE('',*,*,#883,.F.);
#3774 = ORIENTED_EDGE('',*,*,#1782,.F.);
#3775 = ORIENTED_EDGE('',*,*,#1841,.F.);
#3776 = ORIENTED_EDGE('',*,*,#1815,.T.);
#3777 = ORIENTED_EDGE('',*,*,#1863,.F.);
#3778 = ORIENTED_EDGE('',*,*,#1879,.F.);
#3779 = ORIENTED_EDGE('',*,*,#1913,.F.);
#3780 = ORIENTED_EDGE('',*,*,#1929,.T.);
#3781 = ORIENTED_EDGE('',*,*,#1959,.F.);
#3782 = ORIENTED_EDGE('',*,*,#1975,.F.);
#3783 = ORIENTED_EDGE('',*,*,#2009,.F.);
#3784 = ORIENTED_EDGE('',*,*,#2025,.T.);
#3785 = ORIENTED_EDGE('',*,*,#2055,.F.);
#3786 = ORIENTED_EDGE('',*,*,#2071,.F.);
#3787 = ORIENTED_EDGE('',*,*,#2105,.F.);
#3788 = ORIENTED_EDGE('',*,*,#2121,.T.);
#3789 = ORIENTED_EDGE('',*,*,#2151,.F.);
#3790 = ORIENTED_EDGE('',*,*,#2167,.F.);
#3791 = ORIENTED_EDGE('',*,*,#2201,.F.);
#3792 = ORIENTED_EDGE('',*,*,#2217,.T.);
#3793 = ORIENTED_EDGE('',*,*,#2247,.F.);
#3794 = ORIENTED_EDGE('',*,*,#2263,.F.);
#3795 = ORIENTED_EDGE('',*,*,#2297,.F.);
#3796 = ORIENTED_EDGE('',*,*,#2313,.T.);
#3797 = ORIENTED_EDGE('',*,*,#2343,.F.);
#3798 = ORIENTED_EDGE('',*,*,#2359,.F.);
#3799 = ORIENTED_EDGE('',*,*,#2393,.F.);
#3800 = ORIENTED_EDGE('',*,*,#2409,.T.);
#3801 = ORIENTED_EDGE('',*,*,#2439,.F.);
#3802 = ORIENTED_EDGE('',*,*,#2455,.F.);
#3803 = ORIENTED_EDGE('',*,*,#2489,.F.);
#3804 = ORIENTED_EDGE('',*,*,#2505,.T.);
#3805 = ORIENTED_EDGE('',*,*,#2535,.F.);
#3806 = ORIENTED_EDGE('',*,*,#2551,.F.);
#3807 = ORIENTED_EDGE('',*,*,#2585,.F.);
#3808 = ORIENTED_EDGE('',*,*,#2601,.T.);
#3809 = ORIENTED_EDGE('',*,*,#2631,.F.);
#3810 = ORIENTED_EDGE('',*,*,#2647,.F.);
#3811 = ORIENTED_EDGE('',*,*,#2681,.F.);
#3812 = ORIENTED_EDGE('',*,*,#2697,.T.);
#3813 = ORIENTED_EDGE('',*,*,#2727,.F.);
#3814 = ORIENTED_EDGE('',*,*,#2743,.F.);
#3815 = ORIENTED_EDGE('',*,*,#2777,.F.);
#3816 = ORIENTED_EDGE('',*,*,#2793,.T.);
#3817 = ORIENTED_EDGE('',*,*,#2823,.F.);
#3818 = ORIENTED_EDGE('',*,*,#2839,.F.);
#3819 = ORIENTED_EDGE('',*,*,#2873,.F.);
#3820 = ORIENTED_EDGE('',*,*,#2889,.T.);
#3821 = ORIENTED_EDGE('',*,*,#2919,.F.);
#3822 = ORIENTED_EDGE('',*,*,#2935,.F.);
#3823 = ORIENTED_EDGE('',*,*,#2969,.F.);
#3824 = ORIENTED_EDGE('',*,*,#2985,.T.);
#3825 = ORIENTED_EDGE('',*,*,#3015,.F.);
#3826 = ORIENTED_EDGE('',*,*,#3031,.F.);
#3827 = ORIENTED_EDGE('',*,*,#3065,.F.);
#3828 = ORIENTED_EDGE('',*,*,#3081,.T.);
#3829 = ORIENTED_EDGE('',*,*,#3111,.F.);
#3830 = ORIENTED_EDGE('',*,*,#3127,.F.);
#3831 = ORIENTED_EDGE('',*,*,#3161,.F.);
#3832 = ORIENTED_EDGE('',*,*,#3177,.T.);
#3833 = ORIENTED_EDGE('',*,*,#3207,.F.);
#3834 = ORIENTED_EDGE('',*,*,#3223,.F.);
#3835 = ORIENTED_EDGE('',*,*,#3257,.F.);
#3836 = ORIENTED_EDGE('',*,*,#3273,.T.);
#3837 = ORIENTED_EDGE('',*,*,#3303,.F.);
#3838 = ORIENTED_EDGE('',*,*,#3319,.F.);
#3839 = ORIENTED_EDGE('',*,*,#3353,.F.);
#3840 = ORIENTED_EDGE('',*,*,#3369,.T.);
#3841 = ORIENTED_EDGE('',*,*,#3399,.F.);
#3842 = ORIENTED_EDGE('',*,*,#3415,.F.);
#3843 = ORIENTED_EDGE('',*,*,#3449,.F.);
#3844 = ORIENTED_EDGE('',*,*,#3465,.T.);
#3845 = ORIENTED_EDGE('',*,*,#3495,.F.);
#3846 = ORIENTED_EDGE('',*,*,#3511,.F.);
#3847 = ORIENTED_EDGE('',*,*,#3545,.F.);
#3848 = ORIENTED_EDGE('',*,*,#3561,.T.);
#3849 = ORIENTED_EDGE('',*,*,#3591,.F.);
#3850 = ORIENTED_EDGE('',*,*,#3607,.F.);
#3851 = ORIENTED_EDGE('',*,*,#3641,.F.);
#3852 = ORIENTED_EDGE('',*,*,#3657,.T.);
#3853 = ORIENTED_EDGE('',*,*,#3687,.F.);
#3854 = ORIENTED_EDGE('',*,*,#3703,.F.);
#3855 = ORIENTED_EDGE('',*,*,#3737,.F.);
#3856 = ORIENTED_EDGE('',*,*,#3753,.T.);
#3857 = PLANE('',#3858);
#3858 = AXIS2_PLACEMENT_3D('',#3859,#3860,#3861);
#3859 = CARTESIAN_POINT('',(-6.35,108.,5.));
#3860 = DIRECTION('',(-1.,0.,0.));
#3861 = DIRECTION('',(0.,-1.,0.));
#3862 = ADVANCED_FACE('',(#3863),#3882,.T.);
#3863 = FACE_BOUND('',#3864,.T.);
#3864 = EDGE_LOOP('',(#3865,#3866,#3874,#3880,#3881));
#3865 = ORIENTED_EDGE('',*,*,#1005,.T.);
#3866 = ORIENTED_EDGE('',*,*,#3867,.F.);
#3867 = EDGE_CURVE('',#3868,#1006,#3870,.T.);
#3868 = VERTEX_POINT('',#3869);
#3869 = CARTESIAN_POINT('',(6.35,-0.5,5.));
#3870 = LINE('',#3871,#3872);
#3871 = CARTESIAN_POINT('',(-19.05,-0.5,5.));
#3872 = VECTOR('',#3873,1.);
#3873 = DIRECTION('',(1.,0.,0.));
#3874 = ORIENTED_EDGE('',*,*,#3875,.F.);
#3875 = EDGE_CURVE('',#900,#3868,#3876,.T.);
#3876 = LINE('',#3877,#3878);
#3877 = CARTESIAN_POINT('',(6.35,-8.,5.));
#3878 = VECTOR('',#3879,1.);
#3879 = DIRECTION('',(0.,1.,0.));
#3880 = ORIENTED_EDGE('',*,*,#907,.T.);
#3881 = ORIENTED_EDGE('',*,*,#962,.T.);
#3882 = PLANE('',#3883);
#3883 = AXIS2_PLACEMENT_3D('',#3884,#3885,#3886);
#3884 = CARTESIAN_POINT('',(2.2E-16,44.820089316694,5.));
#3885 = DIRECTION('',(0.,0.,1.));
#3886 = DIRECTION('',(1.,0.,0.));
#3887 = ADVANCED_FACE('',(#3888),#4553,.F.);
#3888 = FACE_BOUND('',#3889,.F.);
#3889 = EDGE_LOOP('',(#3890,#3891,#3892,#3898,#3899,#3907,#3915,#3923,
    #3931,#3939,#3947,#3955,#3963,#3971,#3979,#3987,#3995,#4003,#4011,
    #4019,#4027,#4035,#4043,#4051,#4059,#4067,#4075,#4083,#4091,#4099,
    #4107,#4115,#4123,#4131,#4139,#4147,#4155,#4163,#4171,#4179,#4187,
    #4195,#4203,#4211,#4219,#4227,#4235,#4243,#4251,#4259,#4267,#4275,
    #4283,#4291,#4299,#4307,#4315,#4323,#4331,#4339,#4347,#4355,#4363,
    #4371,#4379,#4387,#4395,#4403,#4411,#4419,#4427,#4435,#4443,#4451,
    #4459,#4467,#4475,#4483,#4491,#4499,#4507,#4515,#4523,#4531,#4539,
    #4547));
#3890 = ORIENTED_EDGE('',*,*,#3875,.F.);
#3891 = ORIENTED_EDGE('',*,*,#899,.T.);
#3892 = ORIENTED_EDGE('',*,*,#3893,.T.);
#3893 = EDGE_CURVE('',#892,#1718,#3894,.T.);
#3894 = LINE('',#3895,#3896);
#3895 = CARTESIAN_POINT('',(6.35,-8.,2.));
#3896 = VECTOR('',#3897,1.);
#3897 = DIRECTION('',(0.,1.,0.));
#3898 = ORIENTED_EDGE('',*,*,#1717,.T.);
#3899 = ORIENTED_EDGE('',*,*,#3900,.T.);
#3900 = EDGE_CURVE('',#1710,#3901,#3903,.T.);
#3901 = VERTEX_POINT('',#3902);
#3902 = CARTESIAN_POINT('',(6.35,99.5,3.));
#3903 = LINE('',#3904,#3905);
#3904 = CARTESIAN_POINT('',(6.35,46.,3.));
#3905 = VECTOR('',#3906,1.);
#3906 = DIRECTION('',(0.,-1.,0.));
#3907 = ORIENTED_EDGE('',*,*,#3908,.F.);
#3908 = EDGE_CURVE('',#3909,#3901,#3911,.T.);
#3909 = VERTEX_POINT('',#3910);
#3910 = CARTESIAN_POINT('',(6.35,99.5,5.));
#3911 = LINE('',#3912,#3913);
#3912 = CARTESIAN_POINT('',(6.35,99.5,5.));
#3913 = VECTOR('',#3914,1.);
#3914 = DIRECTION('',(0.,0.,-1.));
#3915 = ORIENTED_EDGE('',*,*,#3916,.F.);
#3916 = EDGE_CURVE('',#3917,#3909,#3919,.T.);
#3917 = VERTEX_POINT('',#3918);
#3918 = CARTESIAN_POINT('',(6.35,95.5,5.));
#3919 = LINE('',#3920,#3921);
#3920 = CARTESIAN_POINT('',(6.35,-8.,5.));
#3921 = VECTOR('',#3922,1.);
#3922 = DIRECTION('',(0.,1.,0.));
#3923 = ORIENTED_EDGE('',*,*,#3924,.F.);
#3924 = EDGE_CURVE('',#3925,#3917,#3927,.T.);
#3925 = VERTEX_POINT('',#3926);
#3926 = CARTESIAN_POINT('',(6.35,95.5,3.));
#3927 = LINE('',#3928,#3929);
#3928 = CARTESIAN_POINT('',(6.35,95.5,5.));
#3929 = VECTOR('',#3930,1.);
#3930 = DIRECTION('',(0.,0.,1.));
#3931 = ORIENTED_EDGE('',*,*,#3932,.T.);
#3932 = EDGE_CURVE('',#3925,#3933,#3935,.T.);
#3933 = VERTEX_POINT('',#3934);
#3934 = CARTESIAN_POINT('',(6.35,94.5,3.));
#3935 = LINE('',#3936,#3937);
#3936 = CARTESIAN_POINT('',(6.35,43.5,3.));
#3937 = VECTOR('',#3938,1.);
#3938 = DIRECTION('',(0.,-1.,0.));
#3939 = ORIENTED_EDGE('',*,*,#3940,.F.);
#3940 = EDGE_CURVE('',#3941,#3933,#3943,.T.);
#3941 = VERTEX_POINT('',#3942);
#3942 = CARTESIAN_POINT('',(6.35,94.5,5.));
#3943 = LINE('',#3944,#3945);
#3944 = CARTESIAN_POINT('',(6.35,94.5,5.));
#3945 = VECTOR('',#3946,1.);
#3946 = DIRECTION('',(0.,0.,-1.));
#3947 = ORIENTED_EDGE('',*,*,#3948,.F.);
#3948 = EDGE_CURVE('',#3949,#3941,#3951,.T.);
#3949 = VERTEX_POINT('',#3950);
#3950 = CARTESIAN_POINT('',(6.35,90.5,5.));
#3951 = LINE('',#3952,#3953);
#3952 = CARTESIAN_POINT('',(6.35,-8.,5.));
#3953 = VECTOR('',#3954,1.);
#3954 = DIRECTION('',(0.,1.,0.));
#3955 = ORIENTED_EDGE('',*,*,#3956,.F.);
#3956 = EDGE_CURVE('',#3957,#3949,#3959,.T.);
#3957 = VERTEX_POINT('',#3958);
#3958 = CARTESIAN_POINT('',(6.35,90.5,3.));
#3959 = LINE('',#3960,#3961);
#3960 = CARTESIAN_POINT('',(6.35,90.5,5.));
#3961 = VECTOR('',#3962,1.);
#3962 = DIRECTION('',(0.,0.,1.));
#3963 = ORIENTED_EDGE('',*,*,#3964,.T.);
#3964 = EDGE_CURVE('',#3957,#3965,#3967,.T.);
#3965 = VERTEX_POINT('',#3966);
#3966 = CARTESIAN_POINT('',(6.35,89.5,3.));
#3967 = LINE('',#3968,#3969);
#3968 = CARTESIAN_POINT('',(6.35,41.,3.));
#3969 = VECTOR('',#3970,1.);
#3970 = DIRECTION('',(0.,-1.,0.));
#3971 = ORIENTED_EDGE('',*,*,#3972,.F.);
#3972 = EDGE_CURVE('',#3973,#3965,#3975,.T.);
#3973 = VERTEX_POINT('',#3974);
#3974 = CARTESIAN_POINT('',(6.35,89.5,5.));
#3975 = LINE('',#3976,#3977);
#3976 = CARTESIAN_POINT('',(6.35,89.5,5.));
#3977 = VECTOR('',#3978,1.);
#3978 = DIRECTION('',(0.,0.,-1.));
#3979 = ORIENTED_EDGE('',*,*,#3980,.F.);
#3980 = EDGE_CURVE('',#3981,#3973,#3983,.T.);
#3981 = VERTEX_POINT('',#3982);
#3982 = CARTESIAN_POINT('',(6.35,85.5,5.));
#3983 = LINE('',#3984,#3985);
#3984 = CARTESIAN_POINT('',(6.35,-8.,5.));
#3985 = VECTOR('',#3986,1.);
#3986 = DIRECTION('',(0.,1.,0.));
#3987 = ORIENTED_EDGE('',*,*,#3988,.F.);
#3988 = EDGE_CURVE('',#3989,#3981,#3991,.T.);
#3989 = VERTEX_POINT('',#3990);
#3990 = CARTESIAN_POINT('',(6.35,85.5,3.));
#3991 = LINE('',#3992,#3993);
#3992 = CARTESIAN_POINT('',(6.35,85.5,5.));
#3993 = VECTOR('',#3994,1.);
#3994 = DIRECTION('',(0.,0.,1.));
#3995 = ORIENTED_EDGE('',*,*,#3996,.T.);
#3996 = EDGE_CURVE('',#3989,#3997,#3999,.T.);
#3997 = VERTEX_POINT('',#3998);
#3998 = CARTESIAN_POINT('',(6.35,84.5,3.));
#3999 = LINE('',#4000,#4001);
#4000 = CARTESIAN_POINT('',(6.35,38.5,3.));
#4001 = VECTOR('',#4002,1.);
#4002 = DIRECTION('',(0.,-1.,0.));
#4003 = ORIENTED_EDGE('',*,*,#4004,.F.);
#4004 = EDGE_CURVE('',#4005,#3997,#4007,.T.);
#4005 = VERTEX_POINT('',#4006);
#4006 = CARTESIAN_POINT('',(6.35,84.5,5.));
#4007 = LINE('',#4008,#4009);
#4008 = CARTESIAN_POINT('',(6.35,84.5,5.));
#4009 = VECTOR('',#4010,1.);
#4010 = DIRECTION('',(0.,0.,-1.));
#4011 = ORIENTED_EDGE('',*,*,#4012,.F.);
#4012 = EDGE_CURVE('',#4013,#4005,#4015,.T.);
#4013 = VERTEX_POINT('',#4014);
#4014 = CARTESIAN_POINT('',(6.35,80.5,5.));
#4015 = LINE('',#4016,#4017);
#4016 = CARTESIAN_POINT('',(6.35,-8.,5.));
#4017 = VECTOR('',#4018,1.);
#4018 = DIRECTION('',(0.,1.,0.));
#4019 = ORIENTED_EDGE('',*,*,#4020,.F.);
#4020 = EDGE_CURVE('',#4021,#4013,#4023,.T.);
#4021 = VERTEX_POINT('',#4022);
#4022 = CARTESIAN_POINT('',(6.35,80.5,3.));
#4023 = LINE('',#4024,#4025);
#4024 = CARTESIAN_POINT('',(6.35,80.5,5.));
#4025 = VECTOR('',#4026,1.);
#4026 = DIRECTION('',(0.,0.,1.));
#4027 = ORIENTED_EDGE('',*,*,#4028,.T.);
#4028 = EDGE_CURVE('',#4021,#4029,#4031,.T.);
#4029 = VERTEX_POINT('',#4030);
#4030 = CARTESIAN_POINT('',(6.35,79.5,3.));
#4031 = LINE('',#4032,#4033);
#4032 = CARTESIAN_POINT('',(6.35,36.,3.));
#4033 = VECTOR('',#4034,1.);
#4034 = DIRECTION('',(0.,-1.,0.));
#4035 = ORIENTED_EDGE('',*,*,#4036,.F.);
#4036 = EDGE_CURVE('',#4037,#4029,#4039,.T.);
#4037 = VERTEX_POINT('',#4038);
#4038 = CARTESIAN_POINT('',(6.35,79.5,5.));
#4039 = LINE('',#4040,#4041);
#4040 = CARTESIAN_POINT('',(6.35,79.5,5.));
#4041 = VECTOR('',#4042,1.);
#4042 = DIRECTION('',(0.,0.,-1.));
#4043 = ORIENTED_EDGE('',*,*,#4044,.F.);
#4044 = EDGE_CURVE('',#4045,#4037,#4047,.T.);
#4045 = VERTEX_POINT('',#4046);
#4046 = CARTESIAN_POINT('',(6.35,75.5,5.));
#4047 = LINE('',#4048,#4049);
#4048 = CARTESIAN_POINT('',(6.35,-8.,5.));
#4049 = VECTOR('',#4050,1.);
#4050 = DIRECTION('',(0.,1.,0.));
#4051 = ORIENTED_EDGE('',*,*,#4052,.F.);
#4052 = EDGE_CURVE('',#4053,#4045,#4055,.T.);
#4053 = VERTEX_POINT('',#4054);
#4054 = CARTESIAN_POINT('',(6.35,75.5,3.));
#4055 = LINE('',#4056,#4057);
#4056 = CARTESIAN_POINT('',(6.35,75.5,5.));
#4057 = VECTOR('',#4058,1.);
#4058 = DIRECTION('',(0.,0.,1.));
#4059 = ORIENTED_EDGE('',*,*,#4060,.T.);
#4060 = EDGE_CURVE('',#4053,#4061,#4063,.T.);
#4061 = VERTEX_POINT('',#4062);
#4062 = CARTESIAN_POINT('',(6.35,74.5,3.));
#4063 = LINE('',#4064,#4065);
#4064 = CARTESIAN_POINT('',(6.35,33.5,3.));
#4065 = VECTOR('',#4066,1.);
#4066 = DIRECTION('',(0.,-1.,0.));
#4067 = ORIENTED_EDGE('',*,*,#4068,.F.);
#4068 = EDGE_CURVE('',#4069,#4061,#4071,.T.);
#4069 = VERTEX_POINT('',#4070);
#4070 = CARTESIAN_POINT('',(6.35,74.5,5.));
#4071 = LINE('',#4072,#4073);
#4072 = CARTESIAN_POINT('',(6.35,74.5,5.));
#4073 = VECTOR('',#4074,1.);
#4074 = DIRECTION('',(0.,0.,-1.));
#4075 = ORIENTED_EDGE('',*,*,#4076,.F.);
#4076 = EDGE_CURVE('',#4077,#4069,#4079,.T.);
#4077 = VERTEX_POINT('',#4078);
#4078 = CARTESIAN_POINT('',(6.35,70.5,5.));
#4079 = LINE('',#4080,#4081);
#4080 = CARTESIAN_POINT('',(6.35,-8.,5.));
#4081 = VECTOR('',#4082,1.);
#4082 = DIRECTION('',(0.,1.,0.));
#4083 = ORIENTED_EDGE('',*,*,#4084,.F.);
#4084 = EDGE_CURVE('',#4085,#4077,#4087,.T.);
#4085 = VERTEX_POINT('',#4086);
#4086 = CARTESIAN_POINT('',(6.35,70.5,3.));
#4087 = LINE('',#4088,#4089);
#4088 = CARTESIAN_POINT('',(6.35,70.5,5.));
#4089 = VECTOR('',#4090,1.);
#4090 = DIRECTION('',(0.,0.,1.));
#4091 = ORIENTED_EDGE('',*,*,#4092,.T.);
#4092 = EDGE_CURVE('',#4085,#4093,#4095,.T.);
#4093 = VERTEX_POINT('',#4094);
#4094 = CARTESIAN_POINT('',(6.35,69.5,3.));
#4095 = LINE('',#4096,#4097);
#4096 = CARTESIAN_POINT('',(6.35,31.,3.));
#4097 = VECTOR('',#4098,1.);
#4098 = DIRECTION('',(0.,-1.,0.));
#4099 = ORIENTED_EDGE('',*,*,#4100,.F.);
#4100 = EDGE_CURVE('',#4101,#4093,#4103,.T.);
#4101 = VERTEX_POINT('',#4102);
#4102 = CARTESIAN_POINT('',(6.35,69.5,5.));
#4103 = LINE('',#4104,#4105);
#4104 = CARTESIAN_POINT('',(6.35,69.5,5.));
#4105 = VECTOR('',#4106,1.);
#4106 = DIRECTION('',(0.,0.,-1.));
#4107 = ORIENTED_EDGE('',*,*,#4108,.F.);
#4108 = EDGE_CURVE('',#4109,#4101,#4111,.T.);
#4109 = VERTEX_POINT('',#4110);
#4110 = CARTESIAN_POINT('',(6.35,65.5,5.));
#4111 = LINE('',#4112,#4113);
#4112 = CARTESIAN_POINT('',(6.35,-8.,5.));
#4113 = VECTOR('',#4114,1.);
#4114 = DIRECTION('',(0.,1.,0.));
#4115 = ORIENTED_EDGE('',*,*,#4116,.F.);
#4116 = EDGE_CURVE('',#4117,#4109,#4119,.T.);
#4117 = VERTEX_POINT('',#4118);
#4118 = CARTESIAN_POINT('',(6.35,65.5,3.));
#4119 = LINE('',#4120,#4121);
#4120 = CARTESIAN_POINT('',(6.35,65.5,5.));
#4121 = VECTOR('',#4122,1.);
#4122 = DIRECTION('',(0.,0.,1.));
#4123 = ORIENTED_EDGE('',*,*,#4124,.T.);
#4124 = EDGE_CURVE('',#4117,#4125,#4127,.T.);
#4125 = VERTEX_POINT('',#4126);
#4126 = CARTESIAN_POINT('',(6.35,64.5,3.));
#4127 = LINE('',#4128,#4129);
#4128 = CARTESIAN_POINT('',(6.35,28.5,3.));
#4129 = VECTOR('',#4130,1.);
#4130 = DIRECTION('',(0.,-1.,0.));
#4131 = ORIENTED_EDGE('',*,*,#4132,.F.);
#4132 = EDGE_CURVE('',#4133,#4125,#4135,.T.);
#4133 = VERTEX_POINT('',#4134);
#4134 = CARTESIAN_POINT('',(6.35,64.5,5.));
#4135 = LINE('',#4136,#4137);
#4136 = CARTESIAN_POINT('',(6.35,64.5,5.));
#4137 = VECTOR('',#4138,1.);
#4138 = DIRECTION('',(0.,0.,-1.));
#4139 = ORIENTED_EDGE('',*,*,#4140,.F.);
#4140 = EDGE_CURVE('',#4141,#4133,#4143,.T.);
#4141 = VERTEX_POINT('',#4142);
#4142 = CARTESIAN_POINT('',(6.35,60.5,5.));
#4143 = LINE('',#4144,#4145);
#4144 = CARTESIAN_POINT('',(6.35,-8.,5.));
#4145 = VECTOR('',#4146,1.);
#4146 = DIRECTION('',(0.,1.,0.));
#4147 = ORIENTED_EDGE('',*,*,#4148,.F.);
#4148 = EDGE_CURVE('',#4149,#4141,#4151,.T.);
#4149 = VERTEX_POINT('',#4150);
#4150 = CARTESIAN_POINT('',(6.35,60.5,3.));
#4151 = LINE('',#4152,#4153);
#4152 = CARTESIAN_POINT('',(6.35,60.5,5.));
#4153 = VECTOR('',#4154,1.);
#4154 = DIRECTION('',(0.,0.,1.));
#4155 = ORIENTED_EDGE('',*,*,#4156,.T.);
#4156 = EDGE_CURVE('',#4149,#4157,#4159,.T.);
#4157 = VERTEX_POINT('',#4158);
#4158 = CARTESIAN_POINT('',(6.35,59.5,3.));
#4159 = LINE('',#4160,#4161);
#4160 = CARTESIAN_POINT('',(6.35,26.,3.));
#4161 = VECTOR('',#4162,1.);
#4162 = DIRECTION('',(0.,-1.,0.));
#4163 = ORIENTED_EDGE('',*,*,#4164,.F.);
#4164 = EDGE_CURVE('',#4165,#4157,#4167,.T.);
#4165 = VERTEX_POINT('',#4166);
#4166 = CARTESIAN_POINT('',(6.35,59.5,5.));
#4167 = LINE('',#4168,#4169);
#4168 = CARTESIAN_POINT('',(6.35,59.5,5.));
#4169 = VECTOR('',#4170,1.);
#4170 = DIRECTION('',(0.,0.,-1.));
#4171 = ORIENTED_EDGE('',*,*,#4172,.F.);
#4172 = EDGE_CURVE('',#4173,#4165,#4175,.T.);
#4173 = VERTEX_POINT('',#4174);
#4174 = CARTESIAN_POINT('',(6.35,55.5,5.));
#4175 = LINE('',#4176,#4177);
#4176 = CARTESIAN_POINT('',(6.35,-8.,5.));
#4177 = VECTOR('',#4178,1.);
#4178 = DIRECTION('',(0.,1.,0.));
#4179 = ORIENTED_EDGE('',*,*,#4180,.F.);
#4180 = EDGE_CURVE('',#4181,#4173,#4183,.T.);
#4181 = VERTEX_POINT('',#4182);
#4182 = CARTESIAN_POINT('',(6.35,55.5,3.));
#4183 = LINE('',#4184,#4185);
#4184 = CARTESIAN_POINT('',(6.35,55.5,5.));
#4185 = VECTOR('',#4186,1.);
#4186 = DIRECTION('',(0.,0.,1.));
#4187 = ORIENTED_EDGE('',*,*,#4188,.T.);
#4188 = EDGE_CURVE('',#4181,#4189,#4191,.T.);
#4189 = VERTEX_POINT('',#4190);
#4190 = CARTESIAN_POINT('',(6.35,54.5,3.));
#4191 = LINE('',#4192,#4193);
#4192 = CARTESIAN_POINT('',(6.35,23.5,3.));
#4193 = VECTOR('',#4194,1.);
#4194 = DIRECTION('',(0.,-1.,0.));
#4195 = ORIENTED_EDGE('',*,*,#4196,.F.);
#4196 = EDGE_CURVE('',#4197,#4189,#4199,.T.);
#4197 = VERTEX_POINT('',#4198);
#4198 = CARTESIAN_POINT('',(6.35,54.5,5.));
#4199 = LINE('',#4200,#4201);
#4200 = CARTESIAN_POINT('',(6.35,54.5,5.));
#4201 = VECTOR('',#4202,1.);
#4202 = DIRECTION('',(0.,0.,-1.));
#4203 = ORIENTED_EDGE('',*,*,#4204,.F.);
#4204 = EDGE_CURVE('',#4205,#4197,#4207,.T.);
#4205 = VERTEX_POINT('',#4206);
#4206 = CARTESIAN_POINT('',(6.35,50.5,5.));
#4207 = LINE('',#4208,#4209);
#4208 = CARTESIAN_POINT('',(6.35,-8.,5.));
#4209 = VECTOR('',#4210,1.);
#4210 = DIRECTION('',(0.,1.,0.));
#4211 = ORIENTED_EDGE('',*,*,#4212,.F.);
#4212 = EDGE_CURVE('',#4213,#4205,#4215,.T.);
#4213 = VERTEX_POINT('',#4214);
#4214 = CARTESIAN_POINT('',(6.35,50.5,3.));
#4215 = LINE('',#4216,#4217);
#4216 = CARTESIAN_POINT('',(6.35,50.5,5.));
#4217 = VECTOR('',#4218,1.);
#4218 = DIRECTION('',(0.,0.,1.));
#4219 = ORIENTED_EDGE('',*,*,#4220,.T.);
#4220 = EDGE_CURVE('',#4213,#4221,#4223,.T.);
#4221 = VERTEX_POINT('',#4222);
#4222 = CARTESIAN_POINT('',(6.35,49.5,3.));
#4223 = LINE('',#4224,#4225);
#4224 = CARTESIAN_POINT('',(6.35,21.,3.));
#4225 = VECTOR('',#4226,1.);
#4226 = DIRECTION('',(0.,-1.,0.));
#4227 = ORIENTED_EDGE('',*,*,#4228,.F.);
#4228 = EDGE_CURVE('',#4229,#4221,#4231,.T.);
#4229 = VERTEX_POINT('',#4230);
#4230 = CARTESIAN_POINT('',(6.35,49.5,5.));
#4231 = LINE('',#4232,#4233);
#4232 = CARTESIAN_POINT('',(6.35,49.5,5.));
#4233 = VECTOR('',#4234,1.);
#4234 = DIRECTION('',(0.,0.,-1.));
#4235 = ORIENTED_EDGE('',*,*,#4236,.F.);
#4236 = EDGE_CURVE('',#4237,#4229,#4239,.T.);
#4237 = VERTEX_POINT('',#4238);
#4238 = CARTESIAN_POINT('',(6.35,45.5,5.));
#4239 = LINE('',#4240,#4241);
#4240 = CARTESIAN_POINT('',(6.35,-8.,5.));
#4241 = VECTOR('',#4242,1.);
#4242 = DIRECTION('',(0.,1.,0.));
#4243 = ORIENTED_EDGE('',*,*,#4244,.F.);
#4244 = EDGE_CURVE('',#4245,#4237,#4247,.T.);
#4245 = VERTEX_POINT('',#4246);
#4246 = CARTESIAN_POINT('',(6.35,45.5,3.));
#4247 = LINE('',#4248,#4249);
#4248 = CARTESIAN_POINT('',(6.35,45.5,5.));
#4249 = VECTOR('',#4250,1.);
#4250 = DIRECTION('',(0.,0.,1.));
#4251 = ORIENTED_EDGE('',*,*,#4252,.T.);
#4252 = EDGE_CURVE('',#4245,#4253,#4255,.T.);
#4253 = VERTEX_POINT('',#4254);
#4254 = CARTESIAN_POINT('',(6.35,44.5,3.));
#4255 = LINE('',#4256,#4257);
#4256 = CARTESIAN_POINT('',(6.35,18.5,3.));
#4257 = VECTOR('',#4258,1.);
#4258 = DIRECTION('',(0.,-1.,0.));
#4259 = ORIENTED_EDGE('',*,*,#4260,.F.);
#4260 = EDGE_CURVE('',#4261,#4253,#4263,.T.);
#4261 = VERTEX_POINT('',#4262);
#4262 = CARTESIAN_POINT('',(6.35,44.5,5.));
#4263 = LINE('',#4264,#4265);
#4264 = CARTESIAN_POINT('',(6.35,44.5,5.));
#4265 = VECTOR('',#4266,1.);
#4266 = DIRECTION('',(0.,0.,-1.));
#4267 = ORIENTED_EDGE('',*,*,#4268,.F.);
#4268 = EDGE_CURVE('',#4269,#4261,#4271,.T.);
#4269 = VERTEX_POINT('',#4270);
#4270 = CARTESIAN_POINT('',(6.35,40.5,5.));
#4271 = LINE('',#4272,#4273);
#4272 = CARTESIAN_POINT('',(6.35,-8.,5.));
#4273 = VECTOR('',#4274,1.);
#4274 = DIRECTION('',(0.,1.,0.));
#4275 = ORIENTED_EDGE('',*,*,#4276,.F.);
#4276 = EDGE_CURVE('',#4277,#4269,#4279,.T.);
#4277 = VERTEX_POINT('',#4278);
#4278 = CARTESIAN_POINT('',(6.35,40.5,3.));
#4279 = LINE('',#4280,#4281);
#4280 = CARTESIAN_POINT('',(6.35,40.5,5.));
#4281 = VECTOR('',#4282,1.);
#4282 = DIRECTION('',(0.,0.,1.));
#4283 = ORIENTED_EDGE('',*,*,#4284,.T.);
#4284 = EDGE_CURVE('',#4277,#4285,#4287,.T.);
#4285 = VERTEX_POINT('',#4286);
#4286 = CARTESIAN_POINT('',(6.35,39.5,3.));
#4287 = LINE('',#4288,#4289);
#4288 = CARTESIAN_POINT('',(6.35,16.,3.));
#4289 = VECTOR('',#4290,1.);
#4290 = DIRECTION('',(0.,-1.,0.));
#4291 = ORIENTED_EDGE('',*,*,#4292,.F.);
#4292 = EDGE_CURVE('',#4293,#4285,#4295,.T.);
#4293 = VERTEX_POINT('',#4294);
#4294 = CARTESIAN_POINT('',(6.35,39.5,5.));
#4295 = LINE('',#4296,#4297);
#4296 = CARTESIAN_POINT('',(6.35,39.5,5.));
#4297 = VECTOR('',#4298,1.);
#4298 = DIRECTION('',(0.,0.,-1.));
#4299 = ORIENTED_EDGE('',*,*,#4300,.F.);
#4300 = EDGE_CURVE('',#4301,#4293,#4303,.T.);
#4301 = VERTEX_POINT('',#4302);
#4302 = CARTESIAN_POINT('',(6.35,35.5,5.));
#4303 = LINE('',#4304,#4305);
#4304 = CARTESIAN_POINT('',(6.35,-8.,5.));
#4305 = VECTOR('',#4306,1.);
#4306 = DIRECTION('',(0.,1.,0.));
#4307 = ORIENTED_EDGE('',*,*,#4308,.F.);
#4308 = EDGE_CURVE('',#4309,#4301,#4311,.T.);
#4309 = VERTEX_POINT('',#4310);
#4310 = CARTESIAN_POINT('',(6.35,35.5,3.));
#4311 = LINE('',#4312,#4313);
#4312 = CARTESIAN_POINT('',(6.35,35.5,5.));
#4313 = VECTOR('',#4314,1.);
#4314 = DIRECTION('',(0.,0.,1.));
#4315 = ORIENTED_EDGE('',*,*,#4316,.T.);
#4316 = EDGE_CURVE('',#4309,#4317,#4319,.T.);
#4317 = VERTEX_POINT('',#4318);
#4318 = CARTESIAN_POINT('',(6.35,34.5,3.));
#4319 = LINE('',#4320,#4321);
#4320 = CARTESIAN_POINT('',(6.35,13.5,3.));
#4321 = VECTOR('',#4322,1.);
#4322 = DIRECTION('',(0.,-1.,0.));
#4323 = ORIENTED_EDGE('',*,*,#4324,.F.);
#4324 = EDGE_CURVE('',#4325,#4317,#4327,.T.);
#4325 = VERTEX_POINT('',#4326);
#4326 = CARTESIAN_POINT('',(6.35,34.5,5.));
#4327 = LINE('',#4328,#4329);
#4328 = CARTESIAN_POINT('',(6.35,34.5,5.));
#4329 = VECTOR('',#4330,1.);
#4330 = DIRECTION('',(0.,0.,-1.));
#4331 = ORIENTED_EDGE('',*,*,#4332,.F.);
#4332 = EDGE_CURVE('',#4333,#4325,#4335,.T.);
#4333 = VERTEX_POINT('',#4334);
#4334 = CARTESIAN_POINT('',(6.35,30.5,5.));
#4335 = LINE('',#4336,#4337);
#4336 = CARTESIAN_POINT('',(6.35,-8.,5.));
#4337 = VECTOR('',#4338,1.);
#4338 = DIRECTION('',(0.,1.,0.));
#4339 = ORIENTED_EDGE('',*,*,#4340,.F.);
#4340 = EDGE_CURVE('',#4341,#4333,#4343,.T.);
#4341 = VERTEX_POINT('',#4342);
#4342 = CARTESIAN_POINT('',(6.35,30.5,3.));
#4343 = LINE('',#4344,#4345);
#4344 = CARTESIAN_POINT('',(6.35,30.5,5.));
#4345 = VECTOR('',#4346,1.);
#4346 = DIRECTION('',(0.,0.,1.));
#4347 = ORIENTED_EDGE('',*,*,#4348,.T.);
#4348 = EDGE_CURVE('',#4341,#4349,#4351,.T.);
#4349 = VERTEX_POINT('',#4350);
#4350 = CARTESIAN_POINT('',(6.35,29.5,3.));
#4351 = LINE('',#4352,#4353);
#4352 = CARTESIAN_POINT('',(6.35,11.,3.));
#4353 = VECTOR('',#4354,1.);
#4354 = DIRECTION('',(0.,-1.,0.));
#4355 = ORIENTED_EDGE('',*,*,#4356,.F.);
#4356 = EDGE_CURVE('',#4357,#4349,#4359,.T.);
#4357 = VERTEX_POINT('',#4358);
#4358 = CARTESIAN_POINT('',(6.35,29.5,5.));
#4359 = LINE('',#4360,#4361);
#4360 = CARTESIAN_POINT('',(6.35,29.5,5.));
#4361 = VECTOR('',#4362,1.);
#4362 = DIRECTION('',(0.,0.,-1.));
#4363 = ORIENTED_EDGE('',*,*,#4364,.F.);
#4364 = EDGE_CURVE('',#4365,#4357,#4367,.T.);
#4365 = VERTEX_POINT('',#4366);
#4366 = CARTESIAN_POINT('',(6.35,25.5,5.));
#4367 = LINE('',#4368,#4369);
#4368 = CARTESIAN_POINT('',(6.35,-8.,5.));
#4369 = VECTOR('',#4370,1.);
#4370 = DIRECTION('',(0.,1.,0.));
#4371 = ORIENTED_EDGE('',*,*,#4372,.F.);
#4372 = EDGE_CURVE('',#4373,#4365,#4375,.T.);
#4373 = VERTEX_POINT('',#4374);
#4374 = CARTESIAN_POINT('',(6.35,25.5,3.));
#4375 = LINE('',#4376,#4377);
#4376 = CARTESIAN_POINT('',(6.35,25.5,5.));
#4377 = VECTOR('',#4378,1.);
#4378 = DIRECTION('',(0.,0.,1.));
#4379 = ORIENTED_EDGE('',*,*,#4380,.T.);
#4380 = EDGE_CURVE('',#4373,#4381,#4383,.T.);
#4381 = VERTEX_POINT('',#4382);
#4382 = CARTESIAN_POINT('',(6.35,24.5,3.));
#4383 = LINE('',#4384,#4385);
#4384 = CARTESIAN_POINT('',(6.35,8.5,3.));
#4385 = VECTOR('',#4386,1.);
#4386 = DIRECTION('',(0.,-1.,0.));
#4387 = ORIENTED_EDGE('',*,*,#4388,.F.);
#4388 = EDGE_CURVE('',#4389,#4381,#4391,.T.);
#4389 = VERTEX_POINT('',#4390);
#4390 = CARTESIAN_POINT('',(6.35,24.5,5.));
#4391 = LINE('',#4392,#4393);
#4392 = CARTESIAN_POINT('',(6.35,24.5,5.));
#4393 = VECTOR('',#4394,1.);
#4394 = DIRECTION('',(0.,0.,-1.));
#4395 = ORIENTED_EDGE('',*,*,#4396,.F.);
#4396 = EDGE_CURVE('',#4397,#4389,#4399,.T.);
#4397 = VERTEX_POINT('',#4398);
#4398 = CARTESIAN_POINT('',(6.35,20.5,5.));
#4399 = LINE('',#4400,#4401);
#4400 = CARTESIAN_POINT('',(6.35,-8.,5.));
#4401 = VECTOR('',#4402,1.);
#4402 = DIRECTION('',(0.,1.,0.));
#4403 = ORIENTED_EDGE('',*,*,#4404,.F.);
#4404 = EDGE_CURVE('',#4405,#4397,#4407,.T.);
#4405 = VERTEX_POINT('',#4406);
#4406 = CARTESIAN_POINT('',(6.35,20.5,3.));
#4407 = LINE('',#4408,#4409);
#4408 = CARTESIAN_POINT('',(6.35,20.5,5.));
#4409 = VECTOR('',#4410,1.);
#4410 = DIRECTION('',(0.,0.,1.));
#4411 = ORIENTED_EDGE('',*,*,#4412,.T.);
#4412 = EDGE_CURVE('',#4405,#4413,#4415,.T.);
#4413 = VERTEX_POINT('',#4414);
#4414 = CARTESIAN_POINT('',(6.35,19.5,3.));
#4415 = LINE('',#4416,#4417);
#4416 = CARTESIAN_POINT('',(6.35,6.,3.));
#4417 = VECTOR('',#4418,1.);
#4418 = DIRECTION('',(0.,-1.,0.));
#4419 = ORIENTED_EDGE('',*,*,#4420,.F.);
#4420 = EDGE_CURVE('',#4421,#4413,#4423,.T.);
#4421 = VERTEX_POINT('',#4422);
#4422 = CARTESIAN_POINT('',(6.35,19.5,5.));
#4423 = LINE('',#4424,#4425);
#4424 = CARTESIAN_POINT('',(6.35,19.5,5.));
#4425 = VECTOR('',#4426,1.);
#4426 = DIRECTION('',(0.,0.,-1.));
#4427 = ORIENTED_EDGE('',*,*,#4428,.F.);
#4428 = EDGE_CURVE('',#4429,#4421,#4431,.T.);
#4429 = VERTEX_POINT('',#4430);
#4430 = CARTESIAN_POINT('',(6.35,15.5,5.));
#4431 = LINE('',#4432,#4433);
#4432 = CARTESIAN_POINT('',(6.35,-8.,5.));
#4433 = VECTOR('',#4434,1.);
#4434 = DIRECTION('',(0.,1.,0.));
#4435 = ORIENTED_EDGE('',*,*,#4436,.F.);
#4436 = EDGE_CURVE('',#4437,#4429,#4439,.T.);
#4437 = VERTEX_POINT('',#4438);
#4438 = CARTESIAN_POINT('',(6.35,15.5,3.));
#4439 = LINE('',#4440,#4441);
#4440 = CARTESIAN_POINT('',(6.35,15.5,5.));
#4441 = VECTOR('',#4442,1.);
#4442 = DIRECTION('',(0.,0.,1.));
#4443 = ORIENTED_EDGE('',*,*,#4444,.T.);
#4444 = EDGE_CURVE('',#4437,#4445,#4447,.T.);
#4445 = VERTEX_POINT('',#4446);
#4446 = CARTESIAN_POINT('',(6.35,14.5,3.));
#4447 = LINE('',#4448,#4449);
#4448 = CARTESIAN_POINT('',(6.35,3.5,3.));
#4449 = VECTOR('',#4450,1.);
#4450 = DIRECTION('',(0.,-1.,0.));
#4451 = ORIENTED_EDGE('',*,*,#4452,.F.);
#4452 = EDGE_CURVE('',#4453,#4445,#4455,.T.);
#4453 = VERTEX_POINT('',#4454);
#4454 = CARTESIAN_POINT('',(6.35,14.5,5.));
#4455 = LINE('',#4456,#4457);
#4456 = CARTESIAN_POINT('',(6.35,14.5,5.));
#4457 = VECTOR('',#4458,1.);
#4458 = DIRECTION('',(0.,0.,-1.));
#4459 = ORIENTED_EDGE('',*,*,#4460,.F.);
#4460 = EDGE_CURVE('',#4461,#4453,#4463,.T.);
#4461 = VERTEX_POINT('',#4462);
#4462 = CARTESIAN_POINT('',(6.35,10.5,5.));
#4463 = LINE('',#4464,#4465);
#4464 = CARTESIAN_POINT('',(6.35,-8.,5.));
#4465 = VECTOR('',#4466,1.);
#4466 = DIRECTION('',(0.,1.,0.));
#4467 = ORIENTED_EDGE('',*,*,#4468,.F.);
#4468 = EDGE_CURVE('',#4469,#4461,#4471,.T.);
#4469 = VERTEX_POINT('',#4470);
#4470 = CARTESIAN_POINT('',(6.35,10.5,3.));
#4471 = LINE('',#4472,#4473);
#4472 = CARTESIAN_POINT('',(6.35,10.5,5.));
#4473 = VECTOR('',#4474,1.);
#4474 = DIRECTION('',(0.,0.,1.));
#4475 = ORIENTED_EDGE('',*,*,#4476,.T.);
#4476 = EDGE_CURVE('',#4469,#4477,#4479,.T.);
#4477 = VERTEX_POINT('',#4478);
#4478 = CARTESIAN_POINT('',(6.35,9.5,3.));
#4479 = LINE('',#4480,#4481);
#4480 = CARTESIAN_POINT('',(6.35,1.,3.));
#4481 = VECTOR('',#4482,1.);
#4482 = DIRECTION('',(0.,-1.,0.));
#4483 = ORIENTED_EDGE('',*,*,#4484,.F.);
#4484 = EDGE_CURVE('',#4485,#4477,#4487,.T.);
#4485 = VERTEX_POINT('',#4486);
#4486 = CARTESIAN_POINT('',(6.35,9.5,5.));
#4487 = LINE('',#4488,#4489);
#4488 = CARTESIAN_POINT('',(6.35,9.5,5.));
#4489 = VECTOR('',#4490,1.);
#4490 = DIRECTION('',(0.,0.,-1.));
#4491 = ORIENTED_EDGE('',*,*,#4492,.F.);
#4492 = EDGE_CURVE('',#4493,#4485,#4495,.T.);
#4493 = VERTEX_POINT('',#4494);
#4494 = CARTESIAN_POINT('',(6.35,5.5,5.));
#4495 = LINE('',#4496,#4497);
#4496 = CARTESIAN_POINT('',(6.35,-8.,5.));
#4497 = VECTOR('',#4498,1.);
#4498 = DIRECTION('',(0.,1.,0.));
#4499 = ORIENTED_EDGE('',*,*,#4500,.F.);
#4500 = EDGE_CURVE('',#4501,#4493,#4503,.T.);
#4501 = VERTEX_POINT('',#4502);
#4502 = CARTESIAN_POINT('',(6.35,5.5,3.));
#4503 = LINE('',#4504,#4505);
#4504 = CARTESIAN_POINT('',(6.35,5.5,5.));
#4505 = VECTOR('',#4506,1.);
#4506 = DIRECTION('',(0.,0.,1.));
#4507 = ORIENTED_EDGE('',*,*,#4508,.T.);
#4508 = EDGE_CURVE('',#4501,#4509,#4511,.T.);
#4509 = VERTEX_POINT('',#4510);
#4510 = CARTESIAN_POINT('',(6.35,4.5,3.));
#4511 = LINE('',#4512,#4513);
#4512 = CARTESIAN_POINT('',(6.35,-1.5,3.));
#4513 = VECTOR('',#4514,1.);
#4514 = DIRECTION('',(0.,-1.,0.));
#4515 = ORIENTED_EDGE('',*,*,#4516,.F.);
#4516 = EDGE_CURVE('',#4517,#4509,#4519,.T.);
#4517 = VERTEX_POINT('',#4518);
#4518 = CARTESIAN_POINT('',(6.35,4.5,5.));
#4519 = LINE('',#4520,#4521);
#4520 = CARTESIAN_POINT('',(6.35,4.5,5.));
#4521 = VECTOR('',#4522,1.);
#4522 = DIRECTION('',(0.,0.,-1.));
#4523 = ORIENTED_EDGE('',*,*,#4524,.F.);
#4524 = EDGE_CURVE('',#4525,#4517,#4527,.T.);
#4525 = VERTEX_POINT('',#4526);
#4526 = CARTESIAN_POINT('',(6.35,0.5,5.));
#4527 = LINE('',#4528,#4529);
#4528 = CARTESIAN_POINT('',(6.35,-8.,5.));
#4529 = VECTOR('',#4530,1.);
#4530 = DIRECTION('',(0.,1.,0.));
#4531 = ORIENTED_EDGE('',*,*,#4532,.F.);
#4532 = EDGE_CURVE('',#4533,#4525,#4535,.T.);
#4533 = VERTEX_POINT('',#4534);
#4534 = CARTESIAN_POINT('',(6.35,0.5,3.));
#4535 = LINE('',#4536,#4537);
#4536 = CARTESIAN_POINT('',(6.35,0.5,5.));
#4537 = VECTOR('',#4538,1.);
#4538 = DIRECTION('',(0.,0.,1.));
#4539 = ORIENTED_EDGE('',*,*,#4540,.T.);
#4540 = EDGE_CURVE('',#4533,#4541,#4543,.T.);
#4541 = VERTEX_POINT('',#4542);
#4542 = CARTESIAN_POINT('',(6.35,-0.5,3.));
#4543 = LINE('',#4544,#4545);
#4544 = CARTESIAN_POINT('',(6.35,-4.,3.));
#4545 = VECTOR('',#4546,1.);
#4546 = DIRECTION('',(0.,-1.,0.));
#4547 = ORIENTED_EDGE('',*,*,#4548,.F.);
#4548 = EDGE_CURVE('',#3868,#4541,#4549,.T.);
#4549 = LINE('',#4550,#4551);
#4550 = CARTESIAN_POINT('',(6.35,-0.5,5.));
#4551 = VECTOR('',#4552,1.);
#4552 = DIRECTION('',(0.,0.,-1.));
#4553 = PLANE('',#4554);
#4554 = AXIS2_PLACEMENT_3D('',#4555,#4556,#4557);
#4555 = CARTESIAN_POINT('',(6.35,-8.,5.));
#4556 = DIRECTION('',(1.,0.,0.));
#4557 = DIRECTION('',(0.,1.,0.));
#4558 = ADVANCED_FACE('',(#4559),#4569,.T.);
#4559 = FACE_BOUND('',#4560,.T.);
#4560 = EDGE_LOOP('',(#4561,#4562,#4563,#4564,#4565,#4566,#4567,#4568));
#4561 = ORIENTED_EDGE('',*,*,#938,.T.);
#4562 = ORIENTED_EDGE('',*,*,#3768,.T.);
#4563 = ORIENTED_EDGE('',*,*,#891,.T.);
#4564 = ORIENTED_EDGE('',*,*,#3893,.T.);
#4565 = ORIENTED_EDGE('',*,*,#1766,.T.);
#4566 = ORIENTED_EDGE('',*,*,#1741,.T.);
#4567 = ORIENTED_EDGE('',*,*,#1052,.T.);
#4568 = ORIENTED_EDGE('',*,*,#987,.F.);
#4569 = PLANE('',#4570);
#4570 = AXIS2_PLACEMENT_3D('',#4571,#4572,#4573);
#4571 = CARTESIAN_POINT('',(0.,50.,2.));
#4572 = DIRECTION('',(0.,0.,1.));
#4573 = DIRECTION('',(1.,0.,0.));
#4574 = ADVANCED_FACE('',(#4575),#4592,.T.);
#4575 = FACE_BOUND('',#4576,.T.);
#4576 = EDGE_LOOP('',(#4577,#4578,#4584,#4585,#4586));
#4577 = ORIENTED_EDGE('',*,*,#4540,.T.);
#4578 = ORIENTED_EDGE('',*,*,#4579,.T.);
#4579 = EDGE_CURVE('',#4541,#1014,#4580,.T.);
#4580 = LINE('',#4581,#4582);
#4581 = CARTESIAN_POINT('',(-19.05,-0.5,3.));
#4582 = VECTOR('',#4583,1.);
#4583 = DIRECTION('',(1.,0.,0.));
#4584 = ORIENTED_EDGE('',*,*,#1021,.T.);
#4585 = ORIENTED_EDGE('',*,*,#1069,.T.);
#4586 = ORIENTED_EDGE('',*,*,#4587,.T.);
#4587 = EDGE_CURVE('',#1070,#4533,#4588,.T.);
#4588 = LINE('',#4589,#4590);
#4589 = CARTESIAN_POINT('',(19.05,0.5,3.));
#4590 = VECTOR('',#4591,1.);
#4591 = DIRECTION('',(-1.,0.,0.));
#4592 = PLANE('',#4593);
#4593 = AXIS2_PLACEMENT_3D('',#4594,#4595,#4596);
#4594 = CARTESIAN_POINT('',(1.8E-16,0.,3.));
#4595 = DIRECTION('',(0.,0.,1.));
#4596 = DIRECTION('',(1.,0.,0.));
#4597 = ADVANCED_FACE('',(#4598),#4604,.F.);
#4598 = FACE_BOUND('',#4599,.F.);
#4599 = EDGE_LOOP('',(#4600,#4601,#4602,#4603));
#4600 = ORIENTED_EDGE('',*,*,#3867,.F.);
#4601 = ORIENTED_EDGE('',*,*,#4548,.T.);
#4602 = ORIENTED_EDGE('',*,*,#4579,.T.);
#4603 = ORIENTED_EDGE('',*,*,#1013,.F.);
#4604 = PLANE('',#4605);
#4605 = AXIS2_PLACEMENT_3D('',#4606,#4607,#4608);
#4606 = CARTESIAN_POINT('',(-19.05,-0.5,5.));
#4607 = DIRECTION('',(0.,-1.,0.));
#4608 = DIRECTION('',(1.,0.,0.));
#4609 = ADVANCED_FACE('',(#4610),#4620,.T.);
#4610 = FACE_BOUND('',#4611,.T.);
#4611 = EDGE_LOOP('',(#4612,#4613,#4619));
#4612 = ORIENTED_EDGE('',*,*,#3900,.T.);
#4613 = ORIENTED_EDGE('',*,*,#4614,.T.);
#4614 = EDGE_CURVE('',#3901,#1702,#4615,.T.);
#4615 = LINE('',#4616,#4617);
#4616 = CARTESIAN_POINT('',(-19.05,99.5,3.));
#4617 = VECTOR('',#4618,1.);
#4618 = DIRECTION('',(1.,0.,0.));
#4619 = ORIENTED_EDGE('',*,*,#1709,.T.);
#4620 = PLANE('',#4621);
#4621 = AXIS2_PLACEMENT_3D('',#4622,#4623,#4624);
#4622 = CARTESIAN_POINT('',(1.8E-16,100.,3.));
#4623 = DIRECTION('',(0.,0.,1.));
#4624 = DIRECTION('',(1.,0.,0.));
#4625 = ADVANCED_FACE('',(#4626),#4637,.F.);
#4626 = FACE_BOUND('',#4627,.F.);
#4627 = EDGE_LOOP('',(#4628,#4634,#4635,#4636));
#4628 = ORIENTED_EDGE('',*,*,#4629,.F.);
#4629 = EDGE_CURVE('',#3909,#1694,#4630,.T.);
#4630 = LINE('',#4631,#4632);
#4631 = CARTESIAN_POINT('',(-19.05,99.5,5.));
#4632 = VECTOR('',#4633,1.);
#4633 = DIRECTION('',(1.,0.,0.));
#4634 = ORIENTED_EDGE('',*,*,#3908,.T.);
#4635 = ORIENTED_EDGE('',*,*,#4614,.T.);
#4636 = ORIENTED_EDGE('',*,*,#1701,.T.);
#4637 = PLANE('',#4638);
#4638 = AXIS2_PLACEMENT_3D('',#4639,#4640,#4641);
#4639 = CARTESIAN_POINT('',(-19.05,99.5,5.));
#4640 = DIRECTION('',(0.,-1.,0.));
#4641 = DIRECTION('',(1.,0.,0.));
#4642 = ADVANCED_FACE('',(#4643),#4654,.T.);
#4643 = FACE_BOUND('',#4644,.T.);
#4644 = EDGE_LOOP('',(#4645,#4646,#4652,#4653));
#4645 = ORIENTED_EDGE('',*,*,#3916,.F.);
#4646 = ORIENTED_EDGE('',*,*,#4647,.F.);
#4647 = EDGE_CURVE('',#1686,#3917,#4648,.T.);
#4648 = LINE('',#4649,#4650);
#4649 = CARTESIAN_POINT('',(19.05,95.5,5.));
#4650 = VECTOR('',#4651,1.);
#4651 = DIRECTION('',(-1.,0.,0.));
#4652 = ORIENTED_EDGE('',*,*,#1693,.T.);
#4653 = ORIENTED_EDGE('',*,*,#4629,.F.);
#4654 = PLANE('',#4655);
#4655 = AXIS2_PLACEMENT_3D('',#4656,#4657,#4658);
#4656 = CARTESIAN_POINT('',(2.2E-16,44.820089316694,5.));
#4657 = DIRECTION('',(0.,0.,1.));
#4658 = DIRECTION('',(1.,0.,0.));
#4659 = ADVANCED_FACE('',(#4660),#4671,.F.);
#4660 = FACE_BOUND('',#4661,.F.);
#4661 = EDGE_LOOP('',(#4662,#4663,#4664,#4670));
#4662 = ORIENTED_EDGE('',*,*,#4647,.F.);
#4663 = ORIENTED_EDGE('',*,*,#1685,.T.);
#4664 = ORIENTED_EDGE('',*,*,#4665,.T.);
#4665 = EDGE_CURVE('',#1678,#3925,#4666,.T.);
#4666 = LINE('',#4667,#4668);
#4667 = CARTESIAN_POINT('',(19.05,95.5,3.));
#4668 = VECTOR('',#4669,1.);
#4669 = DIRECTION('',(-1.,0.,0.));
#4670 = ORIENTED_EDGE('',*,*,#3924,.T.);
#4671 = PLANE('',#4672);
#4672 = AXIS2_PLACEMENT_3D('',#4673,#4674,#4675);
#4673 = CARTESIAN_POINT('',(19.05,95.5,5.));
#4674 = DIRECTION('',(0.,1.,0.));
#4675 = DIRECTION('',(-1.,0.,0.));
#4676 = ADVANCED_FACE('',(#4677),#4688,.T.);
#4677 = FACE_BOUND('',#4678,.T.);
#4678 = EDGE_LOOP('',(#4679,#4680,#4686,#4687));
#4679 = ORIENTED_EDGE('',*,*,#3932,.T.);
#4680 = ORIENTED_EDGE('',*,*,#4681,.T.);
#4681 = EDGE_CURVE('',#3933,#1670,#4682,.T.);
#4682 = LINE('',#4683,#4684);
#4683 = CARTESIAN_POINT('',(-19.05,94.5,3.));
#4684 = VECTOR('',#4685,1.);
#4685 = DIRECTION('',(1.,0.,0.));
#4686 = ORIENTED_EDGE('',*,*,#1677,.T.);
#4687 = ORIENTED_EDGE('',*,*,#4665,.T.);
#4688 = PLANE('',#4689);
#4689 = AXIS2_PLACEMENT_3D('',#4690,#4691,#4692);
#4690 = CARTESIAN_POINT('',(1.8E-16,95.,3.));
#4691 = DIRECTION('',(0.,0.,1.));
#4692 = DIRECTION('',(1.,0.,0.));
#4693 = ADVANCED_FACE('',(#4694),#4705,.F.);
#4694 = FACE_BOUND('',#4695,.F.);
#4695 = EDGE_LOOP('',(#4696,#4702,#4703,#4704));
#4696 = ORIENTED_EDGE('',*,*,#4697,.F.);
#4697 = EDGE_CURVE('',#3941,#1662,#4698,.T.);
#4698 = LINE('',#4699,#4700);
#4699 = CARTESIAN_POINT('',(-19.05,94.5,5.));
#4700 = VECTOR('',#4701,1.);
#4701 = DIRECTION('',(1.,0.,0.));
#4702 = ORIENTED_EDGE('',*,*,#3940,.T.);
#4703 = ORIENTED_EDGE('',*,*,#4681,.T.);
#4704 = ORIENTED_EDGE('',*,*,#1669,.T.);
#4705 = PLANE('',#4706);
#4706 = AXIS2_PLACEMENT_3D('',#4707,#4708,#4709);
#4707 = CARTESIAN_POINT('',(-19.05,94.5,5.));
#4708 = DIRECTION('',(0.,-1.,0.));
#4709 = DIRECTION('',(1.,0.,0.));
#4710 = ADVANCED_FACE('',(#4711),#4722,.T.);
#4711 = FACE_BOUND('',#4712,.T.);
#4712 = EDGE_LOOP('',(#4713,#4714,#4720,#4721));
#4713 = ORIENTED_EDGE('',*,*,#3948,.F.);
#4714 = ORIENTED_EDGE('',*,*,#4715,.F.);
#4715 = EDGE_CURVE('',#1654,#3949,#4716,.T.);
#4716 = LINE('',#4717,#4718);
#4717 = CARTESIAN_POINT('',(19.05,90.5,5.));
#4718 = VECTOR('',#4719,1.);
#4719 = DIRECTION('',(-1.,0.,0.));
#4720 = ORIENTED_EDGE('',*,*,#1661,.T.);
#4721 = ORIENTED_EDGE('',*,*,#4697,.F.);
#4722 = PLANE('',#4723);
#4723 = AXIS2_PLACEMENT_3D('',#4724,#4725,#4726);
#4724 = CARTESIAN_POINT('',(2.2E-16,44.820089316694,5.));
#4725 = DIRECTION('',(0.,0.,1.));
#4726 = DIRECTION('',(1.,0.,0.));
#4727 = ADVANCED_FACE('',(#4728),#4739,.F.);
#4728 = FACE_BOUND('',#4729,.F.);
#4729 = EDGE_LOOP('',(#4730,#4731,#4732,#4738));
#4730 = ORIENTED_EDGE('',*,*,#4715,.F.);
#4731 = ORIENTED_EDGE('',*,*,#1653,.T.);
#4732 = ORIENTED_EDGE('',*,*,#4733,.T.);
#4733 = EDGE_CURVE('',#1646,#3957,#4734,.T.);
#4734 = LINE('',#4735,#4736);
#4735 = CARTESIAN_POINT('',(19.05,90.5,3.));
#4736 = VECTOR('',#4737,1.);
#4737 = DIRECTION('',(-1.,0.,0.));
#4738 = ORIENTED_EDGE('',*,*,#3956,.T.);
#4739 = PLANE('',#4740);
#4740 = AXIS2_PLACEMENT_3D('',#4741,#4742,#4743);
#4741 = CARTESIAN_POINT('',(19.05,90.5,5.));
#4742 = DIRECTION('',(0.,1.,0.));
#4743 = DIRECTION('',(-1.,0.,0.));
#4744 = ADVANCED_FACE('',(#4745),#4756,.T.);
#4745 = FACE_BOUND('',#4746,.T.);
#4746 = EDGE_LOOP('',(#4747,#4748,#4754,#4755));
#4747 = ORIENTED_EDGE('',*,*,#3964,.T.);
#4748 = ORIENTED_EDGE('',*,*,#4749,.T.);
#4749 = EDGE_CURVE('',#3965,#1638,#4750,.T.);
#4750 = LINE('',#4751,#4752);
#4751 = CARTESIAN_POINT('',(-19.05,89.5,3.));
#4752 = VECTOR('',#4753,1.);
#4753 = DIRECTION('',(1.,0.,0.));
#4754 = ORIENTED_EDGE('',*,*,#1645,.T.);
#4755 = ORIENTED_EDGE('',*,*,#4733,.T.);
#4756 = PLANE('',#4757);
#4757 = AXIS2_PLACEMENT_3D('',#4758,#4759,#4760);
#4758 = CARTESIAN_POINT('',(1.8E-16,90.,3.));
#4759 = DIRECTION('',(0.,0.,1.));
#4760 = DIRECTION('',(1.,0.,0.));
#4761 = ADVANCED_FACE('',(#4762),#4773,.F.);
#4762 = FACE_BOUND('',#4763,.F.);
#4763 = EDGE_LOOP('',(#4764,#4770,#4771,#4772));
#4764 = ORIENTED_EDGE('',*,*,#4765,.F.);
#4765 = EDGE_CURVE('',#3973,#1630,#4766,.T.);
#4766 = LINE('',#4767,#4768);
#4767 = CARTESIAN_POINT('',(-19.05,89.5,5.));
#4768 = VECTOR('',#4769,1.);
#4769 = DIRECTION('',(1.,0.,0.));
#4770 = ORIENTED_EDGE('',*,*,#3972,.T.);
#4771 = ORIENTED_EDGE('',*,*,#4749,.T.);
#4772 = ORIENTED_EDGE('',*,*,#1637,.T.);
#4773 = PLANE('',#4774);
#4774 = AXIS2_PLACEMENT_3D('',#4775,#4776,#4777);
#4775 = CARTESIAN_POINT('',(-19.05,89.5,5.));
#4776 = DIRECTION('',(0.,-1.,0.));
#4777 = DIRECTION('',(1.,0.,0.));
#4778 = ADVANCED_FACE('',(#4779),#4790,.T.);
#4779 = FACE_BOUND('',#4780,.T.);
#4780 = EDGE_LOOP('',(#4781,#4782,#4788,#4789));
#4781 = ORIENTED_EDGE('',*,*,#3980,.F.);
#4782 = ORIENTED_EDGE('',*,*,#4783,.F.);
#4783 = EDGE_CURVE('',#1622,#3981,#4784,.T.);
#4784 = LINE('',#4785,#4786);
#4785 = CARTESIAN_POINT('',(19.05,85.5,5.));
#4786 = VECTOR('',#4787,1.);
#4787 = DIRECTION('',(-1.,0.,0.));
#4788 = ORIENTED_EDGE('',*,*,#1629,.T.);
#4789 = ORIENTED_EDGE('',*,*,#4765,.F.);
#4790 = PLANE('',#4791);
#4791 = AXIS2_PLACEMENT_3D('',#4792,#4793,#4794);
#4792 = CARTESIAN_POINT('',(2.2E-16,44.820089316694,5.));
#4793 = DIRECTION('',(0.,0.,1.));
#4794 = DIRECTION('',(1.,0.,0.));
#4795 = ADVANCED_FACE('',(#4796),#4807,.F.);
#4796 = FACE_BOUND('',#4797,.F.);
#4797 = EDGE_LOOP('',(#4798,#4799,#4800,#4806));
#4798 = ORIENTED_EDGE('',*,*,#4783,.F.);
#4799 = ORIENTED_EDGE('',*,*,#1621,.T.);
#4800 = ORIENTED_EDGE('',*,*,#4801,.T.);
#4801 = EDGE_CURVE('',#1614,#3989,#4802,.T.);
#4802 = LINE('',#4803,#4804);
#4803 = CARTESIAN_POINT('',(19.05,85.5,3.));
#4804 = VECTOR('',#4805,1.);
#4805 = DIRECTION('',(-1.,0.,0.));
#4806 = ORIENTED_EDGE('',*,*,#3988,.T.);
#4807 = PLANE('',#4808);
#4808 = AXIS2_PLACEMENT_3D('',#4809,#4810,#4811);
#4809 = CARTESIAN_POINT('',(19.05,85.5,5.));
#4810 = DIRECTION('',(0.,1.,0.));
#4811 = DIRECTION('',(-1.,0.,0.));
#4812 = ADVANCED_FACE('',(#4813),#4824,.T.);
#4813 = FACE_BOUND('',#4814,.T.);
#4814 = EDGE_LOOP('',(#4815,#4816,#4822,#4823));
#4815 = ORIENTED_EDGE('',*,*,#3996,.T.);
#4816 = ORIENTED_EDGE('',*,*,#4817,.T.);
#4817 = EDGE_CURVE('',#3997,#1606,#4818,.T.);
#4818 = LINE('',#4819,#4820);
#4819 = CARTESIAN_POINT('',(-19.05,84.5,3.));
#4820 = VECTOR('',#4821,1.);
#4821 = DIRECTION('',(1.,0.,0.));
#4822 = ORIENTED_EDGE('',*,*,#1613,.T.);
#4823 = ORIENTED_EDGE('',*,*,#4801,.T.);
#4824 = PLANE('',#4825);
#4825 = AXIS2_PLACEMENT_3D('',#4826,#4827,#4828);
#4826 = CARTESIAN_POINT('',(1.8E-16,85.,3.));
#4827 = DIRECTION('',(0.,0.,1.));
#4828 = DIRECTION('',(1.,0.,0.));
#4829 = ADVANCED_FACE('',(#4830),#4841,.F.);
#4830 = FACE_BOUND('',#4831,.F.);
#4831 = EDGE_LOOP('',(#4832,#4838,#4839,#4840));
#4832 = ORIENTED_EDGE('',*,*,#4833,.F.);
#4833 = EDGE_CURVE('',#4005,#1598,#4834,.T.);
#4834 = LINE('',#4835,#4836);
#4835 = CARTESIAN_POINT('',(-19.05,84.5,5.));
#4836 = VECTOR('',#4837,1.);
#4837 = DIRECTION('',(1.,0.,0.));
#4838 = ORIENTED_EDGE('',*,*,#4004,.T.);
#4839 = ORIENTED_EDGE('',*,*,#4817,.T.);
#4840 = ORIENTED_EDGE('',*,*,#1605,.T.);
#4841 = PLANE('',#4842);
#4842 = AXIS2_PLACEMENT_3D('',#4843,#4844,#4845);
#4843 = CARTESIAN_POINT('',(-19.05,84.5,5.));
#4844 = DIRECTION('',(0.,-1.,0.));
#4845 = DIRECTION('',(1.,0.,0.));
#4846 = ADVANCED_FACE('',(#4847),#4858,.T.);
#4847 = FACE_BOUND('',#4848,.T.);
#4848 = EDGE_LOOP('',(#4849,#4850,#4856,#4857));
#4849 = ORIENTED_EDGE('',*,*,#4012,.F.);
#4850 = ORIENTED_EDGE('',*,*,#4851,.F.);
#4851 = EDGE_CURVE('',#1590,#4013,#4852,.T.);
#4852 = LINE('',#4853,#4854);
#4853 = CARTESIAN_POINT('',(19.05,80.5,5.));
#4854 = VECTOR('',#4855,1.);
#4855 = DIRECTION('',(-1.,0.,0.));
#4856 = ORIENTED_EDGE('',*,*,#1597,.T.);
#4857 = ORIENTED_EDGE('',*,*,#4833,.F.);
#4858 = PLANE('',#4859);
#4859 = AXIS2_PLACEMENT_3D('',#4860,#4861,#4862);
#4860 = CARTESIAN_POINT('',(2.2E-16,44.820089316694,5.));
#4861 = DIRECTION('',(0.,0.,1.));
#4862 = DIRECTION('',(1.,0.,0.));
#4863 = ADVANCED_FACE('',(#4864),#4875,.F.);
#4864 = FACE_BOUND('',#4865,.F.);
#4865 = EDGE_LOOP('',(#4866,#4867,#4868,#4874));
#4866 = ORIENTED_EDGE('',*,*,#4851,.F.);
#4867 = ORIENTED_EDGE('',*,*,#1589,.T.);
#4868 = ORIENTED_EDGE('',*,*,#4869,.T.);
#4869 = EDGE_CURVE('',#1582,#4021,#4870,.T.);
#4870 = LINE('',#4871,#4872);
#4871 = CARTESIAN_POINT('',(19.05,80.5,3.));
#4872 = VECTOR('',#4873,1.);
#4873 = DIRECTION('',(-1.,0.,0.));
#4874 = ORIENTED_EDGE('',*,*,#4020,.T.);
#4875 = PLANE('',#4876);
#4876 = AXIS2_PLACEMENT_3D('',#4877,#4878,#4879);
#4877 = CARTESIAN_POINT('',(19.05,80.5,5.));
#4878 = DIRECTION('',(0.,1.,0.));
#4879 = DIRECTION('',(-1.,0.,0.));
#4880 = ADVANCED_FACE('',(#4881),#4892,.T.);
#4881 = FACE_BOUND('',#4882,.T.);
#4882 = EDGE_LOOP('',(#4883,#4884,#4890,#4891));
#4883 = ORIENTED_EDGE('',*,*,#4028,.T.);
#4884 = ORIENTED_EDGE('',*,*,#4885,.T.);
#4885 = EDGE_CURVE('',#4029,#1574,#4886,.T.);
#4886 = LINE('',#4887,#4888);
#4887 = CARTESIAN_POINT('',(-19.05,79.5,3.));
#4888 = VECTOR('',#4889,1.);
#4889 = DIRECTION('',(1.,0.,0.));
#4890 = ORIENTED_EDGE('',*,*,#1581,.T.);
#4891 = ORIENTED_EDGE('',*,*,#4869,.T.);
#4892 = PLANE('',#4893);
#4893 = AXIS2_PLACEMENT_3D('',#4894,#4895,#4896);
#4894 = CARTESIAN_POINT('',(1.8E-16,80.,3.));
#4895 = DIRECTION('',(0.,0.,1.));
#4896 = DIRECTION('',(1.,0.,0.));
#4897 = ADVANCED_FACE('',(#4898),#4909,.F.);
#4898 = FACE_BOUND('',#4899,.F.);
#4899 = EDGE_LOOP('',(#4900,#4906,#4907,#4908));
#4900 = ORIENTED_EDGE('',*,*,#4901,.F.);
#4901 = EDGE_CURVE('',#4037,#1566,#4902,.T.);
#4902 = LINE('',#4903,#4904);
#4903 = CARTESIAN_POINT('',(-19.05,79.5,5.));
#4904 = VECTOR('',#4905,1.);
#4905 = DIRECTION('',(1.,0.,0.));
#4906 = ORIENTED_EDGE('',*,*,#4036,.T.);
#4907 = ORIENTED_EDGE('',*,*,#4885,.T.);
#4908 = ORIENTED_EDGE('',*,*,#1573,.T.);
#4909 = PLANE('',#4910);
#4910 = AXIS2_PLACEMENT_3D('',#4911,#4912,#4913);
#4911 = CARTESIAN_POINT('',(-19.05,79.5,5.));
#4912 = DIRECTION('',(0.,-1.,0.));
#4913 = DIRECTION('',(1.,0.,0.));
#4914 = ADVANCED_FACE('',(#4915),#4926,.T.);
#4915 = FACE_BOUND('',#4916,.T.);
#4916 = EDGE_LOOP('',(#4917,#4918,#4924,#4925));
#4917 = ORIENTED_EDGE('',*,*,#4044,.F.);
#4918 = ORIENTED_EDGE('',*,*,#4919,.F.);
#4919 = EDGE_CURVE('',#1558,#4045,#4920,.T.);
#4920 = LINE('',#4921,#4922);
#4921 = CARTESIAN_POINT('',(19.05,75.5,5.));
#4922 = VECTOR('',#4923,1.);
#4923 = DIRECTION('',(-1.,0.,0.));
#4924 = ORIENTED_EDGE('',*,*,#1565,.T.);
#4925 = ORIENTED_EDGE('',*,*,#4901,.F.);
#4926 = PLANE('',#4927);
#4927 = AXIS2_PLACEMENT_3D('',#4928,#4929,#4930);
#4928 = CARTESIAN_POINT('',(2.2E-16,44.820089316694,5.));
#4929 = DIRECTION('',(0.,0.,1.));
#4930 = DIRECTION('',(1.,0.,0.));
#4931 = ADVANCED_FACE('',(#4932),#4943,.F.);
#4932 = FACE_BOUND('',#4933,.F.);
#4933 = EDGE_LOOP('',(#4934,#4935,#4936,#4942));
#4934 = ORIENTED_EDGE('',*,*,#4919,.F.);
#4935 = ORIENTED_EDGE('',*,*,#1557,.T.);
#4936 = ORIENTED_EDGE('',*,*,#4937,.T.);
#4937 = EDGE_CURVE('',#1550,#4053,#4938,.T.);
#4938 = LINE('',#4939,#4940);
#4939 = CARTESIAN_POINT('',(19.05,75.5,3.));
#4940 = VECTOR('',#4941,1.);
#4941 = DIRECTION('',(-1.,0.,0.));
#4942 = ORIENTED_EDGE('',*,*,#4052,.T.);
#4943 = PLANE('',#4944);
#4944 = AXIS2_PLACEMENT_3D('',#4945,#4946,#4947);
#4945 = CARTESIAN_POINT('',(19.05,75.5,5.));
#4946 = DIRECTION('',(0.,1.,0.));
#4947 = DIRECTION('',(-1.,0.,0.));
#4948 = ADVANCED_FACE('',(#4949),#4960,.T.);
#4949 = FACE_BOUND('',#4950,.T.);
#4950 = EDGE_LOOP('',(#4951,#4952,#4958,#4959));
#4951 = ORIENTED_EDGE('',*,*,#4060,.T.);
#4952 = ORIENTED_EDGE('',*,*,#4953,.T.);
#4953 = EDGE_CURVE('',#4061,#1542,#4954,.T.);
#4954 = LINE('',#4955,#4956);
#4955 = CARTESIAN_POINT('',(-19.05,74.5,3.));
#4956 = VECTOR('',#4957,1.);
#4957 = DIRECTION('',(1.,0.,0.));
#4958 = ORIENTED_EDGE('',*,*,#1549,.T.);
#4959 = ORIENTED_EDGE('',*,*,#4937,.T.);
#4960 = PLANE('',#4961);
#4961 = AXIS2_PLACEMENT_3D('',#4962,#4963,#4964);
#4962 = CARTESIAN_POINT('',(1.8E-16,75.,3.));
#4963 = DIRECTION('',(0.,0.,1.));
#4964 = DIRECTION('',(1.,0.,0.));
#4965 = ADVANCED_FACE('',(#4966),#4977,.F.);
#4966 = FACE_BOUND('',#4967,.F.);
#4967 = EDGE_LOOP('',(#4968,#4974,#4975,#4976));
#4968 = ORIENTED_EDGE('',*,*,#4969,.F.);
#4969 = EDGE_CURVE('',#4069,#1534,#4970,.T.);
#4970 = LINE('',#4971,#4972);
#4971 = CARTESIAN_POINT('',(-19.05,74.5,5.));
#4972 = VECTOR('',#4973,1.);
#4973 = DIRECTION('',(1.,0.,0.));
#4974 = ORIENTED_EDGE('',*,*,#4068,.T.);
#4975 = ORIENTED_EDGE('',*,*,#4953,.T.);
#4976 = ORIENTED_EDGE('',*,*,#1541,.T.);
#4977 = PLANE('',#4978);
#4978 = AXIS2_PLACEMENT_3D('',#4979,#4980,#4981);
#4979 = CARTESIAN_POINT('',(-19.05,74.5,5.));
#4980 = DIRECTION('',(0.,-1.,0.));
#4981 = DIRECTION('',(1.,0.,0.));
#4982 = ADVANCED_FACE('',(#4983),#4994,.T.);
#4983 = FACE_BOUND('',#4984,.T.);
#4984 = EDGE_LOOP('',(#4985,#4986,#4992,#4993));
#4985 = ORIENTED_EDGE('',*,*,#4076,.F.);
#4986 = ORIENTED_EDGE('',*,*,#4987,.F.);
#4987 = EDGE_CURVE('',#1526,#4077,#4988,.T.);
#4988 = LINE('',#4989,#4990);
#4989 = CARTESIAN_POINT('',(19.05,70.5,5.));
#4990 = VECTOR('',#4991,1.);
#4991 = DIRECTION('',(-1.,0.,0.));
#4992 = ORIENTED_EDGE('',*,*,#1533,.T.);
#4993 = ORIENTED_EDGE('',*,*,#4969,.F.);
#4994 = PLANE('',#4995);
#4995 = AXIS2_PLACEMENT_3D('',#4996,#4997,#4998);
#4996 = CARTESIAN_POINT('',(2.2E-16,44.820089316694,5.));
#4997 = DIRECTION('',(0.,0.,1.));
#4998 = DIRECTION('',(1.,0.,0.));
#4999 = ADVANCED_FACE('',(#5000),#5011,.F.);
#5000 = FACE_BOUND('',#5001,.F.);
#5001 = EDGE_LOOP('',(#5002,#5003,#5004,#5010));
#5002 = ORIENTED_EDGE('',*,*,#4987,.F.);
#5003 = ORIENTED_EDGE('',*,*,#1525,.T.);
#5004 = ORIENTED_EDGE('',*,*,#5005,.T.);
#5005 = EDGE_CURVE('',#1518,#4085,#5006,.T.);
#5006 = LINE('',#5007,#5008);
#5007 = CARTESIAN_POINT('',(19.05,70.5,3.));
#5008 = VECTOR('',#5009,1.);
#5009 = DIRECTION('',(-1.,0.,0.));
#5010 = ORIENTED_EDGE('',*,*,#4084,.T.);
#5011 = PLANE('',#5012);
#5012 = AXIS2_PLACEMENT_3D('',#5013,#5014,#5015);
#5013 = CARTESIAN_POINT('',(19.05,70.5,5.));
#5014 = DIRECTION('',(0.,1.,0.));
#5015 = DIRECTION('',(-1.,0.,0.));
#5016 = ADVANCED_FACE('',(#5017),#5028,.T.);
#5017 = FACE_BOUND('',#5018,.T.);
#5018 = EDGE_LOOP('',(#5019,#5020,#5026,#5027));
#5019 = ORIENTED_EDGE('',*,*,#4092,.T.);
#5020 = ORIENTED_EDGE('',*,*,#5021,.T.);
#5021 = EDGE_CURVE('',#4093,#1510,#5022,.T.);
#5022 = LINE('',#5023,#5024);
#5023 = CARTESIAN_POINT('',(-19.05,69.5,3.));
#5024 = VECTOR('',#5025,1.);
#5025 = DIRECTION('',(1.,0.,0.));
#5026 = ORIENTED_EDGE('',*,*,#1517,.T.);
#5027 = ORIENTED_EDGE('',*,*,#5005,.T.);
#5028 = PLANE('',#5029);
#5029 = AXIS2_PLACEMENT_3D('',#5030,#5031,#5032);
#5030 = CARTESIAN_POINT('',(1.8E-16,70.,3.));
#5031 = DIRECTION('',(0.,0.,1.));
#5032 = DIRECTION('',(1.,0.,0.));
#5033 = ADVANCED_FACE('',(#5034),#5045,.F.);
#5034 = FACE_BOUND('',#5035,.F.);
#5035 = EDGE_LOOP('',(#5036,#5042,#5043,#5044));
#5036 = ORIENTED_EDGE('',*,*,#5037,.F.);
#5037 = EDGE_CURVE('',#4101,#1502,#5038,.T.);
#5038 = LINE('',#5039,#5040);
#5039 = CARTESIAN_POINT('',(-19.05,69.5,5.));
#5040 = VECTOR('',#5041,1.);
#5041 = DIRECTION('',(1.,0.,0.));
#5042 = ORIENTED_EDGE('',*,*,#4100,.T.);
#5043 = ORIENTED_EDGE('',*,*,#5021,.T.);
#5044 = ORIENTED_EDGE('',*,*,#1509,.T.);
#5045 = PLANE('',#5046);
#5046 = AXIS2_PLACEMENT_3D('',#5047,#5048,#5049);
#5047 = CARTESIAN_POINT('',(-19.05,69.5,5.));
#5048 = DIRECTION('',(0.,-1.,0.));
#5049 = DIRECTION('',(1.,0.,0.));
#5050 = ADVANCED_FACE('',(#5051),#5062,.T.);
#5051 = FACE_BOUND('',#5052,.T.);
#5052 = EDGE_LOOP('',(#5053,#5054,#5060,#5061));
#5053 = ORIENTED_EDGE('',*,*,#4108,.F.);
#5054 = ORIENTED_EDGE('',*,*,#5055,.F.);
#5055 = EDGE_CURVE('',#1494,#4109,#5056,.T.);
#5056 = LINE('',#5057,#5058);
#5057 = CARTESIAN_POINT('',(19.05,65.5,5.));
#5058 = VECTOR('',#5059,1.);
#5059 = DIRECTION('',(-1.,0.,0.));
#5060 = ORIENTED_EDGE('',*,*,#1501,.T.);
#5061 = ORIENTED_EDGE('',*,*,#5037,.F.);
#5062 = PLANE('',#5063);
#5063 = AXIS2_PLACEMENT_3D('',#5064,#5065,#5066);
#5064 = CARTESIAN_POINT('',(2.2E-16,44.820089316694,5.));
#5065 = DIRECTION('',(0.,0.,1.));
#5066 = DIRECTION('',(1.,0.,0.));
#5067 = ADVANCED_FACE('',(#5068),#5079,.F.);
#5068 = FACE_BOUND('',#5069,.F.);
#5069 = EDGE_LOOP('',(#5070,#5071,#5072,#5078));
#5070 = ORIENTED_EDGE('',*,*,#5055,.F.);
#5071 = ORIENTED_EDGE('',*,*,#1493,.T.);
#5072 = ORIENTED_EDGE('',*,*,#5073,.T.);
#5073 = EDGE_CURVE('',#1486,#4117,#5074,.T.);
#5074 = LINE('',#5075,#5076);
#5075 = CARTESIAN_POINT('',(19.05,65.5,3.));
#5076 = VECTOR('',#5077,1.);
#5077 = DIRECTION('',(-1.,0.,0.));
#5078 = ORIENTED_EDGE('',*,*,#4116,.T.);
#5079 = PLANE('',#5080);
#5080 = AXIS2_PLACEMENT_3D('',#5081,#5082,#5083);
#5081 = CARTESIAN_POINT('',(19.05,65.5,5.));
#5082 = DIRECTION('',(0.,1.,0.));
#5083 = DIRECTION('',(-1.,0.,0.));
#5084 = ADVANCED_FACE('',(#5085),#5096,.T.);
#5085 = FACE_BOUND('',#5086,.T.);
#5086 = EDGE_LOOP('',(#5087,#5088,#5094,#5095));
#5087 = ORIENTED_EDGE('',*,*,#4124,.T.);
#5088 = ORIENTED_EDGE('',*,*,#5089,.T.);
#5089 = EDGE_CURVE('',#4125,#1478,#5090,.T.);
#5090 = LINE('',#5091,#5092);
#5091 = CARTESIAN_POINT('',(-19.05,64.5,3.));
#5092 = VECTOR('',#5093,1.);
#5093 = DIRECTION('',(1.,0.,0.));
#5094 = ORIENTED_EDGE('',*,*,#1485,.T.);
#5095 = ORIENTED_EDGE('',*,*,#5073,.T.);
#5096 = PLANE('',#5097);
#5097 = AXIS2_PLACEMENT_3D('',#5098,#5099,#5100);
#5098 = CARTESIAN_POINT('',(1.8E-16,65.,3.));
#5099 = DIRECTION('',(0.,0.,1.));
#5100 = DIRECTION('',(1.,0.,0.));
#5101 = ADVANCED_FACE('',(#5102),#5113,.F.);
#5102 = FACE_BOUND('',#5103,.F.);
#5103 = EDGE_LOOP('',(#5104,#5110,#5111,#5112));
#5104 = ORIENTED_EDGE('',*,*,#5105,.F.);
#5105 = EDGE_CURVE('',#4133,#1470,#5106,.T.);
#5106 = LINE('',#5107,#5108);
#5107 = CARTESIAN_POINT('',(-19.05,64.5,5.));
#5108 = VECTOR('',#5109,1.);
#5109 = DIRECTION('',(1.,0.,0.));
#5110 = ORIENTED_EDGE('',*,*,#4132,.T.);
#5111 = ORIENTED_EDGE('',*,*,#5089,.T.);
#5112 = ORIENTED_EDGE('',*,*,#1477,.T.);
#5113 = PLANE('',#5114);
#5114 = AXIS2_PLACEMENT_3D('',#5115,#5116,#5117);
#5115 = CARTESIAN_POINT('',(-19.05,64.5,5.));
#5116 = DIRECTION('',(0.,-1.,0.));
#5117 = DIRECTION('',(1.,0.,0.));
#5118 = ADVANCED_FACE('',(#5119),#5130,.T.);
#5119 = FACE_BOUND('',#5120,.T.);
#5120 = EDGE_LOOP('',(#5121,#5122,#5128,#5129));
#5121 = ORIENTED_EDGE('',*,*,#4140,.F.);
#5122 = ORIENTED_EDGE('',*,*,#5123,.F.);
#5123 = EDGE_CURVE('',#1462,#4141,#5124,.T.);
#5124 = LINE('',#5125,#5126);
#5125 = CARTESIAN_POINT('',(19.05,60.5,5.));
#5126 = VECTOR('',#5127,1.);
#5127 = DIRECTION('',(-1.,0.,0.));
#5128 = ORIENTED_EDGE('',*,*,#1469,.T.);
#5129 = ORIENTED_EDGE('',*,*,#5105,.F.);
#5130 = PLANE('',#5131);
#5131 = AXIS2_PLACEMENT_3D('',#5132,#5133,#5134);
#5132 = CARTESIAN_POINT('',(2.2E-16,44.820089316694,5.));
#5133 = DIRECTION('',(0.,0.,1.));
#5134 = DIRECTION('',(1.,0.,0.));
#5135 = ADVANCED_FACE('',(#5136),#5147,.F.);
#5136 = FACE_BOUND('',#5137,.F.);
#5137 = EDGE_LOOP('',(#5138,#5139,#5140,#5146));
#5138 = ORIENTED_EDGE('',*,*,#5123,.F.);
#5139 = ORIENTED_EDGE('',*,*,#1461,.T.);
#5140 = ORIENTED_EDGE('',*,*,#5141,.T.);
#5141 = EDGE_CURVE('',#1454,#4149,#5142,.T.);
#5142 = LINE('',#5143,#5144);
#5143 = CARTESIAN_POINT('',(19.05,60.5,3.));
#5144 = VECTOR('',#5145,1.);
#5145 = DIRECTION('',(-1.,0.,0.));
#5146 = ORIENTED_EDGE('',*,*,#4148,.T.);
#5147 = PLANE('',#5148);
#5148 = AXIS2_PLACEMENT_3D('',#5149,#5150,#5151);
#5149 = CARTESIAN_POINT('',(19.05,60.5,5.));
#5150 = DIRECTION('',(0.,1.,0.));
#5151 = DIRECTION('',(-1.,0.,0.));
#5152 = ADVANCED_FACE('',(#5153),#5164,.T.);
#5153 = FACE_BOUND('',#5154,.T.);
#5154 = EDGE_LOOP('',(#5155,#5156,#5162,#5163));
#5155 = ORIENTED_EDGE('',*,*,#4156,.T.);
#5156 = ORIENTED_EDGE('',*,*,#5157,.T.);
#5157 = EDGE_CURVE('',#4157,#1446,#5158,.T.);
#5158 = LINE('',#5159,#5160);
#5159 = CARTESIAN_POINT('',(-19.05,59.5,3.));
#5160 = VECTOR('',#5161,1.);
#5161 = DIRECTION('',(1.,0.,0.));
#5162 = ORIENTED_EDGE('',*,*,#1453,.T.);
#5163 = ORIENTED_EDGE('',*,*,#5141,.T.);
#5164 = PLANE('',#5165);
#5165 = AXIS2_PLACEMENT_3D('',#5166,#5167,#5168);
#5166 = CARTESIAN_POINT('',(1.8E-16,60.,3.));
#5167 = DIRECTION('',(0.,0.,1.));
#5168 = DIRECTION('',(1.,0.,0.));
#5169 = ADVANCED_FACE('',(#5170),#5181,.F.);
#5170 = FACE_BOUND('',#5171,.F.);
#5171 = EDGE_LOOP('',(#5172,#5178,#5179,#5180));
#5172 = ORIENTED_EDGE('',*,*,#5173,.F.);
#5173 = EDGE_CURVE('',#4165,#1438,#5174,.T.);
#5174 = LINE('',#5175,#5176);
#5175 = CARTESIAN_POINT('',(-19.05,59.5,5.));
#5176 = VECTOR('',#5177,1.);
#5177 = DIRECTION('',(1.,0.,0.));
#5178 = ORIENTED_EDGE('',*,*,#4164,.T.);
#5179 = ORIENTED_EDGE('',*,*,#5157,.T.);
#5180 = ORIENTED_EDGE('',*,*,#1445,.T.);
#5181 = PLANE('',#5182);
#5182 = AXIS2_PLACEMENT_3D('',#5183,#5184,#5185);
#5183 = CARTESIAN_POINT('',(-19.05,59.5,5.));
#5184 = DIRECTION('',(0.,-1.,0.));
#5185 = DIRECTION('',(1.,0.,0.));
#5186 = ADVANCED_FACE('',(#5187),#5198,.T.);
#5187 = FACE_BOUND('',#5188,.T.);
#5188 = EDGE_LOOP('',(#5189,#5190,#5196,#5197));
#5189 = ORIENTED_EDGE('',*,*,#4172,.F.);
#5190 = ORIENTED_EDGE('',*,*,#5191,.F.);
#5191 = EDGE_CURVE('',#1430,#4173,#5192,.T.);
#5192 = LINE('',#5193,#5194);
#5193 = CARTESIAN_POINT('',(19.05,55.5,5.));
#5194 = VECTOR('',#5195,1.);
#5195 = DIRECTION('',(-1.,0.,0.));
#5196 = ORIENTED_EDGE('',*,*,#1437,.T.);
#5197 = ORIENTED_EDGE('',*,*,#5173,.F.);
#5198 = PLANE('',#5199);
#5199 = AXIS2_PLACEMENT_3D('',#5200,#5201,#5202);
#5200 = CARTESIAN_POINT('',(2.2E-16,44.820089316694,5.));
#5201 = DIRECTION('',(0.,0.,1.));
#5202 = DIRECTION('',(1.,0.,0.));
#5203 = ADVANCED_FACE('',(#5204),#5215,.F.);
#5204 = FACE_BOUND('',#5205,.F.);
#5205 = EDGE_LOOP('',(#5206,#5207,#5208,#5214));
#5206 = ORIENTED_EDGE('',*,*,#5191,.F.);
#5207 = ORIENTED_EDGE('',*,*,#1429,.T.);
#5208 = ORIENTED_EDGE('',*,*,#5209,.T.);
#5209 = EDGE_CURVE('',#1422,#4181,#5210,.T.);
#5210 = LINE('',#5211,#5212);
#5211 = CARTESIAN_POINT('',(19.05,55.5,3.));
#5212 = VECTOR('',#5213,1.);
#5213 = DIRECTION('',(-1.,0.,0.));
#5214 = ORIENTED_EDGE('',*,*,#4180,.T.);
#5215 = PLANE('',#5216);
#5216 = AXIS2_PLACEMENT_3D('',#5217,#5218,#5219);
#5217 = CARTESIAN_POINT('',(19.05,55.5,5.));
#5218 = DIRECTION('',(0.,1.,0.));
#5219 = DIRECTION('',(-1.,0.,0.));
#5220 = ADVANCED_FACE('',(#5221),#5232,.T.);
#5221 = FACE_BOUND('',#5222,.T.);
#5222 = EDGE_LOOP('',(#5223,#5224,#5230,#5231));
#5223 = ORIENTED_EDGE('',*,*,#4188,.T.);
#5224 = ORIENTED_EDGE('',*,*,#5225,.T.);
#5225 = EDGE_CURVE('',#4189,#1414,#5226,.T.);
#5226 = LINE('',#5227,#5228);
#5227 = CARTESIAN_POINT('',(-19.05,54.5,3.));
#5228 = VECTOR('',#5229,1.);
#5229 = DIRECTION('',(1.,0.,0.));
#5230 = ORIENTED_EDGE('',*,*,#1421,.T.);
#5231 = ORIENTED_EDGE('',*,*,#5209,.T.);
#5232 = PLANE('',#5233);
#5233 = AXIS2_PLACEMENT_3D('',#5234,#5235,#5236);
#5234 = CARTESIAN_POINT('',(1.8E-16,55.,3.));
#5235 = DIRECTION('',(0.,0.,1.));
#5236 = DIRECTION('',(1.,0.,0.));
#5237 = ADVANCED_FACE('',(#5238),#5249,.F.);
#5238 = FACE_BOUND('',#5239,.F.);
#5239 = EDGE_LOOP('',(#5240,#5246,#5247,#5248));
#5240 = ORIENTED_EDGE('',*,*,#5241,.F.);
#5241 = EDGE_CURVE('',#4197,#1406,#5242,.T.);
#5242 = LINE('',#5243,#5244);
#5243 = CARTESIAN_POINT('',(-19.05,54.5,5.));
#5244 = VECTOR('',#5245,1.);
#5245 = DIRECTION('',(1.,0.,0.));
#5246 = ORIENTED_EDGE('',*,*,#4196,.T.);
#5247 = ORIENTED_EDGE('',*,*,#5225,.T.);
#5248 = ORIENTED_EDGE('',*,*,#1413,.T.);
#5249 = PLANE('',#5250);
#5250 = AXIS2_PLACEMENT_3D('',#5251,#5252,#5253);
#5251 = CARTESIAN_POINT('',(-19.05,54.5,5.));
#5252 = DIRECTION('',(0.,-1.,0.));
#5253 = DIRECTION('',(1.,0.,0.));
#5254 = ADVANCED_FACE('',(#5255),#5266,.T.);
#5255 = FACE_BOUND('',#5256,.T.);
#5256 = EDGE_LOOP('',(#5257,#5258,#5264,#5265));
#5257 = ORIENTED_EDGE('',*,*,#4204,.F.);
#5258 = ORIENTED_EDGE('',*,*,#5259,.F.);
#5259 = EDGE_CURVE('',#1398,#4205,#5260,.T.);
#5260 = LINE('',#5261,#5262);
#5261 = CARTESIAN_POINT('',(19.05,50.5,5.));
#5262 = VECTOR('',#5263,1.);
#5263 = DIRECTION('',(-1.,0.,0.));
#5264 = ORIENTED_EDGE('',*,*,#1405,.T.);
#5265 = ORIENTED_EDGE('',*,*,#5241,.F.);
#5266 = PLANE('',#5267);
#5267 = AXIS2_PLACEMENT_3D('',#5268,#5269,#5270);
#5268 = CARTESIAN_POINT('',(2.2E-16,44.820089316694,5.));
#5269 = DIRECTION('',(0.,0.,1.));
#5270 = DIRECTION('',(1.,0.,0.));
#5271 = ADVANCED_FACE('',(#5272),#5283,.F.);
#5272 = FACE_BOUND('',#5273,.F.);
#5273 = EDGE_LOOP('',(#5274,#5275,#5276,#5282));
#5274 = ORIENTED_EDGE('',*,*,#5259,.F.);
#5275 = ORIENTED_EDGE('',*,*,#1397,.T.);
#5276 = ORIENTED_EDGE('',*,*,#5277,.T.);
#5277 = EDGE_CURVE('',#1390,#4213,#5278,.T.);
#5278 = LINE('',#5279,#5280);
#5279 = CARTESIAN_POINT('',(19.05,50.5,3.));
#5280 = VECTOR('',#5281,1.);
#5281 = DIRECTION('',(-1.,0.,0.));
#5282 = ORIENTED_EDGE('',*,*,#4212,.T.);
#5283 = PLANE('',#5284);
#5284 = AXIS2_PLACEMENT_3D('',#5285,#5286,#5287);
#5285 = CARTESIAN_POINT('',(19.05,50.5,5.));
#5286 = DIRECTION('',(0.,1.,0.));
#5287 = DIRECTION('',(-1.,0.,0.));
#5288 = ADVANCED_FACE('',(#5289),#5300,.T.);
#5289 = FACE_BOUND('',#5290,.T.);
#5290 = EDGE_LOOP('',(#5291,#5292,#5298,#5299));
#5291 = ORIENTED_EDGE('',*,*,#4220,.T.);
#5292 = ORIENTED_EDGE('',*,*,#5293,.T.);
#5293 = EDGE_CURVE('',#4221,#1382,#5294,.T.);
#5294 = LINE('',#5295,#5296);
#5295 = CARTESIAN_POINT('',(-19.05,49.5,3.));
#5296 = VECTOR('',#5297,1.);
#5297 = DIRECTION('',(1.,0.,0.));
#5298 = ORIENTED_EDGE('',*,*,#1389,.T.);
#5299 = ORIENTED_EDGE('',*,*,#5277,.T.);
#5300 = PLANE('',#5301);
#5301 = AXIS2_PLACEMENT_3D('',#5302,#5303,#5304);
#5302 = CARTESIAN_POINT('',(1.8E-16,50.,3.));
#5303 = DIRECTION('',(0.,0.,1.));
#5304 = DIRECTION('',(1.,0.,0.));
#5305 = ADVANCED_FACE('',(#5306),#5317,.F.);
#5306 = FACE_BOUND('',#5307,.F.);
#5307 = EDGE_LOOP('',(#5308,#5314,#5315,#5316));
#5308 = ORIENTED_EDGE('',*,*,#5309,.F.);
#5309 = EDGE_CURVE('',#4229,#1374,#5310,.T.);
#5310 = LINE('',#5311,#5312);
#5311 = CARTESIAN_POINT('',(-19.05,49.5,5.));
#5312 = VECTOR('',#5313,1.);
#5313 = DIRECTION('',(1.,0.,0.));
#5314 = ORIENTED_EDGE('',*,*,#4228,.T.);
#5315 = ORIENTED_EDGE('',*,*,#5293,.T.);
#5316 = ORIENTED_EDGE('',*,*,#1381,.T.);
#5317 = PLANE('',#5318);
#5318 = AXIS2_PLACEMENT_3D('',#5319,#5320,#5321);
#5319 = CARTESIAN_POINT('',(-19.05,49.5,5.));
#5320 = DIRECTION('',(0.,-1.,0.));
#5321 = DIRECTION('',(1.,0.,0.));
#5322 = ADVANCED_FACE('',(#5323),#5334,.T.);
#5323 = FACE_BOUND('',#5324,.T.);
#5324 = EDGE_LOOP('',(#5325,#5326,#5332,#5333));
#5325 = ORIENTED_EDGE('',*,*,#4236,.F.);
#5326 = ORIENTED_EDGE('',*,*,#5327,.F.);
#5327 = EDGE_CURVE('',#1366,#4237,#5328,.T.);
#5328 = LINE('',#5329,#5330);
#5329 = CARTESIAN_POINT('',(19.05,45.5,5.));
#5330 = VECTOR('',#5331,1.);
#5331 = DIRECTION('',(-1.,0.,0.));
#5332 = ORIENTED_EDGE('',*,*,#1373,.T.);
#5333 = ORIENTED_EDGE('',*,*,#5309,.F.);
#5334 = PLANE('',#5335);
#5335 = AXIS2_PLACEMENT_3D('',#5336,#5337,#5338);
#5336 = CARTESIAN_POINT('',(2.2E-16,44.820089316694,5.));
#5337 = DIRECTION('',(0.,0.,1.));
#5338 = DIRECTION('',(1.,0.,0.));
#5339 = ADVANCED_FACE('',(#5340),#5351,.F.);
#5340 = FACE_BOUND('',#5341,.F.);
#5341 = EDGE_LOOP('',(#5342,#5343,#5344,#5350));
#5342 = ORIENTED_EDGE('',*,*,#5327,.F.);
#5343 = ORIENTED_EDGE('',*,*,#1365,.T.);
#5344 = ORIENTED_EDGE('',*,*,#5345,.T.);
#5345 = EDGE_CURVE('',#1358,#4245,#5346,.T.);
#5346 = LINE('',#5347,#5348);
#5347 = CARTESIAN_POINT('',(19.05,45.5,3.));
#5348 = VECTOR('',#5349,1.);
#5349 = DIRECTION('',(-1.,0.,0.));
#5350 = ORIENTED_EDGE('',*,*,#4244,.T.);
#5351 = PLANE('',#5352);
#5352 = AXIS2_PLACEMENT_3D('',#5353,#5354,#5355);
#5353 = CARTESIAN_POINT('',(19.05,45.5,5.));
#5354 = DIRECTION('',(0.,1.,0.));
#5355 = DIRECTION('',(-1.,0.,0.));
#5356 = ADVANCED_FACE('',(#5357),#5368,.T.);
#5357 = FACE_BOUND('',#5358,.T.);
#5358 = EDGE_LOOP('',(#5359,#5360,#5366,#5367));
#5359 = ORIENTED_EDGE('',*,*,#4252,.T.);
#5360 = ORIENTED_EDGE('',*,*,#5361,.T.);
#5361 = EDGE_CURVE('',#4253,#1350,#5362,.T.);
#5362 = LINE('',#5363,#5364);
#5363 = CARTESIAN_POINT('',(-19.05,44.5,3.));
#5364 = VECTOR('',#5365,1.);
#5365 = DIRECTION('',(1.,0.,0.));
#5366 = ORIENTED_EDGE('',*,*,#1357,.T.);
#5367 = ORIENTED_EDGE('',*,*,#5345,.T.);
#5368 = PLANE('',#5369);
#5369 = AXIS2_PLACEMENT_3D('',#5370,#5371,#5372);
#5370 = CARTESIAN_POINT('',(1.8E-16,45.,3.));
#5371 = DIRECTION('',(0.,0.,1.));
#5372 = DIRECTION('',(1.,0.,0.));
#5373 = ADVANCED_FACE('',(#5374),#5385,.F.);
#5374 = FACE_BOUND('',#5375,.F.);
#5375 = EDGE_LOOP('',(#5376,#5382,#5383,#5384));
#5376 = ORIENTED_EDGE('',*,*,#5377,.F.);
#5377 = EDGE_CURVE('',#4261,#1342,#5378,.T.);
#5378 = LINE('',#5379,#5380);
#5379 = CARTESIAN_POINT('',(-19.05,44.5,5.));
#5380 = VECTOR('',#5381,1.);
#5381 = DIRECTION('',(1.,0.,0.));
#5382 = ORIENTED_EDGE('',*,*,#4260,.T.);
#5383 = ORIENTED_EDGE('',*,*,#5361,.T.);
#5384 = ORIENTED_EDGE('',*,*,#1349,.T.);
#5385 = PLANE('',#5386);
#5386 = AXIS2_PLACEMENT_3D('',#5387,#5388,#5389);
#5387 = CARTESIAN_POINT('',(-19.05,44.5,5.));
#5388 = DIRECTION('',(0.,-1.,0.));
#5389 = DIRECTION('',(1.,0.,0.));
#5390 = ADVANCED_FACE('',(#5391),#5402,.T.);
#5391 = FACE_BOUND('',#5392,.T.);
#5392 = EDGE_LOOP('',(#5393,#5394,#5400,#5401));
#5393 = ORIENTED_EDGE('',*,*,#4268,.F.);
#5394 = ORIENTED_EDGE('',*,*,#5395,.F.);
#5395 = EDGE_CURVE('',#1334,#4269,#5396,.T.);
#5396 = LINE('',#5397,#5398);
#5397 = CARTESIAN_POINT('',(19.05,40.5,5.));
#5398 = VECTOR('',#5399,1.);
#5399 = DIRECTION('',(-1.,0.,0.));
#5400 = ORIENTED_EDGE('',*,*,#1341,.T.);
#5401 = ORIENTED_EDGE('',*,*,#5377,.F.);
#5402 = PLANE('',#5403);
#5403 = AXIS2_PLACEMENT_3D('',#5404,#5405,#5406);
#5404 = CARTESIAN_POINT('',(2.2E-16,44.820089316694,5.));
#5405 = DIRECTION('',(0.,0.,1.));
#5406 = DIRECTION('',(1.,0.,0.));
#5407 = ADVANCED_FACE('',(#5408),#5419,.F.);
#5408 = FACE_BOUND('',#5409,.F.);
#5409 = EDGE_LOOP('',(#5410,#5411,#5412,#5418));
#5410 = ORIENTED_EDGE('',*,*,#5395,.F.);
#5411 = ORIENTED_EDGE('',*,*,#1333,.T.);
#5412 = ORIENTED_EDGE('',*,*,#5413,.T.);
#5413 = EDGE_CURVE('',#1326,#4277,#5414,.T.);
#5414 = LINE('',#5415,#5416);
#5415 = CARTESIAN_POINT('',(19.05,40.5,3.));
#5416 = VECTOR('',#5417,1.);
#5417 = DIRECTION('',(-1.,0.,0.));
#5418 = ORIENTED_EDGE('',*,*,#4276,.T.);
#5419 = PLANE('',#5420);
#5420 = AXIS2_PLACEMENT_3D('',#5421,#5422,#5423);
#5421 = CARTESIAN_POINT('',(19.05,40.5,5.));
#5422 = DIRECTION('',(0.,1.,0.));
#5423 = DIRECTION('',(-1.,0.,0.));
#5424 = ADVANCED_FACE('',(#5425),#5436,.T.);
#5425 = FACE_BOUND('',#5426,.T.);
#5426 = EDGE_LOOP('',(#5427,#5428,#5434,#5435));
#5427 = ORIENTED_EDGE('',*,*,#4284,.T.);
#5428 = ORIENTED_EDGE('',*,*,#5429,.T.);
#5429 = EDGE_CURVE('',#4285,#1318,#5430,.T.);
#5430 = LINE('',#5431,#5432);
#5431 = CARTESIAN_POINT('',(-19.05,39.5,3.));
#5432 = VECTOR('',#5433,1.);
#5433 = DIRECTION('',(1.,0.,0.));
#5434 = ORIENTED_EDGE('',*,*,#1325,.T.);
#5435 = ORIENTED_EDGE('',*,*,#5413,.T.);
#5436 = PLANE('',#5437);
#5437 = AXIS2_PLACEMENT_3D('',#5438,#5439,#5440);
#5438 = CARTESIAN_POINT('',(1.8E-16,40.,3.));
#5439 = DIRECTION('',(0.,0.,1.));
#5440 = DIRECTION('',(1.,0.,0.));
#5441 = ADVANCED_FACE('',(#5442),#5453,.F.);
#5442 = FACE_BOUND('',#5443,.F.);
#5443 = EDGE_LOOP('',(#5444,#5450,#5451,#5452));
#5444 = ORIENTED_EDGE('',*,*,#5445,.F.);
#5445 = EDGE_CURVE('',#4293,#1310,#5446,.T.);
#5446 = LINE('',#5447,#5448);
#5447 = CARTESIAN_POINT('',(-19.05,39.5,5.));
#5448 = VECTOR('',#5449,1.);
#5449 = DIRECTION('',(1.,0.,0.));
#5450 = ORIENTED_EDGE('',*,*,#4292,.T.);
#5451 = ORIENTED_EDGE('',*,*,#5429,.T.);
#5452 = ORIENTED_EDGE('',*,*,#1317,.T.);
#5453 = PLANE('',#5454);
#5454 = AXIS2_PLACEMENT_3D('',#5455,#5456,#5457);
#5455 = CARTESIAN_POINT('',(-19.05,39.5,5.));
#5456 = DIRECTION('',(0.,-1.,0.));
#5457 = DIRECTION('',(1.,0.,0.));
#5458 = ADVANCED_FACE('',(#5459),#5470,.T.);
#5459 = FACE_BOUND('',#5460,.T.);
#5460 = EDGE_LOOP('',(#5461,#5462,#5468,#5469));
#5461 = ORIENTED_EDGE('',*,*,#4300,.F.);
#5462 = ORIENTED_EDGE('',*,*,#5463,.F.);
#5463 = EDGE_CURVE('',#1302,#4301,#5464,.T.);
#5464 = LINE('',#5465,#5466);
#5465 = CARTESIAN_POINT('',(19.05,35.5,5.));
#5466 = VECTOR('',#5467,1.);
#5467 = DIRECTION('',(-1.,0.,0.));
#5468 = ORIENTED_EDGE('',*,*,#1309,.T.);
#5469 = ORIENTED_EDGE('',*,*,#5445,.F.);
#5470 = PLANE('',#5471);
#5471 = AXIS2_PLACEMENT_3D('',#5472,#5473,#5474);
#5472 = CARTESIAN_POINT('',(2.2E-16,44.820089316694,5.));
#5473 = DIRECTION('',(0.,0.,1.));
#5474 = DIRECTION('',(1.,0.,0.));
#5475 = ADVANCED_FACE('',(#5476),#5487,.F.);
#5476 = FACE_BOUND('',#5477,.F.);
#5477 = EDGE_LOOP('',(#5478,#5479,#5480,#5486));
#5478 = ORIENTED_EDGE('',*,*,#5463,.F.);
#5479 = ORIENTED_EDGE('',*,*,#1301,.T.);
#5480 = ORIENTED_EDGE('',*,*,#5481,.T.);
#5481 = EDGE_CURVE('',#1294,#4309,#5482,.T.);
#5482 = LINE('',#5483,#5484);
#5483 = CARTESIAN_POINT('',(19.05,35.5,3.));
#5484 = VECTOR('',#5485,1.);
#5485 = DIRECTION('',(-1.,0.,0.));
#5486 = ORIENTED_EDGE('',*,*,#4308,.T.);
#5487 = PLANE('',#5488);
#5488 = AXIS2_PLACEMENT_3D('',#5489,#5490,#5491);
#5489 = CARTESIAN_POINT('',(19.05,35.5,5.));
#5490 = DIRECTION('',(0.,1.,0.));
#5491 = DIRECTION('',(-1.,0.,0.));
#5492 = ADVANCED_FACE('',(#5493),#5504,.T.);
#5493 = FACE_BOUND('',#5494,.T.);
#5494 = EDGE_LOOP('',(#5495,#5496,#5502,#5503));
#5495 = ORIENTED_EDGE('',*,*,#4316,.T.);
#5496 = ORIENTED_EDGE('',*,*,#5497,.T.);
#5497 = EDGE_CURVE('',#4317,#1286,#5498,.T.);
#5498 = LINE('',#5499,#5500);
#5499 = CARTESIAN_POINT('',(-19.05,34.5,3.));
#5500 = VECTOR('',#5501,1.);
#5501 = DIRECTION('',(1.,0.,0.));
#5502 = ORIENTED_EDGE('',*,*,#1293,.T.);
#5503 = ORIENTED_EDGE('',*,*,#5481,.T.);
#5504 = PLANE('',#5505);
#5505 = AXIS2_PLACEMENT_3D('',#5506,#5507,#5508);
#5506 = CARTESIAN_POINT('',(1.8E-16,35.,3.));
#5507 = DIRECTION('',(0.,0.,1.));
#5508 = DIRECTION('',(1.,0.,0.));
#5509 = ADVANCED_FACE('',(#5510),#5521,.F.);
#5510 = FACE_BOUND('',#5511,.F.);
#5511 = EDGE_LOOP('',(#5512,#5518,#5519,#5520));
#5512 = ORIENTED_EDGE('',*,*,#5513,.F.);
#5513 = EDGE_CURVE('',#4325,#1278,#5514,.T.);
#5514 = LINE('',#5515,#5516);
#5515 = CARTESIAN_POINT('',(-19.05,34.5,5.));
#5516 = VECTOR('',#5517,1.);
#5517 = DIRECTION('',(1.,0.,0.));
#5518 = ORIENTED_EDGE('',*,*,#4324,.T.);
#5519 = ORIENTED_EDGE('',*,*,#5497,.T.);
#5520 = ORIENTED_EDGE('',*,*,#1285,.T.);
#5521 = PLANE('',#5522);
#5522 = AXIS2_PLACEMENT_3D('',#5523,#5524,#5525);
#5523 = CARTESIAN_POINT('',(-19.05,34.5,5.));
#5524 = DIRECTION('',(0.,-1.,0.));
#5525 = DIRECTION('',(1.,0.,0.));
#5526 = ADVANCED_FACE('',(#5527),#5538,.T.);
#5527 = FACE_BOUND('',#5528,.T.);
#5528 = EDGE_LOOP('',(#5529,#5530,#5536,#5537));
#5529 = ORIENTED_EDGE('',*,*,#4332,.F.);
#5530 = ORIENTED_EDGE('',*,*,#5531,.F.);
#5531 = EDGE_CURVE('',#1270,#4333,#5532,.T.);
#5532 = LINE('',#5533,#5534);
#5533 = CARTESIAN_POINT('',(19.05,30.5,5.));
#5534 = VECTOR('',#5535,1.);
#5535 = DIRECTION('',(-1.,0.,0.));
#5536 = ORIENTED_EDGE('',*,*,#1277,.T.);
#5537 = ORIENTED_EDGE('',*,*,#5513,.F.);
#5538 = PLANE('',#5539);
#5539 = AXIS2_PLACEMENT_3D('',#5540,#5541,#5542);
#5540 = CARTESIAN_POINT('',(2.2E-16,44.820089316694,5.));
#5541 = DIRECTION('',(0.,0.,1.));
#5542 = DIRECTION('',(1.,0.,0.));
#5543 = ADVANCED_FACE('',(#5544),#5555,.F.);
#5544 = FACE_BOUND('',#5545,.F.);
#5545 = EDGE_LOOP('',(#5546,#5547,#5548,#5554));
#5546 = ORIENTED_EDGE('',*,*,#5531,.F.);
#5547 = ORIENTED_EDGE('',*,*,#1269,.T.);
#5548 = ORIENTED_EDGE('',*,*,#5549,.T.);
#5549 = EDGE_CURVE('',#1262,#4341,#5550,.T.);
#5550 = LINE('',#5551,#5552);
#5551 = CARTESIAN_POINT('',(19.05,30.5,3.));
#5552 = VECTOR('',#5553,1.);
#5553 = DIRECTION('',(-1.,0.,0.));
#5554 = ORIENTED_EDGE('',*,*,#4340,.T.);
#5555 = PLANE('',#5556);
#5556 = AXIS2_PLACEMENT_3D('',#5557,#5558,#5559);
#5557 = CARTESIAN_POINT('',(19.05,30.5,5.));
#5558 = DIRECTION('',(0.,1.,0.));
#5559 = DIRECTION('',(-1.,0.,0.));
#5560 = ADVANCED_FACE('',(#5561),#5572,.T.);
#5561 = FACE_BOUND('',#5562,.T.);
#5562 = EDGE_LOOP('',(#5563,#5564,#5570,#5571));
#5563 = ORIENTED_EDGE('',*,*,#4348,.T.);
#5564 = ORIENTED_EDGE('',*,*,#5565,.T.);
#5565 = EDGE_CURVE('',#4349,#1254,#5566,.T.);
#5566 = LINE('',#5567,#5568);
#5567 = CARTESIAN_POINT('',(-19.05,29.5,3.));
#5568 = VECTOR('',#5569,1.);
#5569 = DIRECTION('',(1.,0.,0.));
#5570 = ORIENTED_EDGE('',*,*,#1261,.T.);
#5571 = ORIENTED_EDGE('',*,*,#5549,.T.);
#5572 = PLANE('',#5573);
#5573 = AXIS2_PLACEMENT_3D('',#5574,#5575,#5576);
#5574 = CARTESIAN_POINT('',(1.8E-16,30.,3.));
#5575 = DIRECTION('',(0.,0.,1.));
#5576 = DIRECTION('',(1.,0.,0.));
#5577 = ADVANCED_FACE('',(#5578),#5589,.F.);
#5578 = FACE_BOUND('',#5579,.F.);
#5579 = EDGE_LOOP('',(#5580,#5586,#5587,#5588));
#5580 = ORIENTED_EDGE('',*,*,#5581,.F.);
#5581 = EDGE_CURVE('',#4357,#1246,#5582,.T.);
#5582 = LINE('',#5583,#5584);
#5583 = CARTESIAN_POINT('',(-19.05,29.5,5.));
#5584 = VECTOR('',#5585,1.);
#5585 = DIRECTION('',(1.,0.,0.));
#5586 = ORIENTED_EDGE('',*,*,#4356,.T.);
#5587 = ORIENTED_EDGE('',*,*,#5565,.T.);
#5588 = ORIENTED_EDGE('',*,*,#1253,.T.);
#5589 = PLANE('',#5590);
#5590 = AXIS2_PLACEMENT_3D('',#5591,#5592,#5593);
#5591 = CARTESIAN_POINT('',(-19.05,29.5,5.));
#5592 = DIRECTION('',(0.,-1.,0.));
#5593 = DIRECTION('',(1.,0.,0.));
#5594 = ADVANCED_FACE('',(#5595),#5606,.T.);
#5595 = FACE_BOUND('',#5596,.T.);
#5596 = EDGE_LOOP('',(#5597,#5598,#5604,#5605));
#5597 = ORIENTED_EDGE('',*,*,#4364,.F.);
#5598 = ORIENTED_EDGE('',*,*,#5599,.F.);
#5599 = EDGE_CURVE('',#1238,#4365,#5600,.T.);
#5600 = LINE('',#5601,#5602);
#5601 = CARTESIAN_POINT('',(19.05,25.5,5.));
#5602 = VECTOR('',#5603,1.);
#5603 = DIRECTION('',(-1.,0.,0.));
#5604 = ORIENTED_EDGE('',*,*,#1245,.T.);
#5605 = ORIENTED_EDGE('',*,*,#5581,.F.);
#5606 = PLANE('',#5607);
#5607 = AXIS2_PLACEMENT_3D('',#5608,#5609,#5610);
#5608 = CARTESIAN_POINT('',(2.2E-16,44.820089316694,5.));
#5609 = DIRECTION('',(0.,0.,1.));
#5610 = DIRECTION('',(1.,0.,0.));
#5611 = ADVANCED_FACE('',(#5612),#5623,.F.);
#5612 = FACE_BOUND('',#5613,.F.);
#5613 = EDGE_LOOP('',(#5614,#5615,#5616,#5622));
#5614 = ORIENTED_EDGE('',*,*,#5599,.F.);
#5615 = ORIENTED_EDGE('',*,*,#1237,.T.);
#5616 = ORIENTED_EDGE('',*,*,#5617,.T.);
#5617 = EDGE_CURVE('',#1230,#4373,#5618,.T.);
#5618 = LINE('',#5619,#5620);
#5619 = CARTESIAN_POINT('',(19.05,25.5,3.));
#5620 = VECTOR('',#5621,1.);
#5621 = DIRECTION('',(-1.,0.,0.));
#5622 = ORIENTED_EDGE('',*,*,#4372,.T.);
#5623 = PLANE('',#5624);
#5624 = AXIS2_PLACEMENT_3D('',#5625,#5626,#5627);
#5625 = CARTESIAN_POINT('',(19.05,25.5,5.));
#5626 = DIRECTION('',(0.,1.,0.));
#5627 = DIRECTION('',(-1.,0.,0.));
#5628 = ADVANCED_FACE('',(#5629),#5640,.T.);
#5629 = FACE_BOUND('',#5630,.T.);
#5630 = EDGE_LOOP('',(#5631,#5632,#5638,#5639));
#5631 = ORIENTED_EDGE('',*,*,#4380,.T.);
#5632 = ORIENTED_EDGE('',*,*,#5633,.T.);
#5633 = EDGE_CURVE('',#4381,#1222,#5634,.T.);
#5634 = LINE('',#5635,#5636);
#5635 = CARTESIAN_POINT('',(-19.05,24.5,3.));
#5636 = VECTOR('',#5637,1.);
#5637 = DIRECTION('',(1.,0.,0.));
#5638 = ORIENTED_EDGE('',*,*,#1229,.T.);
#5639 = ORIENTED_EDGE('',*,*,#5617,.T.);
#5640 = PLANE('',#5641);
#5641 = AXIS2_PLACEMENT_3D('',#5642,#5643,#5644);
#5642 = CARTESIAN_POINT('',(1.8E-16,25.,3.));
#5643 = DIRECTION('',(0.,0.,1.));
#5644 = DIRECTION('',(1.,0.,0.));
#5645 = ADVANCED_FACE('',(#5646),#5657,.F.);
#5646 = FACE_BOUND('',#5647,.F.);
#5647 = EDGE_LOOP('',(#5648,#5654,#5655,#5656));
#5648 = ORIENTED_EDGE('',*,*,#5649,.F.);
#5649 = EDGE_CURVE('',#4389,#1214,#5650,.T.);
#5650 = LINE('',#5651,#5652);
#5651 = CARTESIAN_POINT('',(-19.05,24.5,5.));
#5652 = VECTOR('',#5653,1.);
#5653 = DIRECTION('',(1.,0.,0.));
#5654 = ORIENTED_EDGE('',*,*,#4388,.T.);
#5655 = ORIENTED_EDGE('',*,*,#5633,.T.);
#5656 = ORIENTED_EDGE('',*,*,#1221,.T.);
#5657 = PLANE('',#5658);
#5658 = AXIS2_PLACEMENT_3D('',#5659,#5660,#5661);
#5659 = CARTESIAN_POINT('',(-19.05,24.5,5.));
#5660 = DIRECTION('',(0.,-1.,0.));
#5661 = DIRECTION('',(1.,0.,0.));
#5662 = ADVANCED_FACE('',(#5663),#5674,.T.);
#5663 = FACE_BOUND('',#5664,.T.);
#5664 = EDGE_LOOP('',(#5665,#5666,#5672,#5673));
#5665 = ORIENTED_EDGE('',*,*,#4396,.F.);
#5666 = ORIENTED_EDGE('',*,*,#5667,.F.);
#5667 = EDGE_CURVE('',#1206,#4397,#5668,.T.);
#5668 = LINE('',#5669,#5670);
#5669 = CARTESIAN_POINT('',(19.05,20.5,5.));
#5670 = VECTOR('',#5671,1.);
#5671 = DIRECTION('',(-1.,0.,0.));
#5672 = ORIENTED_EDGE('',*,*,#1213,.T.);
#5673 = ORIENTED_EDGE('',*,*,#5649,.F.);
#5674 = PLANE('',#5675);
#5675 = AXIS2_PLACEMENT_3D('',#5676,#5677,#5678);
#5676 = CARTESIAN_POINT('',(2.2E-16,44.820089316694,5.));
#5677 = DIRECTION('',(0.,0.,1.));
#5678 = DIRECTION('',(1.,0.,0.));
#5679 = ADVANCED_FACE('',(#5680),#5691,.F.);
#5680 = FACE_BOUND('',#5681,.F.);
#5681 = EDGE_LOOP('',(#5682,#5683,#5684,#5690));
#5682 = ORIENTED_EDGE('',*,*,#5667,.F.);
#5683 = ORIENTED_EDGE('',*,*,#1205,.T.);
#5684 = ORIENTED_EDGE('',*,*,#5685,.T.);
#5685 = EDGE_CURVE('',#1198,#4405,#5686,.T.);
#5686 = LINE('',#5687,#5688);
#5687 = CARTESIAN_POINT('',(19.05,20.5,3.));
#5688 = VECTOR('',#5689,1.);
#5689 = DIRECTION('',(-1.,0.,0.));
#5690 = ORIENTED_EDGE('',*,*,#4404,.T.);
#5691 = PLANE('',#5692);
#5692 = AXIS2_PLACEMENT_3D('',#5693,#5694,#5695);
#5693 = CARTESIAN_POINT('',(19.05,20.5,5.));
#5694 = DIRECTION('',(0.,1.,0.));
#5695 = DIRECTION('',(-1.,0.,0.));
#5696 = ADVANCED_FACE('',(#5697),#5708,.T.);
#5697 = FACE_BOUND('',#5698,.T.);
#5698 = EDGE_LOOP('',(#5699,#5700,#5706,#5707));
#5699 = ORIENTED_EDGE('',*,*,#4412,.T.);
#5700 = ORIENTED_EDGE('',*,*,#5701,.T.);
#5701 = EDGE_CURVE('',#4413,#1190,#5702,.T.);
#5702 = LINE('',#5703,#5704);
#5703 = CARTESIAN_POINT('',(-19.05,19.5,3.));
#5704 = VECTOR('',#5705,1.);
#5705 = DIRECTION('',(1.,0.,0.));
#5706 = ORIENTED_EDGE('',*,*,#1197,.T.);
#5707 = ORIENTED_EDGE('',*,*,#5685,.T.);
#5708 = PLANE('',#5709);
#5709 = AXIS2_PLACEMENT_3D('',#5710,#5711,#5712);
#5710 = CARTESIAN_POINT('',(1.8E-16,20.,3.));
#5711 = DIRECTION('',(0.,0.,1.));
#5712 = DIRECTION('',(1.,0.,0.));
#5713 = ADVANCED_FACE('',(#5714),#5725,.F.);
#5714 = FACE_BOUND('',#5715,.F.);
#5715 = EDGE_LOOP('',(#5716,#5722,#5723,#5724));
#5716 = ORIENTED_EDGE('',*,*,#5717,.F.);
#5717 = EDGE_CURVE('',#4421,#1182,#5718,.T.);
#5718 = LINE('',#5719,#5720);
#5719 = CARTESIAN_POINT('',(-19.05,19.5,5.));
#5720 = VECTOR('',#5721,1.);
#5721 = DIRECTION('',(1.,0.,0.));
#5722 = ORIENTED_EDGE('',*,*,#4420,.T.);
#5723 = ORIENTED_EDGE('',*,*,#5701,.T.);
#5724 = ORIENTED_EDGE('',*,*,#1189,.T.);
#5725 = PLANE('',#5726);
#5726 = AXIS2_PLACEMENT_3D('',#5727,#5728,#5729);
#5727 = CARTESIAN_POINT('',(-19.05,19.5,5.));
#5728 = DIRECTION('',(0.,-1.,0.));
#5729 = DIRECTION('',(1.,0.,0.));
#5730 = ADVANCED_FACE('',(#5731),#5742,.T.);
#5731 = FACE_BOUND('',#5732,.T.);
#5732 = EDGE_LOOP('',(#5733,#5734,#5740,#5741));
#5733 = ORIENTED_EDGE('',*,*,#4428,.F.);
#5734 = ORIENTED_EDGE('',*,*,#5735,.F.);
#5735 = EDGE_CURVE('',#1174,#4429,#5736,.T.);
#5736 = LINE('',#5737,#5738);
#5737 = CARTESIAN_POINT('',(19.05,15.5,5.));
#5738 = VECTOR('',#5739,1.);
#5739 = DIRECTION('',(-1.,0.,0.));
#5740 = ORIENTED_EDGE('',*,*,#1181,.T.);
#5741 = ORIENTED_EDGE('',*,*,#5717,.F.);
#5742 = PLANE('',#5743);
#5743 = AXIS2_PLACEMENT_3D('',#5744,#5745,#5746);
#5744 = CARTESIAN_POINT('',(2.2E-16,44.820089316694,5.));
#5745 = DIRECTION('',(0.,0.,1.));
#5746 = DIRECTION('',(1.,0.,0.));
#5747 = ADVANCED_FACE('',(#5748),#5759,.F.);
#5748 = FACE_BOUND('',#5749,.F.);
#5749 = EDGE_LOOP('',(#5750,#5751,#5752,#5758));
#5750 = ORIENTED_EDGE('',*,*,#5735,.F.);
#5751 = ORIENTED_EDGE('',*,*,#1173,.T.);
#5752 = ORIENTED_EDGE('',*,*,#5753,.T.);
#5753 = EDGE_CURVE('',#1166,#4437,#5754,.T.);
#5754 = LINE('',#5755,#5756);
#5755 = CARTESIAN_POINT('',(19.05,15.5,3.));
#5756 = VECTOR('',#5757,1.);
#5757 = DIRECTION('',(-1.,0.,0.));
#5758 = ORIENTED_EDGE('',*,*,#4436,.T.);
#5759 = PLANE('',#5760);
#5760 = AXIS2_PLACEMENT_3D('',#5761,#5762,#5763);
#5761 = CARTESIAN_POINT('',(19.05,15.5,5.));
#5762 = DIRECTION('',(0.,1.,0.));
#5763 = DIRECTION('',(-1.,0.,0.));
#5764 = ADVANCED_FACE('',(#5765),#5776,.T.);
#5765 = FACE_BOUND('',#5766,.T.);
#5766 = EDGE_LOOP('',(#5767,#5768,#5774,#5775));
#5767 = ORIENTED_EDGE('',*,*,#4444,.T.);
#5768 = ORIENTED_EDGE('',*,*,#5769,.T.);
#5769 = EDGE_CURVE('',#4445,#1158,#5770,.T.);
#5770 = LINE('',#5771,#5772);
#5771 = CARTESIAN_POINT('',(-19.05,14.5,3.));
#5772 = VECTOR('',#5773,1.);
#5773 = DIRECTION('',(1.,0.,0.));
#5774 = ORIENTED_EDGE('',*,*,#1165,.T.);
#5775 = ORIENTED_EDGE('',*,*,#5753,.T.);
#5776 = PLANE('',#5777);
#5777 = AXIS2_PLACEMENT_3D('',#5778,#5779,#5780);
#5778 = CARTESIAN_POINT('',(1.8E-16,15.,3.));
#5779 = DIRECTION('',(0.,0.,1.));
#5780 = DIRECTION('',(1.,0.,0.));
#5781 = ADVANCED_FACE('',(#5782),#5793,.F.);
#5782 = FACE_BOUND('',#5783,.F.);
#5783 = EDGE_LOOP('',(#5784,#5790,#5791,#5792));
#5784 = ORIENTED_EDGE('',*,*,#5785,.F.);
#5785 = EDGE_CURVE('',#4453,#1150,#5786,.T.);
#5786 = LINE('',#5787,#5788);
#5787 = CARTESIAN_POINT('',(-19.05,14.5,5.));
#5788 = VECTOR('',#5789,1.);
#5789 = DIRECTION('',(1.,0.,0.));
#5790 = ORIENTED_EDGE('',*,*,#4452,.T.);
#5791 = ORIENTED_EDGE('',*,*,#5769,.T.);
#5792 = ORIENTED_EDGE('',*,*,#1157,.T.);
#5793 = PLANE('',#5794);
#5794 = AXIS2_PLACEMENT_3D('',#5795,#5796,#5797);
#5795 = CARTESIAN_POINT('',(-19.05,14.5,5.));
#5796 = DIRECTION('',(0.,-1.,0.));
#5797 = DIRECTION('',(1.,0.,0.));
#5798 = ADVANCED_FACE('',(#5799),#5810,.T.);
#5799 = FACE_BOUND('',#5800,.T.);
#5800 = EDGE_LOOP('',(#5801,#5802,#5808,#5809));
#5801 = ORIENTED_EDGE('',*,*,#4460,.F.);
#5802 = ORIENTED_EDGE('',*,*,#5803,.F.);
#5803 = EDGE_CURVE('',#1142,#4461,#5804,.T.);
#5804 = LINE('',#5805,#5806);
#5805 = CARTESIAN_POINT('',(19.05,10.5,5.));
#5806 = VECTOR('',#5807,1.);
#5807 = DIRECTION('',(-1.,0.,0.));
#5808 = ORIENTED_EDGE('',*,*,#1149,.T.);
#5809 = ORIENTED_EDGE('',*,*,#5785,.F.);
#5810 = PLANE('',#5811);
#5811 = AXIS2_PLACEMENT_3D('',#5812,#5813,#5814);
#5812 = CARTESIAN_POINT('',(2.2E-16,44.820089316694,5.));
#5813 = DIRECTION('',(0.,0.,1.));
#5814 = DIRECTION('',(1.,0.,0.));
#5815 = ADVANCED_FACE('',(#5816),#5827,.F.);
#5816 = FACE_BOUND('',#5817,.F.);
#5817 = EDGE_LOOP('',(#5818,#5819,#5820,#5826));
#5818 = ORIENTED_EDGE('',*,*,#5803,.F.);
#5819 = ORIENTED_EDGE('',*,*,#1141,.T.);
#5820 = ORIENTED_EDGE('',*,*,#5821,.T.);
#5821 = EDGE_CURVE('',#1134,#4469,#5822,.T.);
#5822 = LINE('',#5823,#5824);
#5823 = CARTESIAN_POINT('',(19.05,10.5,3.));
#5824 = VECTOR('',#5825,1.);
#5825 = DIRECTION('',(-1.,0.,0.));
#5826 = ORIENTED_EDGE('',*,*,#4468,.T.);
#5827 = PLANE('',#5828);
#5828 = AXIS2_PLACEMENT_3D('',#5829,#5830,#5831);
#5829 = CARTESIAN_POINT('',(19.05,10.5,5.));
#5830 = DIRECTION('',(0.,1.,0.));
#5831 = DIRECTION('',(-1.,0.,0.));
#5832 = ADVANCED_FACE('',(#5833),#5844,.T.);
#5833 = FACE_BOUND('',#5834,.T.);
#5834 = EDGE_LOOP('',(#5835,#5836,#5842,#5843));
#5835 = ORIENTED_EDGE('',*,*,#4476,.T.);
#5836 = ORIENTED_EDGE('',*,*,#5837,.T.);
#5837 = EDGE_CURVE('',#4477,#1126,#5838,.T.);
#5838 = LINE('',#5839,#5840);
#5839 = CARTESIAN_POINT('',(-19.05,9.5,3.));
#5840 = VECTOR('',#5841,1.);
#5841 = DIRECTION('',(1.,0.,0.));
#5842 = ORIENTED_EDGE('',*,*,#1133,.T.);
#5843 = ORIENTED_EDGE('',*,*,#5821,.T.);
#5844 = PLANE('',#5845);
#5845 = AXIS2_PLACEMENT_3D('',#5846,#5847,#5848);
#5846 = CARTESIAN_POINT('',(1.8E-16,10.,3.));
#5847 = DIRECTION('',(0.,0.,1.));
#5848 = DIRECTION('',(1.,0.,0.));
#5849 = ADVANCED_FACE('',(#5850),#5861,.F.);
#5850 = FACE_BOUND('',#5851,.F.);
#5851 = EDGE_LOOP('',(#5852,#5858,#5859,#5860));
#5852 = ORIENTED_EDGE('',*,*,#5853,.F.);
#5853 = EDGE_CURVE('',#4485,#1118,#5854,.T.);
#5854 = LINE('',#5855,#5856);
#5855 = CARTESIAN_POINT('',(-19.05,9.5,5.));
#5856 = VECTOR('',#5857,1.);
#5857 = DIRECTION('',(1.,0.,0.));
#5858 = ORIENTED_EDGE('',*,*,#4484,.T.);
#5859 = ORIENTED_EDGE('',*,*,#5837,.T.);
#5860 = ORIENTED_EDGE('',*,*,#1125,.T.);
#5861 = PLANE('',#5862);
#5862 = AXIS2_PLACEMENT_3D('',#5863,#5864,#5865);
#5863 = CARTESIAN_POINT('',(-19.05,9.5,5.));
#5864 = DIRECTION('',(0.,-1.,0.));
#5865 = DIRECTION('',(1.,0.,0.));
#5866 = ADVANCED_FACE('',(#5867),#5878,.T.);
#5867 = FACE_BOUND('',#5868,.T.);
#5868 = EDGE_LOOP('',(#5869,#5870,#5876,#5877));
#5869 = ORIENTED_EDGE('',*,*,#4492,.F.);
#5870 = ORIENTED_EDGE('',*,*,#5871,.F.);
#5871 = EDGE_CURVE('',#1110,#4493,#5872,.T.);
#5872 = LINE('',#5873,#5874);
#5873 = CARTESIAN_POINT('',(19.05,5.5,5.));
#5874 = VECTOR('',#5875,1.);
#5875 = DIRECTION('',(-1.,0.,0.));
#5876 = ORIENTED_EDGE('',*,*,#1117,.T.);
#5877 = ORIENTED_EDGE('',*,*,#5853,.F.);
#5878 = PLANE('',#5879);
#5879 = AXIS2_PLACEMENT_3D('',#5880,#5881,#5882);
#5880 = CARTESIAN_POINT('',(2.2E-16,44.820089316694,5.));
#5881 = DIRECTION('',(0.,0.,1.));
#5882 = DIRECTION('',(1.,0.,0.));
#5883 = ADVANCED_FACE('',(#5884),#5895,.F.);
#5884 = FACE_BOUND('',#5885,.F.);
#5885 = EDGE_LOOP('',(#5886,#5887,#5888,#5894));
#5886 = ORIENTED_EDGE('',*,*,#5871,.F.);
#5887 = ORIENTED_EDGE('',*,*,#1109,.T.);
#5888 = ORIENTED_EDGE('',*,*,#5889,.T.);
#5889 = EDGE_CURVE('',#1102,#4501,#5890,.T.);
#5890 = LINE('',#5891,#5892);
#5891 = CARTESIAN_POINT('',(19.05,5.5,3.));
#5892 = VECTOR('',#5893,1.);
#5893 = DIRECTION('',(-1.,0.,0.));
#5894 = ORIENTED_EDGE('',*,*,#4500,.T.);
#5895 = PLANE('',#5896);
#5896 = AXIS2_PLACEMENT_3D('',#5897,#5898,#5899);
#5897 = CARTESIAN_POINT('',(19.05,5.5,5.));
#5898 = DIRECTION('',(0.,1.,0.));
#5899 = DIRECTION('',(-1.,0.,0.));
#5900 = ADVANCED_FACE('',(#5901),#5912,.T.);
#5901 = FACE_BOUND('',#5902,.T.);
#5902 = EDGE_LOOP('',(#5903,#5904,#5910,#5911));
#5903 = ORIENTED_EDGE('',*,*,#4508,.T.);
#5904 = ORIENTED_EDGE('',*,*,#5905,.T.);
#5905 = EDGE_CURVE('',#4509,#1094,#5906,.T.);
#5906 = LINE('',#5907,#5908);
#5907 = CARTESIAN_POINT('',(-19.05,4.5,3.));
#5908 = VECTOR('',#5909,1.);
#5909 = DIRECTION('',(1.,0.,0.));
#5910 = ORIENTED_EDGE('',*,*,#1101,.T.);
#5911 = ORIENTED_EDGE('',*,*,#5889,.T.);
#5912 = PLANE('',#5913);
#5913 = AXIS2_PLACEMENT_3D('',#5914,#5915,#5916);
#5914 = CARTESIAN_POINT('',(1.8E-16,5.,3.));
#5915 = DIRECTION('',(0.,0.,1.));
#5916 = DIRECTION('',(1.,0.,0.));
#5917 = ADVANCED_FACE('',(#5918),#5929,.F.);
#5918 = FACE_BOUND('',#5919,.F.);
#5919 = EDGE_LOOP('',(#5920,#5926,#5927,#5928));
#5920 = ORIENTED_EDGE('',*,*,#5921,.F.);
#5921 = EDGE_CURVE('',#4517,#1086,#5922,.T.);
#5922 = LINE('',#5923,#5924);
#5923 = CARTESIAN_POINT('',(-19.05,4.5,5.));
#5924 = VECTOR('',#5925,1.);
#5925 = DIRECTION('',(1.,0.,0.));
#5926 = ORIENTED_EDGE('',*,*,#4516,.T.);
#5927 = ORIENTED_EDGE('',*,*,#5905,.T.);
#5928 = ORIENTED_EDGE('',*,*,#1093,.T.);
#5929 = PLANE('',#5930);
#5930 = AXIS2_PLACEMENT_3D('',#5931,#5932,#5933);
#5931 = CARTESIAN_POINT('',(-19.05,4.5,5.));
#5932 = DIRECTION('',(0.,-1.,0.));
#5933 = DIRECTION('',(1.,0.,0.));
#5934 = ADVANCED_FACE('',(#5935),#5946,.T.);
#5935 = FACE_BOUND('',#5936,.T.);
#5936 = EDGE_LOOP('',(#5937,#5938,#5944,#5945));
#5937 = ORIENTED_EDGE('',*,*,#4524,.F.);
#5938 = ORIENTED_EDGE('',*,*,#5939,.F.);
#5939 = EDGE_CURVE('',#1078,#4525,#5940,.T.);
#5940 = LINE('',#5941,#5942);
#5941 = CARTESIAN_POINT('',(19.05,0.5,5.));
#5942 = VECTOR('',#5943,1.);
#5943 = DIRECTION('',(-1.,0.,0.));
#5944 = ORIENTED_EDGE('',*,*,#1085,.T.);
#5945 = ORIENTED_EDGE('',*,*,#5921,.F.);
#5946 = PLANE('',#5947);
#5947 = AXIS2_PLACEMENT_3D('',#5948,#5949,#5950);
#5948 = CARTESIAN_POINT('',(2.2E-16,44.820089316694,5.));
#5949 = DIRECTION('',(0.,0.,1.));
#5950 = DIRECTION('',(1.,0.,0.));
#5951 = ADVANCED_FACE('',(#5952),#5958,.F.);
#5952 = FACE_BOUND('',#5953,.F.);
#5953 = EDGE_LOOP('',(#5954,#5955,#5956,#5957));
#5954 = ORIENTED_EDGE('',*,*,#5939,.F.);
#5955 = ORIENTED_EDGE('',*,*,#1077,.T.);
#5956 = ORIENTED_EDGE('',*,*,#4587,.T.);
#5957 = ORIENTED_EDGE('',*,*,#4532,.T.);
#5958 = PLANE('',#5959);
#5959 = AXIS2_PLACEMENT_3D('',#5960,#5961,#5962);
#5960 = CARTESIAN_POINT('',(19.05,0.5,5.));
#5961 = DIRECTION('',(0.,1.,0.));
#5962 = DIRECTION('',(-1.,0.,0.));
#5963 = ( GEOMETRIC_REPRESENTATION_CONTEXT(3) 
GLOBAL_UNCERTAINTY_ASSIGNED_CONTEXT((#5967)) 
GLOBAL_UNIT_ASSIGNED_CONTEXT((#5964,#5965,#5966)) REPRESENTATION_CONTEXT
('Context #1','3D Context with UNIT and UNCERTAINTY') );
#5964 = ( LENGTH_UNIT() NAMED_UNIT(*) SI_UNIT(.MILLI.,.METRE.) );
#5965 = ( NAMED_UNIT(*) PLANE_ANGLE_UNIT() SI_UNIT($,.RADIAN.) );
#5966 = ( NAMED_UNIT(*) SI_UNIT($,.STERADIAN.) SOLID_ANGLE_UNIT() );
#5967 = UNCERTAINTY_MEASURE_WITH_UNIT(LENGTH_MEASURE(5.E-05),#5964,
  'distance_accuracy_value','confusion accuracy');
#5968 = PRODUCT_RELATED_PRODUCT_CATEGORY('part',$,(#7));
#5969 = MECHANICAL_DESIGN_GEOMETRIC_PRESENTATION_REPRESENTATION('',(
    #5970),#5963);
#5970 = STYLED_ITEM('color',(#5971),#15);
#5971 = PRESENTATION_STYLE_ASSIGNMENT((#5972,#5978));
#5972 = SURFACE_STYLE_USAGE(.BOTH.,#5973);
#5973 = SURFACE_SIDE_STYLE('',(#5974));
#5974 = SURFACE_STYLE_FILL_AREA(#5975);
#5975 = FILL_AREA_STYLE('',(#5976));
#5976 = FILL_AREA_STYLE_COLOUR('',#5977);
#5977 = COLOUR_RGB('',0.800000010877,0.800000010877,0.901960800373);
#5978 = CURVE_STYLE('',#5979,POSITIVE_LENGTH_MEASURE(0.1),#5980);
#5979 = DRAUGHTING_PRE_DEFINED_CURVE_FONT('continuous');
#5980 = COLOUR_RGB('',9.803921802644E-02,9.803921802644E-02,
  9.803921802644E-02);
ENDSEC;
END-ISO-10303-21;
